Entry ID,Magic EXP,Chara. 0 ID,[Chara. 0 Name],Chara. 0 X,Chara. 0 Z,Chara. 1 ID,[Chara. 1 Name],Chara. 1 X,Chara. 1 Z,Chara. 2 ID,[Chara. 2 Name],Chara. 2 X,Chara. 2 Z,Chara. 3 ID,[Chara. 3 Name],Chara. 3 X,Chara. 3 Z,Enemy 0 ID,[JP Enemy 0 Name],Enemy 0 X,Enemy 0 Z,Enemy 1 ID,[JP Enemy 1 Name],Enemy 1 X,Enemy 1 Z,Enemy 2 ID,[JP Enemy 2 Name],Enemy 2 X,Enemy 2 Z,Enemy 3 ID,[JP Enemy 3 Name],Enemy 3 X,Enemy 3 Z,Enemy 4 ID,[JP Enemy 4 Name],Enemy 4 X,Enemy 4 Z,Enemy 5 ID,[JP Enemy 5 Name],Enemy 5 X,Enemy 5 Z,Enemy 6 ID,[JP Enemy 6 Name],Enemy 6 X,Enemy 6 Z,Initiative,Defeat Cond. ID,[Defeat Cond. Name],Escape Cond. ID,[Escape Cond. Name],BGM ID
0,2,0,Vyse,4,6,1,Aika,6,6,-1,None,-1,-1,-1,None,-1,-1,0,軍艦兵,4,2,0,軍艦兵,6,2,255,None,-1,-1,255,None,-1,-1,255,None,-1,-1,255,None,-1,-1,255,None,-1,-1,14,0,Must not lose,1,Cannot escape,58
1,1,0,Vyse,4,8,1,Aika,6,8,-1,None,-1,-1,-1,None,-1,-1,1,航行士,4,2,1,航行士,6,2,1,航行士,2,3,1,航行士,8,3,255,None,-1,-1,255,None,-1,-1,255,None,-1,-1,14,0,Must not lose,1,Cannot escape,58
2,2,0,Vyse,4,8,1,Aika,6,8,-1,None,-1,-1,-1,None,-1,-1,128,アントニオ,4,2,255,None,-1,-1,255,None,-1,-1,255,None,-1,-1,255,None,-1,-1,255,None,-1,-1,255,None,-1,-1,18,1,May try again,1,Cannot escape,60
3,2,0,Vyse,4,8,1,Aika,6,8,-1,None,-1,-1,-1,None,-1,-1,129,アガタウマス,4,2,255,None,-1,-1,255,None,-1,-1,255,None,-1,-1,255,None,-1,-1,255,None,-1,-1,255,None,-1,-1,34,1,May try again,1,Cannot escape,60
4,2,0,Vyse,5,8,1,Aika,7,9,3,Drachma,3,9,-1,None,-1,-1,130,イマゴタリア,4,2,255,None,-1,-1,255,None,-1,-1,255,None,-1,-1,255,None,-1,-1,255,None,-1,-1,255,None,-1,-1,48,1,May try again,1,Cannot escape,60
5,2,0,Vyse,5,8,1,Aika,7,9,3,Drachma,3,9,-1,None,-1,-1,131,獄長,4,2,7,Ж術処刑士,2,3,7,Ж術処刑士,8,3,255,None,-1,-1,255,None,-1,-1,255,None,-1,-1,255,None,-1,-1,50,1,May try again,1,Cannot escape,60
6,0,0,Vyse,5,8,1,Aika,6,8,-1,None,-1,-1,-1,None,-1,-1,132,ガルシアン,5,3,255,None,-1,-1,255,None,-1,-1,255,None,-1,-1,255,None,-1,-1,255,None,-1,-1,255,None,-1,-1,52,0,Must not lose,1,Cannot escape,61
7,1,0,Vyse,5,8,1,Aika,6,8,-1,None,-1,-1,-1,None,-1,-1,72,警備士,5,3,72,警備士,6,3,255,None,-1,-1,255,None,-1,-1,255,None,-1,-1,255,None,-1,-1,255,None,-1,-1,52,0,Must not lose,0,Can escape,58
8,1,0,Vyse,5,8,1,Aika,6,8,-1,None,-1,-1,-1,None,-1,-1,72,警備士,5,3,72,警備士,6,3,255,None,-1,-1,255,None,-1,-1,255,None,-1,-1,255,None,-1,-1,255,None,-1,-1,52,0,Must not lose,0,Can escape,58
9,2,0,Vyse,4,8,1,Aika,5,9,-1,None,-1,-1,-1,None,-1,-1,133,護送将兵,4,3,133,護送将兵,5,4,255,None,-1,-1,255,None,-1,-1,255,None,-1,-1,255,None,-1,-1,255,None,-1,-1,54,1,May try again,1,Cannot escape,60
10,4,0,Vyse,5,8,1,Aika,7,9,2,Fina,3,9,-1,None,-1,-1,134,ラァス,4,3,255,None,-1,-1,255,None,-1,-1,255,None,-1,-1,255,None,-1,-1,255,None,-1,-1,255,None,-1,-1,68,1,May try again,1,Cannot escape,60
11,0,0,Vyse,4,8,1,Aika,6,8,2,Fina,2,9,3,Drachma,8,9,17,ツィツィ,2,4,17,ツィツィ,3,2,17,ツィツィ,4,3,17,ツィツィ,5,4,17,ツィツィ,6,2,17,ツィツィ,7,5,17,ツィツィ,8,3,0,0,Must not lose,0,Can escape,58
12,2,0,Vyse,4,8,1,Aika,6,8,2,Fina,2,9,3,Drachma,8,9,73,採掘士,4,2,73,採掘士,6,2,73,採掘士,2,1,73,採掘士,8,1,255,None,-1,-1,255,None,-1,-1,255,None,-1,-1,82,0,Must not lose,1,Cannot escape,58
13,4,0,Vyse,4,8,1,Aika,6,8,2,Fina,2,9,3,Drachma,8,9,136,アントニオＪｒ,4,2,255,None,-1,-1,255,None,-1,-1,255,None,-1,-1,255,None,-1,-1,255,None,-1,-1,255,None,-1,-1,84,1,May try again,1,Cannot escape,60
14,4,0,Vyse,4,8,1,Aika,6,8,2,Fina,2,9,3,Drachma,8,9,137,ディアトリマ,4,2,255,None,-1,-1,255,None,-1,-1,255,None,-1,-1,255,None,-1,-1,255,None,-1,-1,255,None,-1,-1,92,1,May try again,1,Cannot escape,60
15,2,0,Vyse,4,8,1,Aika,6,8,2,Fina,2,9,3,Drachma,8,9,155,ドブラ,5,1,156,ウォン三兄弟,5,3,156,ウォン三兄弟,3,1,156,ウォン三兄弟,7,1,255,None,-1,-1,255,None,-1,-1,255,None,-1,-1,94,1,May try again,1,Cannot escape,60
16,2,0,Vyse,4,6,1,Aika,6,6,2,Fina,3,7,3,Drachma,7,7,32,調査兵,4,3,32,調査兵,6,3,32,調査兵,3,4,32,調査兵,7,4,255,None,-1,-1,255,None,-1,-1,255,None,-1,-1,98,1,May try again,1,Cannot escape,58
17,4,0,Vyse,6,4,1,Aika,4,4,2,Fina,4,6,5,Gilder,6,6,138,シニストラ,1,1,139,デクストラ,7,7,255,None,-1,-1,255,None,-1,-1,255,None,-1,-1,255,None,-1,-1,255,None,-1,-1,104,1,May try again,1,Cannot escape,60
18,0,0,Vyse,4,8,1,Aika,6,8,2,Fina,2,9,5,Gilder,8,9,140,ラミレス,5,2,255,None,-1,-1,255,None,-1,-1,255,None,-1,-1,255,None,-1,-1,255,None,-1,-1,255,None,-1,-1,106,2,May lose,1,Cannot escape,61
19,4,0,Vyse,4,8,1,Aika,5,5,5,Gilder,6,8,-1,None,-1,-1,141,ビゴロ,5,3,255,None,-1,-1,255,None,-1,-1,255,None,-1,-1,255,None,-1,-1,255,None,-1,-1,255,None,-1,-1,108,1,May try again,1,Cannot escape,61
20,4,0,Vyse,4,8,1,Aika,6,8,2,Fina,2,9,5,Gilder,8,9,142,ブラキロフス,4,1,255,None,-1,-1,255,None,-1,-1,255,None,-1,-1,255,None,-1,-1,255,None,-1,-1,255,None,-1,-1,112,1,May try again,1,Cannot escape,60
21,3,0,Vyse,4,8,1,Aika,6,8,2,Fina,2,9,4,Enrique,8,9,145,ジャオ,4,3,146,マオ,6,3,255,None,-1,-1,255,None,-1,-1,255,None,-1,-1,255,None,-1,-1,255,None,-1,-1,128,1,May try again,1,Cannot escape,60
22,6,0,Vyse,4,7,1,Aika,6,7,2,Fina,2,8,4,Enrique,8,8,144,ディーゴ,4,3,255,None,-1,-1,255,None,-1,-1,255,None,-1,-1,255,None,-1,-1,255,None,-1,-1,255,None,-1,-1,132,1,May try again,1,Cannot escape,60
23,6,0,Vyse,4,8,1,Aika,6,8,2,Fina,2,9,4,Enrique,8,9,147,ムラジ,5,1,60,モノノフ,5,3,60,モノノフ,4,3,60,モノノフ,6,3,255,None,-1,-1,255,None,-1,-1,255,None,-1,-1,134,1,May try again,1,Cannot escape,60
24,6,0,Vyse,4,8,1,Aika,6,8,2,Fina,2,9,4,Enrique,8,9,148,ニルヴィナス,4,2,255,None,-1,-1,255,None,-1,-1,255,None,-1,-1,255,None,-1,-1,255,None,-1,-1,255,None,-1,-1,144,1,May try again,1,Cannot escape,60
25,0,0,Vyse,4,8,1,Aika,6,8,2,Fina,2,9,4,Enrique,8,9,150,ホルシ−ド,4,2,255,None,-1,-1,255,None,-1,-1,255,None,-1,-1,255,None,-1,-1,255,None,-1,-1,255,None,-1,-1,0,0,Must not lose,0,Can escape,60
26,0,0,Vyse,5,7,1,Aika,3,7,2,Fina,7,7,-1,None,-1,-1,152,ラミレス,5,3,100,アサシン,3,3,100,アサシン,7,3,255,None,-1,-1,255,None,-1,-1,255,None,-1,-1,255,None,-1,-1,158,2,May lose,1,Cannot escape,61
27,8,0,Vyse,4,7,1,Aika,5,7,2,Fina,3,8,5,Gilder,6,8,149,ビゴロ,5,4,255,None,-1,-1,255,None,-1,-1,255,None,-1,-1,255,None,-1,-1,255,None,-1,-1,255,None,-1,-1,160,1,May try again,1,Cannot escape,61
28,8,0,Vyse,4,7,1,Aika,6,7,2,Fina,7,9,5,Gilder,6,8,154,ラプラタヌス,4,3,255,None,-1,-1,255,None,-1,-1,255,None,-1,-1,255,None,-1,-1,255,None,-1,-1,255,None,-1,-1,160,1,May try again,1,Cannot escape,60
29,8,0,Vyse,4,8,1,Aika,6,8,2,Fina,2,9,3,Drachma,8,9,151,ガルシアン,5,2,255,None,-1,-1,255,None,-1,-1,255,None,-1,-1,255,None,-1,-1,255,None,-1,-1,255,None,-1,-1,0,0,Must not lose,0,Can escape,61
30,10,0,Vyse,4,8,1,Aika,6,8,2,Fina,3,7,3,Drachma,7,7,153,ラミレス,5,2,255,None,-1,-1,255,None,-1,-1,255,None,-1,-1,255,None,-1,-1,255,None,-1,-1,255,None,-1,-1,168,1,May try again,1,Cannot escape,61
31,0,0,Vyse,4,8,1,Aika,6,8,2,Fina,2,9,3,Drachma,8,9,157,ラミレス,4,2,255,None,-1,-1,255,None,-1,-1,255,None,-1,-1,255,None,-1,-1,255,None,-1,-1,255,None,-1,-1,170,1,May try again,1,Cannot escape,62
32,2,0,Vyse,5,6,1,Aika,6,7,2,Fina,4,7,-1,None,-1,-1,14,盗掘者シモン,5,3,255,None,-1,-1,255,None,-1,-1,255,None,-1,-1,255,None,-1,-1,255,None,-1,-1,255,None,-1,-1,66,1,May try again,1,Cannot escape,58
33,2,0,Vyse,5,6,1,Aika,6,7,2,Fina,4,7,-1,None,-1,-1,24,デシェレト,3,4,24,デシェレト,5,3,24,デシェレト,7,4,255,None,-1,-1,255,None,-1,-1,255,None,-1,-1,255,None,-1,-1,66,0,Must not lose,0,Can escape,58
34,4,0,Vyse,5,7,1,Aika,3,7,2,Fina,7,7,-1,None,-1,-1,100,アサシン,5,3,100,アサシン,3,3,100,アサシン,7,3,255,None,-1,-1,255,None,-1,-1,255,None,-1,-1,255,None,-1,-1,158,1,May try again,1,Cannot escape,58
35,3,0,Vyse,4,8,1,Aika,6,8,2,Fina,2,9,4,Enrique,8,9,59,ナマトヌカ,1,2,59,ナマトヌカ,7,2,255,None,-1,-1,255,None,-1,-1,255,None,-1,-1,255,None,-1,-1,255,None,-1,-1,130,0,Must not lose,1,Cannot escape,58
36,3,0,Vyse,4,8,1,Aika,6,8,2,Fina,3,9,4,Enrique,7,9,59,ナマトヌカ,2,2,59,ナマトヌカ,6,2,255,None,-1,-1,255,None,-1,-1,255,None,-1,-1,255,None,-1,-1,255,None,-1,-1,130,0,Must not lose,1,Cannot escape,58
37,1,0,Vyse,4,7,1,Aika,6,7,-1,None,-1,-1,-1,None,-1,-1,4,アーアペプ,4,1,3,マロッカ,3,4,3,マロッカ,7,4,255,None,-1,-1,255,None,-1,-1,255,None,-1,-1,255,None,-1,-1,28,0,Must not lose,0,Can escape,58
38,3,0,Vyse,4,8,1,Aika,6,8,2,Fina,2,9,4,Enrique,8,9,60,モノノフ,4,3,60,モノノフ,6,3,60,モノノフ,3,2,60,モノノフ,7,2,255,None,-1,-1,255,None,-1,-1,255,None,-1,-1,134,0,Must not lose,0,Can escape,59
39,2,0,Vyse,4,7,1,Aika,6,7,2,Fina,2,8,3,Drachma,8,8,111,盗掘者シモン,5,3,255,None,-1,-1,255,None,-1,-1,255,None,-1,-1,255,None,-1,-1,255,None,-1,-1,255,None,-1,-1,90,1,May try again,1,Cannot escape,58
40,2,0,Vyse,4,8,5,Gilder,6,8,-1,None,-1,-1,-1,None,-1,-1,112,盗掘者シモン,5,2,255,None,-1,-1,255,None,-1,-1,255,None,-1,-1,255,None,-1,-1,255,None,-1,-1,255,None,-1,-1,102,1,May try again,1,Cannot escape,58
41,2,0,Vyse,3,8,1,Aika,5,8,2,Fina,2,9,5,Gilder,6,9,113,盗掘者シモン,4,2,255,None,-1,-1,255,None,-1,-1,255,None,-1,-1,255,None,-1,-1,255,None,-1,-1,255,None,-1,-1,110,1,May try again,1,Cannot escape,58
42,3,0,Vyse,4,8,1,Aika,6,8,2,Fina,2,9,4,Enrique,8,9,114,盗掘者シモン,5,2,255,None,-1,-1,255,None,-1,-1,255,None,-1,-1,255,None,-1,-1,255,None,-1,-1,255,None,-1,-1,122,1,May try again,1,Cannot escape,59
43,3,0,Vyse,3,8,1,Aika,5,8,2,Fina,2,9,4,Enrique,6,9,115,盗掘者シモン,4,2,255,None,-1,-1,255,None,-1,-1,255,None,-1,-1,255,None,-1,-1,255,None,-1,-1,255,None,-1,-1,130,1,May try again,1,Cannot escape,58
44,3,0,Vyse,4,8,1,Aika,6,8,2,Fina,2,9,4,Enrique,8,9,116,盗掘者シモン,5,2,255,None,-1,-1,255,None,-1,-1,255,None,-1,-1,255,None,-1,-1,255,None,-1,-1,255,None,-1,-1,142,1,May try again,1,Cannot escape,58
45,5,0,Vyse,4,6,1,Aika,6,6,2,Fina,3,7,3,Drachma,7,7,117,盗掘王シモン,5,2,255,None,-1,-1,255,None,-1,-1,255,None,-1,-1,255,None,-1,-1,255,None,-1,-1,255,None,-1,-1,166,1,May try again,1,Cannot escape,58
46,5,0,Vyse,4,6,1,Aika,6,6,2,Fina,3,7,4,Enrique,7,7,117,盗掘王シモン,5,2,255,None,-1,-1,255,None,-1,-1,255,None,-1,-1,255,None,-1,-1,255,None,-1,-1,255,None,-1,-1,166,1,May try again,1,Cannot escape,58
47,5,0,Vyse,4,6,1,Aika,6,6,2,Fina,3,7,5,Gilder,7,7,117,盗掘王シモン,5,2,255,None,-1,-1,255,None,-1,-1,255,None,-1,-1,255,None,-1,-1,255,None,-1,-1,255,None,-1,-1,166,1,May try again,1,Cannot escape,58
48,8,0,Vyse,4,8,1,Aika,6,8,2,Fina,2,9,4,Enrique,8,9,151,ガルシアン,5,2,255,None,-1,-1,255,None,-1,-1,255,None,-1,-1,255,None,-1,-1,255,None,-1,-1,255,None,-1,-1,0,0,Must not lose,0,Can escape,61
49,10,0,Vyse,4,8,1,Aika,6,8,2,Fina,3,7,4,Enrique,7,7,153,ラミレス,5,2,255,None,-1,-1,255,None,-1,-1,255,None,-1,-1,255,None,-1,-1,255,None,-1,-1,255,None,-1,-1,168,1,May try again,1,Cannot escape,61
50,0,0,Vyse,4,8,1,Aika,6,8,2,Fina,2,9,4,Enrique,8,9,157,ラミレス,4,2,255,None,-1,-1,255,None,-1,-1,255,None,-1,-1,255,None,-1,-1,255,None,-1,-1,255,None,-1,-1,170,1,May try again,1,Cannot escape,62
51,8,0,Vyse,4,8,1,Aika,6,8,2,Fina,2,9,5,Gilder,8,9,151,ガルシアン,5,2,255,None,-1,-1,255,None,-1,-1,255,None,-1,-1,255,None,-1,-1,255,None,-1,-1,255,None,-1,-1,164,1,May try again,1,Cannot escape,61
52,10,0,Vyse,4,8,1,Aika,6,8,2,Fina,3,7,5,Gilder,7,7,153,ラミレス,5,2,255,None,-1,-1,255,None,-1,-1,255,None,-1,-1,255,None,-1,-1,255,None,-1,-1,255,None,-1,-1,168,1,May try again,1,Cannot escape,61
53,0,0,Vyse,4,8,1,Aika,6,8,2,Fina,2,9,5,Gilder,8,9,157,ラミレス,4,2,255,None,-1,-1,255,None,-1,-1,255,None,-1,-1,255,None,-1,-1,255,None,-1,-1,255,None,-1,-1,170,1,May try again,1,Cannot escape,62
54,2,0,Vyse,4,7,5,Gilder,6,7,-1,None,-1,-1,-1,None,-1,-1,102,要塞将兵,4,2,102,要塞将兵,6,2,255,None,-1,-1,255,None,-1,-1,255,None,-1,-1,255,None,-1,-1,255,None,-1,-1,106,0,Must not lose,1,Cannot escape,58
55,2,0,Vyse,4,8,1,Aika,6,9,5,Gilder,3,9,-1,None,-1,-1,102,要塞将兵,3,1,102,要塞将兵,6,1,255,None,-1,-1,255,None,-1,-1,255,None,-1,-1,255,None,-1,-1,255,None,-1,-1,106,0,Must not lose,1,Cannot escape,58
56,3,0,Vyse,4,7,1,Aika,6,7,2,Fina,3,6,4,Enrique,7,6,71,テンコウ,4,3,71,テンコウ,6,3,71,テンコウ,3,4,71,テンコウ,7,4,255,None,-1,-1,255,None,-1,-1,255,None,-1,-1,134,0,Must not lose,0,Can escape,58
57,3,0,Vyse,4,7,1,Aika,6,7,2,Fina,3,6,4,Enrique,7,6,71,テンコウ,4,3,71,テンコウ,6,3,71,テンコウ,3,4,71,テンコウ,7,4,255,None,-1,-1,255,None,-1,-1,255,None,-1,-1,134,0,Must not lose,0,Can escape,58
58,3,0,Vyse,4,7,1,Aika,6,7,2,Fina,3,6,4,Enrique,7,6,71,テンコウ,4,3,71,テンコウ,6,3,71,テンコウ,3,4,71,テンコウ,7,4,255,None,-1,-1,255,None,-1,-1,255,None,-1,-1,134,0,Must not lose,0,Can escape,58
59,2,0,Vyse,3,8,1,Aika,5,8,2,Fina,2,9,5,Gilder,6,9,75,デ式レーダー,4,2,255,None,-1,-1,255,None,-1,-1,255,None,-1,-1,255,None,-1,-1,255,None,-1,-1,255,None,-1,-1,108,0,Must not lose,0,Can escape,-1
60,2,0,Vyse,3,8,1,Aika,5,8,2,Fina,2,9,5,Gilder,6,9,75,デ式レーダー,3,2,75,デ式レーダー,5,2,255,None,-1,-1,255,None,-1,-1,255,None,-1,-1,255,None,-1,-1,255,None,-1,-1,108,0,Must not lose,0,Can escape,-1
61,2,0,Vyse,3,8,1,Aika,5,8,2,Fina,2,9,5,Gilder,6,9,75,デ式レーダー,4,2,75,デ式レーダー,3,3,75,デ式レーダー,5,3,255,None,-1,-1,255,None,-1,-1,255,None,-1,-1,255,None,-1,-1,108,0,Must not lose,0,Can escape,-1
62,2,0,Vyse,3,8,1,Aika,5,8,2,Fina,2,9,5,Gilder,6,9,75,デ式レーダー,3,2,75,デ式レーダー,5,2,75,デ式レーダー,2,3,75,デ式レーダー,6,3,255,None,-1,-1,255,None,-1,-1,255,None,-1,-1,108,0,Must not lose,0,Can escape,-1
63,2,0,Vyse,5,6,1,Aika,6,7,2,Fina,4,7,-1,None,-1,-1,24,デシェレト,3,2,24,デシェレト,5,3,24,デシェレト,7,2,255,None,-1,-1,255,None,-1,-1,255,None,-1,-1,255,None,-1,-1,66,0,Must not lose,0,Can escape,-1
64,2,0,Vyse,5,7,1,Aika,6,8,2,Fina,4,8,-1,None,-1,-1,24,デシェレト,3,3,24,デシェレト,5,2,24,デシェレト,7,3,255,None,-1,-1,255,None,-1,-1,255,None,-1,-1,255,None,-1,-1,66,0,Must not lose,0,Can escape,-1
65,3,0,Vyse,5,7,1,Aika,6,7,2,Fina,4,8,4,Enrique,7,8,105,ベレーザ兵,4,3,105,ベレーザ兵,7,3,105,ベレーザ兵,3,2,105,ベレーザ兵,8,2,255,None,-1,-1,255,None,-1,-1,255,None,-1,-1,134,0,Must not lose,0,Can escape,-1
66,4,0,Vyse,4,8,1,Aika,6,8,2,Fina,2,9,3,Drachma,8,9,108,ヒュドラ巨兵,4,1,108,ヒュドラ巨兵,2,4,108,ヒュドラ巨兵,6,4,255,None,-1,-1,255,None,-1,-1,255,None,-1,-1,255,None,-1,-1,162,1,May try again,1,Cannot escape,-1
67,3,0,Vyse,4,6,1,Aika,5,6,2,Fina,3,6,4,Enrique,6,6,106,工作兵,3,3,106,工作兵,4,3,106,工作兵,5,3,106,工作兵,6,3,255,None,-1,-1,255,None,-1,-1,255,None,-1,-1,150,0,Must not lose,0,Can escape,-1
68,3,0,Vyse,4,6,1,Aika,5,6,2,Fina,3,6,4,Enrique,6,6,106,工作兵,3,3,106,工作兵,4,3,106,工作兵,5,3,106,工作兵,6,3,255,None,-1,-1,255,None,-1,-1,255,None,-1,-1,150,0,Must not lose,0,Can escape,-1
69,20,0,Vyse,4,8,1,Aika,6,8,2,Fina,2,9,3,Drachma,8,9,121,エルシアン,5,2,255,None,-1,-1,255,None,-1,-1,255,None,-1,-1,255,None,-1,-1,255,None,-1,-1,255,None,-1,-1,210,1,May try again,0,Can escape,-1
70,20,0,Vyse,4,8,1,Aika,6,8,2,Fina,2,9,4,Enrique,8,9,121,エルシアン,5,2,255,None,-1,-1,255,None,-1,-1,255,None,-1,-1,255,None,-1,-1,255,None,-1,-1,255,None,-1,-1,210,1,May try again,0,Can escape,-1
71,20,0,Vyse,4,8,1,Aika,6,8,2,Fina,2,9,5,Gilder,8,9,121,エルシアン,5,2,255,None,-1,-1,255,None,-1,-1,255,None,-1,-1,255,None,-1,-1,255,None,-1,-1,255,None,-1,-1,210,1,May try again,0,Can escape,-1
72,6,0,Vyse,4,8,1,Aika,6,8,2,Fina,3,7,3,Drachma,7,7,198,ルピー,5,2,208,バーツ,5,4,255,None,-1,-1,255,None,-1,-1,255,None,-1,-1,255,None,-1,-1,255,None,-1,-1,42,1,May try again,1,Cannot escape,-1
73,6,0,Vyse,4,8,1,Aika,6,8,2,Fina,3,7,3,Drachma,7,7,199,ルピー,5,2,209,バーツ,5,4,255,None,-1,-1,255,None,-1,-1,255,None,-1,-1,255,None,-1,-1,255,None,-1,-1,58,1,May try again,1,Cannot escape,-1
74,6,0,Vyse,4,8,1,Aika,6,8,2,Fina,3,7,3,Drachma,7,7,200,ルピー,5,2,210,バーツ,5,4,255,None,-1,-1,255,None,-1,-1,255,None,-1,-1,255,None,-1,-1,255,None,-1,-1,82,1,May try again,1,Cannot escape,-1
75,6,0,Vyse,4,8,1,Aika,6,8,2,Fina,3,7,3,Drachma,7,7,201,ルピー,5,2,211,バーツ,5,4,255,None,-1,-1,255,None,-1,-1,255,None,-1,-1,255,None,-1,-1,255,None,-1,-1,102,1,May try again,1,Cannot escape,-1
76,6,0,Vyse,4,8,1,Aika,6,8,2,Fina,3,7,3,Drachma,7,7,202,ルピー,5,2,212,バーツ,5,4,255,None,-1,-1,255,None,-1,-1,255,None,-1,-1,255,None,-1,-1,255,None,-1,-1,122,1,May try again,1,Cannot escape,-1
77,6,0,Vyse,4,8,1,Aika,6,8,2,Fina,3,7,3,Drachma,7,7,198,ルピー,5,2,208,バーツ,5,4,255,None,-1,-1,255,None,-1,-1,255,None,-1,-1,255,None,-1,-1,255,None,-1,-1,42,1,May try again,1,Cannot escape,-1
78,6,0,Vyse,4,8,1,Aika,6,8,2,Fina,3,7,3,Drachma,7,7,199,ルピー,5,2,209,バーツ,5,4,255,None,-1,-1,255,None,-1,-1,255,None,-1,-1,255,None,-1,-1,255,None,-1,-1,58,1,May try again,1,Cannot escape,-1
79,6,0,Vyse,4,8,1,Aika,6,8,2,Fina,3,7,3,Drachma,7,7,200,ルピー,5,2,210,バーツ,5,4,255,None,-1,-1,255,None,-1,-1,255,None,-1,-1,255,None,-1,-1,255,None,-1,-1,82,1,May try again,1,Cannot escape,-1
80,6,0,Vyse,4,8,1,Aika,6,8,2,Fina,3,7,3,Drachma,7,7,201,ルピー,5,2,211,バーツ,5,4,255,None,-1,-1,255,None,-1,-1,255,None,-1,-1,255,None,-1,-1,255,None,-1,-1,102,1,May try again,1,Cannot escape,-1
81,6,0,Vyse,4,8,1,Aika,6,8,2,Fina,3,7,3,Drachma,7,7,202,ルピー,5,2,212,バーツ,5,4,255,None,-1,-1,255,None,-1,-1,255,None,-1,-1,255,None,-1,-1,255,None,-1,-1,122,1,May try again,1,Cannot escape,-1
82,6,0,Vyse,4,8,1,Aika,6,8,2,Fina,3,7,4,Enrique,7,7,198,ルピー,5,2,208,バーツ,5,4,255,None,-1,-1,255,None,-1,-1,255,None,-1,-1,255,None,-1,-1,255,None,-1,-1,42,1,May try again,1,Cannot escape,-1
83,6,0,Vyse,4,8,1,Aika,6,8,2,Fina,3,7,4,Enrique,7,7,199,ルピー,5,2,209,バーツ,5,4,255,None,-1,-1,255,None,-1,-1,255,None,-1,-1,255,None,-1,-1,255,None,-1,-1,58,1,May try again,1,Cannot escape,-1
84,6,0,Vyse,4,8,1,Aika,6,8,2,Fina,3,7,4,Enrique,7,7,200,ルピー,5,2,210,バーツ,5,4,255,None,-1,-1,255,None,-1,-1,255,None,-1,-1,255,None,-1,-1,255,None,-1,-1,82,1,May try again,1,Cannot escape,-1
85,6,0,Vyse,4,8,1,Aika,6,8,2,Fina,3,7,4,Enrique,7,7,201,ルピー,5,2,211,バーツ,5,4,255,None,-1,-1,255,None,-1,-1,255,None,-1,-1,255,None,-1,-1,255,None,-1,-1,102,1,May try again,1,Cannot escape,-1
86,6,0,Vyse,4,8,1,Aika,6,8,2,Fina,3,7,4,Enrique,7,7,202,ルピー,5,2,212,バーツ,5,4,255,None,-1,-1,255,None,-1,-1,255,None,-1,-1,255,None,-1,-1,255,None,-1,-1,122,1,May try again,1,Cannot escape,-1
87,6,0,Vyse,4,8,1,Aika,6,8,2,Fina,3,7,5,Gilder,7,7,198,ルピー,5,2,208,バーツ,5,4,255,None,-1,-1,255,None,-1,-1,255,None,-1,-1,255,None,-1,-1,255,None,-1,-1,42,1,May try again,1,Cannot escape,-1
88,6,0,Vyse,4,8,1,Aika,6,8,2,Fina,3,7,5,Gilder,7,7,199,ルピー,5,2,209,バーツ,5,4,255,None,-1,-1,255,None,-1,-1,255,None,-1,-1,255,None,-1,-1,255,None,-1,-1,58,1,May try again,1,Cannot escape,-1
89,6,0,Vyse,4,8,1,Aika,6,8,2,Fina,3,7,5,Gilder,7,7,200,ルピー,5,2,210,バーツ,5,4,255,None,-1,-1,255,None,-1,-1,255,None,-1,-1,255,None,-1,-1,255,None,-1,-1,82,1,May try again,1,Cannot escape,-1
90,6,0,Vyse,4,8,1,Aika,6,8,2,Fina,3,7,5,Gilder,7,7,201,ルピー,5,2,211,バーツ,5,4,255,None,-1,-1,255,None,-1,-1,255,None,-1,-1,255,None,-1,-1,255,None,-1,-1,102,1,May try again,1,Cannot escape,-1
91,6,0,Vyse,4,8,1,Aika,6,8,2,Fina,3,7,5,Gilder,7,7,202,ルピー,5,2,212,バーツ,5,4,255,None,-1,-1,255,None,-1,-1,255,None,-1,-1,255,None,-1,-1,255,None,-1,-1,122,1,May try again,1,Cannot escape,-1
92,6,0,Vyse,4,8,1,Aika,6,8,2,Fina,3,7,3,Drachma,7,7,233,ガンナーム,4,1,254,フロック,4,5,254,フロック,6,5,254,フロック,5,5,255,None,-1,-1,255,None,-1,-1,255,None,-1,-1,118,1,May try again,1,Cannot escape,-1
93,6,0,Vyse,4,8,1,Aika,6,8,2,Fina,3,7,3,Drachma,7,7,234,ガンナーム,4,1,254,フロック,4,5,254,フロック,6,5,254,フロック,5,5,255,None,-1,-1,255,None,-1,-1,255,None,-1,-1,162,1,May try again,1,Cannot escape,-1
94,6,0,Vyse,4,8,1,Aika,6,8,2,Fina,3,7,3,Drachma,7,7,235,ガンナーム,4,1,254,フロック,4,5,254,フロック,6,5,254,フロック,5,5,255,None,-1,-1,255,None,-1,-1,255,None,-1,-1,182,1,May try again,1,Cannot escape,-1
95,6,0,Vyse,4,8,1,Aika,6,8,2,Fina,3,7,3,Drachma,7,7,236,ガンナーム,4,1,254,フロック,4,5,254,フロック,6,5,254,フロック,5,5,255,None,-1,-1,255,None,-1,-1,255,None,-1,-1,202,1,May try again,1,Cannot escape,-1
96,6,0,Vyse,4,8,1,Aika,6,8,2,Fina,3,7,3,Drachma,7,7,237,ガンナーム,4,1,254,フロック,4,5,254,フロック,6,5,254,フロック,5,5,255,None,-1,-1,255,None,-1,-1,255,None,-1,-1,222,1,May try again,1,Cannot escape,-1
97,6,0,Vyse,4,8,1,Aika,6,8,2,Fina,3,7,4,Enrique,7,7,233,ガンナーム,4,1,254,フロック,4,5,254,フロック,6,5,254,フロック,5,5,255,None,-1,-1,255,None,-1,-1,255,None,-1,-1,118,1,May try again,1,Cannot escape,-1
98,6,0,Vyse,4,8,1,Aika,6,8,2,Fina,3,7,4,Enrique,7,7,234,ガンナーム,4,1,254,フロック,4,5,254,フロック,6,5,254,フロック,5,5,255,None,-1,-1,255,None,-1,-1,255,None,-1,-1,162,1,May try again,1,Cannot escape,-1
99,6,0,Vyse,4,8,1,Aika,6,8,2,Fina,3,7,4,Enrique,7,7,235,ガンナーム,4,1,254,フロック,4,5,254,フロック,6,5,254,フロック,5,5,255,None,-1,-1,255,None,-1,-1,255,None,-1,-1,182,1,May try again,1,Cannot escape,-1
100,6,0,Vyse,4,8,1,Aika,6,8,2,Fina,3,7,4,Enrique,7,7,236,ガンナーム,4,1,254,フロック,4,5,254,フロック,6,5,254,フロック,5,5,255,None,-1,-1,255,None,-1,-1,255,None,-1,-1,202,1,May try again,1,Cannot escape,-1
101,6,0,Vyse,4,8,1,Aika,6,8,2,Fina,3,7,4,Enrique,7,7,237,ガンナーム,4,1,254,フロック,4,5,254,フロック,6,5,254,フロック,5,5,255,None,-1,-1,255,None,-1,-1,255,None,-1,-1,222,1,May try again,1,Cannot escape,-1
102,6,0,Vyse,4,8,1,Aika,6,8,2,Fina,3,7,5,Gilder,7,7,233,ガンナーム,4,1,254,フロック,4,5,254,フロック,6,5,254,フロック,5,5,255,None,-1,-1,255,None,-1,-1,255,None,-1,-1,118,1,May try again,1,Cannot escape,-1
103,6,0,Vyse,4,8,1,Aika,6,8,2,Fina,3,7,5,Gilder,7,7,234,ガンナーム,4,1,254,フロック,4,5,254,フロック,6,5,254,フロック,5,5,255,None,-1,-1,255,None,-1,-1,255,None,-1,-1,162,1,May try again,1,Cannot escape,-1
104,6,0,Vyse,4,8,1,Aika,6,8,2,Fina,3,7,5,Gilder,7,7,235,ガンナーム,4,1,254,フロック,4,5,254,フロック,6,5,254,フロック,5,5,255,None,-1,-1,255,None,-1,-1,255,None,-1,-1,182,1,May try again,1,Cannot escape,-1
105,6,0,Vyse,4,8,1,Aika,6,8,2,Fina,3,7,5,Gilder,7,7,236,ガンナーム,4,1,254,フロック,4,5,254,フロック,6,5,254,フロック,5,5,255,None,-1,-1,255,None,-1,-1,255,None,-1,-1,202,1,May try again,1,Cannot escape,-1
106,6,0,Vyse,4,8,1,Aika,6,8,2,Fina,3,7,5,Gilder,7,7,237,ガンナーム,4,1,254,フロック,4,5,254,フロック,6,5,254,フロック,5,5,255,None,-1,-1,255,None,-1,-1,255,None,-1,-1,222,1,May try again,1,Cannot escape,-1
107,8,0,Vyse,4,8,1,Aika,6,8,2,Fina,3,7,3,Drachma,7,7,178,タラ,5,4,183,リラ,6,2,188,プラ,4,2,255,None,-1,-1,255,None,-1,-1,255,None,-1,-1,255,None,-1,-1,118,1,May try again,1,Cannot escape,-1
108,8,0,Vyse,4,8,1,Aika,6,8,2,Fina,3,7,3,Drachma,7,7,179,タラ,5,4,184,リラ,6,2,189,プラ,4,2,255,None,-1,-1,255,None,-1,-1,255,None,-1,-1,255,None,-1,-1,162,1,May try again,1,Cannot escape,-1
109,8,0,Vyse,4,8,1,Aika,6,8,2,Fina,3,7,3,Drachma,7,7,180,タラ,5,4,185,リラ,6,2,190,プラ,4,2,255,None,-1,-1,255,None,-1,-1,255,None,-1,-1,255,None,-1,-1,182,1,May try again,1,Cannot escape,-1
110,8,0,Vyse,4,8,1,Aika,6,8,2,Fina,3,7,3,Drachma,7,7,181,タラ,5,4,186,リラ,6,2,191,プラ,4,2,255,None,-1,-1,255,None,-1,-1,255,None,-1,-1,255,None,-1,-1,202,1,May try again,1,Cannot escape,-1
111,8,0,Vyse,4,8,1,Aika,6,8,2,Fina,3,7,3,Drachma,7,7,182,タラ,5,4,187,リラ,6,2,192,プラ,4,2,255,None,-1,-1,255,None,-1,-1,255,None,-1,-1,255,None,-1,-1,222,1,May try again,1,Cannot escape,-1
112,8,0,Vyse,4,8,1,Aika,6,8,2,Fina,3,7,4,Enrique,7,7,178,タラ,5,4,183,リラ,6,2,188,プラ,4,2,255,None,-1,-1,255,None,-1,-1,255,None,-1,-1,255,None,-1,-1,118,1,May try again,1,Cannot escape,-1
113,8,0,Vyse,4,8,1,Aika,6,8,2,Fina,3,7,4,Enrique,7,7,179,タラ,5,4,184,リラ,6,2,189,プラ,4,2,255,None,-1,-1,255,None,-1,-1,255,None,-1,-1,255,None,-1,-1,162,1,May try again,1,Cannot escape,-1
114,8,0,Vyse,4,8,1,Aika,6,8,2,Fina,3,7,4,Enrique,7,7,180,タラ,5,4,185,リラ,6,2,190,プラ,4,2,255,None,-1,-1,255,None,-1,-1,255,None,-1,-1,255,None,-1,-1,182,1,May try again,1,Cannot escape,-1
115,8,0,Vyse,4,8,1,Aika,6,8,2,Fina,3,7,4,Enrique,7,7,181,タラ,5,4,186,リラ,6,2,191,プラ,4,2,255,None,-1,-1,255,None,-1,-1,255,None,-1,-1,255,None,-1,-1,202,1,May try again,1,Cannot escape,-1
116,8,0,Vyse,4,8,1,Aika,6,8,2,Fina,3,7,4,Enrique,7,7,182,タラ,5,4,187,リラ,6,2,192,プラ,4,2,255,None,-1,-1,255,None,-1,-1,255,None,-1,-1,255,None,-1,-1,222,1,May try again,1,Cannot escape,-1
117,8,0,Vyse,4,8,1,Aika,6,8,2,Fina,3,7,5,Gilder,7,7,178,タラ,5,4,183,リラ,6,2,188,プラ,4,2,255,None,-1,-1,255,None,-1,-1,255,None,-1,-1,255,None,-1,-1,118,1,May try again,1,Cannot escape,-1
118,8,0,Vyse,4,8,1,Aika,6,8,2,Fina,3,7,5,Gilder,7,7,179,タラ,5,4,184,リラ,6,2,189,プラ,4,2,255,None,-1,-1,255,None,-1,-1,255,None,-1,-1,255,None,-1,-1,162,1,May try again,1,Cannot escape,-1
119,8,0,Vyse,4,8,1,Aika,6,8,2,Fina,3,7,5,Gilder,7,7,180,タラ,5,4,185,リラ,6,2,190,プラ,4,2,255,None,-1,-1,255,None,-1,-1,255,None,-1,-1,255,None,-1,-1,182,1,May try again,1,Cannot escape,-1
120,8,0,Vyse,4,8,1,Aika,6,8,2,Fina,3,7,5,Gilder,7,7,181,タラ,5,4,186,リラ,6,2,191,プラ,4,2,255,None,-1,-1,255,None,-1,-1,255,None,-1,-1,255,None,-1,-1,202,1,May try again,1,Cannot escape,-1
121,8,0,Vyse,4,8,1,Aika,6,8,2,Fina,3,7,5,Gilder,7,7,182,タラ,5,4,187,リラ,6,2,192,プラ,4,2,255,None,-1,-1,255,None,-1,-1,255,None,-1,-1,255,None,-1,-1,222,1,May try again,1,Cannot escape,-1
122,6,0,Vyse,4,8,1,Aika,6,8,2,Fina,3,7,3,Drachma,7,7,213,バイス,5,4,218,アニタ,6,2,223,フィーラ,4,2,255,None,-1,-1,255,None,-1,-1,255,None,-1,-1,255,None,-1,-1,150,1,May try again,1,Cannot escape,-1
123,6,0,Vyse,4,8,1,Aika,6,8,2,Fina,3,7,3,Drachma,7,7,214,バイス,5,4,219,アニタ,6,2,224,フィーラ,4,2,255,None,-1,-1,255,None,-1,-1,255,None,-1,-1,255,None,-1,-1,162,1,May try again,1,Cannot escape,-1
124,6,0,Vyse,4,8,1,Aika,6,8,2,Fina,3,7,3,Drachma,7,7,215,バイス,5,4,220,アニタ,6,2,225,フィーラ,4,2,255,None,-1,-1,255,None,-1,-1,255,None,-1,-1,255,None,-1,-1,182,1,May try again,1,Cannot escape,-1
125,6,0,Vyse,4,8,1,Aika,6,8,2,Fina,3,7,3,Drachma,7,7,216,バイス,5,4,221,アニタ,6,2,226,フィーラ,4,2,255,None,-1,-1,255,None,-1,-1,255,None,-1,-1,255,None,-1,-1,202,1,May try again,1,Cannot escape,-1
126,6,0,Vyse,4,8,1,Aika,6,8,2,Fina,3,7,3,Drachma,7,7,217,バイス,5,4,222,アニタ,6,2,227,フィーラ,4,2,255,None,-1,-1,255,None,-1,-1,255,None,-1,-1,255,None,-1,-1,222,1,May try again,1,Cannot escape,-1
127,6,0,Vyse,4,8,1,Aika,6,8,2,Fina,3,7,4,Enrique,7,7,213,バイス,5,4,218,アニタ,6,2,223,フィーラ,4,2,255,None,-1,-1,255,None,-1,-1,255,None,-1,-1,255,None,-1,-1,150,1,May try again,1,Cannot escape,-1
128,6,0,Vyse,4,8,1,Aika,6,8,2,Fina,3,7,4,Enrique,7,7,214,バイス,5,4,219,アニタ,6,2,224,フィーラ,4,2,255,None,-1,-1,255,None,-1,-1,255,None,-1,-1,255,None,-1,-1,162,1,May try again,1,Cannot escape,-1
129,6,0,Vyse,4,8,1,Aika,6,8,2,Fina,3,7,4,Enrique,7,7,215,バイス,5,4,220,アニタ,6,2,225,フィーラ,4,2,255,None,-1,-1,255,None,-1,-1,255,None,-1,-1,255,None,-1,-1,182,1,May try again,1,Cannot escape,-1
130,6,0,Vyse,4,8,1,Aika,6,8,2,Fina,3,7,4,Enrique,7,7,216,バイス,5,4,221,アニタ,6,2,226,フィーラ,4,2,255,None,-1,-1,255,None,-1,-1,255,None,-1,-1,255,None,-1,-1,202,1,May try again,1,Cannot escape,-1
131,6,0,Vyse,4,8,1,Aika,6,8,2,Fina,3,7,4,Enrique,7,7,217,バイス,5,4,222,アニタ,6,2,227,フィーラ,4,2,255,None,-1,-1,255,None,-1,-1,255,None,-1,-1,255,None,-1,-1,222,1,May try again,1,Cannot escape,-1
132,6,0,Vyse,4,8,1,Aika,6,8,2,Fina,3,7,5,Gilder,7,7,213,バイス,5,4,218,アニタ,6,2,223,フィーラ,4,2,255,None,-1,-1,255,None,-1,-1,255,None,-1,-1,255,None,-1,-1,150,1,May try again,1,Cannot escape,-1
133,6,0,Vyse,4,8,1,Aika,6,8,2,Fina,3,7,5,Gilder,7,7,214,バイス,5,4,219,アニタ,6,2,224,フィーラ,4,2,255,None,-1,-1,255,None,-1,-1,255,None,-1,-1,255,None,-1,-1,162,1,May try again,1,Cannot escape,-1
134,6,0,Vyse,4,8,1,Aika,6,8,2,Fina,3,7,5,Gilder,7,7,215,バイス,5,4,220,アニタ,6,2,225,フィーラ,4,2,255,None,-1,-1,255,None,-1,-1,255,None,-1,-1,255,None,-1,-1,182,1,May try again,1,Cannot escape,-1
135,6,0,Vyse,4,8,1,Aika,6,8,2,Fina,3,7,5,Gilder,7,7,216,バイス,5,4,221,アニタ,6,2,226,フィーラ,4,2,255,None,-1,-1,255,None,-1,-1,255,None,-1,-1,255,None,-1,-1,202,1,May try again,1,Cannot escape,-1
136,6,0,Vyse,4,8,1,Aika,6,8,2,Fina,3,7,5,Gilder,7,7,217,バイス,5,4,222,アニタ,6,2,227,フィーラ,4,2,255,None,-1,-1,255,None,-1,-1,255,None,-1,-1,255,None,-1,-1,222,1,May try again,1,Cannot escape,-1
137,8,0,Vyse,4,8,1,Aika,6,8,2,Fina,3,7,3,Drachma,7,7,193,ダイコクヤ,4,1,248,ヨウジン,3,4,250,ボゥ,7,4,255,None,-1,-1,255,None,-1,-1,255,None,-1,-1,255,None,-1,-1,158,1,May try again,1,Cannot escape,-1
138,8,0,Vyse,4,8,1,Aika,6,8,2,Fina,3,7,3,Drachma,7,7,194,ダイコクヤ,4,1,248,ヨウジン,3,4,250,ボゥ,7,4,255,None,-1,-1,255,None,-1,-1,255,None,-1,-1,255,None,-1,-1,182,1,May try again,1,Cannot escape,-1
139,8,0,Vyse,4,8,1,Aika,6,8,2,Fina,3,7,3,Drachma,7,7,195,ダイコクヤ,4,1,248,ヨウジン,3,4,250,ボゥ,7,4,255,None,-1,-1,255,None,-1,-1,255,None,-1,-1,255,None,-1,-1,202,1,May try again,1,Cannot escape,-1
140,8,0,Vyse,4,8,1,Aika,6,8,2,Fina,3,7,3,Drachma,7,7,196,ダイコクヤ,4,1,248,ヨウジン,3,4,250,ボゥ,7,4,255,None,-1,-1,255,None,-1,-1,255,None,-1,-1,255,None,-1,-1,222,1,May try again,1,Cannot escape,-1
141,8,0,Vyse,4,8,1,Aika,6,8,2,Fina,3,7,3,Drachma,7,7,197,ダイコクヤ,4,1,248,ヨウジン,3,4,250,ボゥ,7,4,255,None,-1,-1,255,None,-1,-1,255,None,-1,-1,255,None,-1,-1,242,1,May try again,1,Cannot escape,-1
142,8,0,Vyse,4,8,1,Aika,6,8,2,Fina,3,7,4,Enrique,7,7,193,ダイコクヤ,4,1,248,ヨウジン,3,4,250,ボゥ,7,4,255,None,-1,-1,255,None,-1,-1,255,None,-1,-1,255,None,-1,-1,158,1,May try again,1,Cannot escape,-1
143,8,0,Vyse,4,8,1,Aika,6,8,2,Fina,3,7,4,Enrique,7,7,194,ダイコクヤ,4,1,248,ヨウジン,3,4,250,ボゥ,7,4,255,None,-1,-1,255,None,-1,-1,255,None,-1,-1,255,None,-1,-1,182,1,May try again,1,Cannot escape,-1
144,8,0,Vyse,4,8,1,Aika,6,8,2,Fina,3,7,4,Enrique,7,7,195,ダイコクヤ,4,1,248,ヨウジン,3,4,250,ボゥ,7,4,255,None,-1,-1,255,None,-1,-1,255,None,-1,-1,255,None,-1,-1,202,1,May try again,1,Cannot escape,-1
145,8,0,Vyse,4,8,1,Aika,6,8,2,Fina,3,7,4,Enrique,7,7,196,ダイコクヤ,4,1,248,ヨウジン,3,4,250,ボゥ,7,4,255,None,-1,-1,255,None,-1,-1,255,None,-1,-1,255,None,-1,-1,222,1,May try again,1,Cannot escape,-1
146,8,0,Vyse,4,8,1,Aika,6,8,2,Fina,3,7,4,Enrique,7,7,197,ダイコクヤ,4,1,248,ヨウジン,3,4,250,ボゥ,7,4,255,None,-1,-1,255,None,-1,-1,255,None,-1,-1,255,None,-1,-1,242,1,May try again,1,Cannot escape,-1
147,8,0,Vyse,4,8,1,Aika,6,8,2,Fina,3,7,5,Gilder,7,7,193,ダイコクヤ,4,1,248,ヨウジン,3,4,250,ボゥ,7,4,255,None,-1,-1,255,None,-1,-1,255,None,-1,-1,255,None,-1,-1,158,1,May try again,1,Cannot escape,-1
148,8,0,Vyse,4,8,1,Aika,6,8,2,Fina,3,7,5,Gilder,7,7,194,ダイコクヤ,4,1,248,ヨウジン,3,4,250,ボゥ,7,4,255,None,-1,-1,255,None,-1,-1,255,None,-1,-1,255,None,-1,-1,182,1,May try again,1,Cannot escape,-1
149,8,0,Vyse,4,8,1,Aika,6,8,2,Fina,3,7,5,Gilder,7,7,195,ダイコクヤ,4,1,248,ヨウジン,3,4,250,ボゥ,7,4,255,None,-1,-1,255,None,-1,-1,255,None,-1,-1,255,None,-1,-1,202,1,May try again,1,Cannot escape,-1
150,8,0,Vyse,4,8,1,Aika,6,8,2,Fina,3,7,5,Gilder,7,7,196,ダイコクヤ,4,1,248,ヨウジン,3,4,250,ボゥ,7,4,255,None,-1,-1,255,None,-1,-1,255,None,-1,-1,255,None,-1,-1,222,1,May try again,1,Cannot escape,-1
151,8,0,Vyse,4,8,1,Aika,6,8,2,Fina,3,7,5,Gilder,7,7,197,ダイコクヤ,4,1,248,ヨウジン,3,4,250,ボゥ,7,4,255,None,-1,-1,255,None,-1,-1,255,None,-1,-1,255,None,-1,-1,242,1,May try again,1,Cannot escape,-1
152,6,0,Vyse,4,8,1,Aika,6,8,2,Fina,3,7,3,Drachma,7,7,228,盗掘王シモン,5,2,251,盗掘者シモン,5,4,255,None,-1,-1,255,None,-1,-1,255,None,-1,-1,255,None,-1,-1,255,None,-1,-1,170,1,May try again,1,Cannot escape,-1
153,6,0,Vyse,4,8,1,Aika,6,8,2,Fina,3,7,3,Drachma,7,7,229,盗掘王シモン,5,2,251,盗掘者シモン,5,4,255,None,-1,-1,255,None,-1,-1,255,None,-1,-1,255,None,-1,-1,255,None,-1,-1,182,1,May try again,1,Cannot escape,-1
154,6,0,Vyse,4,8,1,Aika,6,8,2,Fina,3,7,3,Drachma,7,7,230,盗掘王シモン,5,2,252,盗掘者シモン,5,4,255,None,-1,-1,255,None,-1,-1,255,None,-1,-1,255,None,-1,-1,255,None,-1,-1,202,1,May try again,1,Cannot escape,-1
155,6,0,Vyse,4,8,1,Aika,6,8,2,Fina,3,7,3,Drachma,7,7,231,盗掘王シモン,5,2,252,盗掘者シモン,5,4,255,None,-1,-1,255,None,-1,-1,255,None,-1,-1,255,None,-1,-1,255,None,-1,-1,222,1,May try again,1,Cannot escape,-1
156,6,0,Vyse,4,8,1,Aika,6,8,2,Fina,3,7,3,Drachma,7,7,232,盗掘王シモン,5,2,252,盗掘者シモン,5,4,255,None,-1,-1,255,None,-1,-1,255,None,-1,-1,255,None,-1,-1,255,None,-1,-1,242,1,May try again,1,Cannot escape,-1
157,6,0,Vyse,4,8,1,Aika,6,8,2,Fina,3,7,4,Enrique,7,7,228,盗掘王シモン,5,2,251,盗掘者シモン,5,4,255,None,-1,-1,255,None,-1,-1,255,None,-1,-1,255,None,-1,-1,255,None,-1,-1,170,1,May try again,1,Cannot escape,-1
158,6,0,Vyse,4,8,1,Aika,6,8,2,Fina,3,7,4,Enrique,7,7,229,盗掘王シモン,5,2,251,盗掘者シモン,5,4,255,None,-1,-1,255,None,-1,-1,255,None,-1,-1,255,None,-1,-1,255,None,-1,-1,182,1,May try again,1,Cannot escape,-1
159,6,0,Vyse,4,8,1,Aika,6,8,2,Fina,3,7,4,Enrique,7,7,230,盗掘王シモン,5,2,252,盗掘者シモン,5,4,255,None,-1,-1,255,None,-1,-1,255,None,-1,-1,255,None,-1,-1,255,None,-1,-1,202,1,May try again,1,Cannot escape,-1
160,6,0,Vyse,4,8,1,Aika,6,8,2,Fina,3,7,4,Enrique,7,7,231,盗掘王シモン,5,2,252,盗掘者シモン,5,4,255,None,-1,-1,255,None,-1,-1,255,None,-1,-1,255,None,-1,-1,255,None,-1,-1,222,1,May try again,1,Cannot escape,-1
161,6,0,Vyse,4,8,1,Aika,6,8,2,Fina,3,7,4,Enrique,7,7,232,盗掘王シモン,5,2,252,盗掘者シモン,5,4,255,None,-1,-1,255,None,-1,-1,255,None,-1,-1,255,None,-1,-1,255,None,-1,-1,242,1,May try again,1,Cannot escape,-1
162,6,0,Vyse,4,8,1,Aika,6,8,2,Fina,3,7,5,Gilder,7,7,228,盗掘王シモン,5,2,251,盗掘者シモン,5,4,255,None,-1,-1,255,None,-1,-1,255,None,-1,-1,255,None,-1,-1,255,None,-1,-1,170,1,May try again,1,Cannot escape,-1
163,6,0,Vyse,4,8,1,Aika,6,8,2,Fina,3,7,5,Gilder,7,7,229,盗掘王シモン,5,2,251,盗掘者シモン,5,4,255,None,-1,-1,255,None,-1,-1,255,None,-1,-1,255,None,-1,-1,255,None,-1,-1,182,1,May try again,1,Cannot escape,-1
164,6,0,Vyse,4,8,1,Aika,6,8,2,Fina,3,7,5,Gilder,7,7,230,盗掘王シモン,5,2,252,盗掘者シモン,5,4,255,None,-1,-1,255,None,-1,-1,255,None,-1,-1,255,None,-1,-1,255,None,-1,-1,202,1,May try again,1,Cannot escape,-1
165,6,0,Vyse,4,8,1,Aika,6,8,2,Fina,3,7,5,Gilder,7,7,231,盗掘王シモン,5,2,252,盗掘者シモン,5,4,255,None,-1,-1,255,None,-1,-1,255,None,-1,-1,255,None,-1,-1,255,None,-1,-1,222,1,May try again,1,Cannot escape,-1
166,6,0,Vyse,4,8,1,Aika,6,8,2,Fina,3,7,5,Gilder,7,7,232,盗掘王シモン,5,2,252,盗掘者シモン,5,4,255,None,-1,-1,255,None,-1,-1,255,None,-1,-1,255,None,-1,-1,255,None,-1,-1,242,1,May try again,1,Cannot escape,-1
167,10,0,Vyse,4,8,1,Aika,6,8,2,Fina,3,7,3,Drachma,7,7,238,ビゴロ,5,2,255,None,-1,-1,255,None,-1,-1,255,None,-1,-1,255,None,-1,-1,255,None,-1,-1,255,None,-1,-1,210,1,May try again,1,Cannot escape,-1
168,10,0,Vyse,4,8,1,Aika,6,8,2,Fina,3,7,3,Drachma,7,7,239,ビゴロ,5,2,255,None,-1,-1,255,None,-1,-1,255,None,-1,-1,255,None,-1,-1,255,None,-1,-1,255,None,-1,-1,86,1,May try again,1,Cannot escape,-1
169,10,0,Vyse,4,8,1,Aika,6,8,2,Fina,3,7,3,Drachma,7,7,240,ビゴロ,5,2,255,None,-1,-1,255,None,-1,-1,255,None,-1,-1,255,None,-1,-1,255,None,-1,-1,255,None,-1,-1,106,1,May try again,1,Cannot escape,-1
170,10,0,Vyse,4,8,1,Aika,6,8,2,Fina,3,7,3,Drachma,7,7,241,ビゴロ,5,2,255,None,-1,-1,255,None,-1,-1,255,None,-1,-1,255,None,-1,-1,255,None,-1,-1,255,None,-1,-1,126,1,May try again,1,Cannot escape,-1
171,10,0,Vyse,4,8,1,Aika,6,8,2,Fina,3,7,3,Drachma,7,7,242,鬼ビゴロ,5,2,255,None,-1,-1,255,None,-1,-1,255,None,-1,-1,255,None,-1,-1,255,None,-1,-1,255,None,-1,-1,146,1,May try again,1,Cannot escape,-1
172,10,0,Vyse,4,8,1,Aika,6,8,2,Fina,3,7,4,Enrique,7,7,238,ビゴロ,5,2,255,None,-1,-1,255,None,-1,-1,255,None,-1,-1,255,None,-1,-1,255,None,-1,-1,255,None,-1,-1,210,1,May try again,1,Cannot escape,-1
173,10,0,Vyse,4,8,1,Aika,6,8,2,Fina,3,7,4,Enrique,7,7,239,ビゴロ,5,2,255,None,-1,-1,255,None,-1,-1,255,None,-1,-1,255,None,-1,-1,255,None,-1,-1,255,None,-1,-1,86,1,May try again,1,Cannot escape,-1
174,10,0,Vyse,4,8,1,Aika,6,8,2,Fina,3,7,4,Enrique,7,7,240,ビゴロ,5,2,255,None,-1,-1,255,None,-1,-1,255,None,-1,-1,255,None,-1,-1,255,None,-1,-1,255,None,-1,-1,106,1,May try again,1,Cannot escape,-1
175,10,0,Vyse,4,8,1,Aika,6,8,2,Fina,3,7,4,Enrique,7,7,241,ビゴロ,5,2,255,None,-1,-1,255,None,-1,-1,255,None,-1,-1,255,None,-1,-1,255,None,-1,-1,255,None,-1,-1,126,1,May try again,1,Cannot escape,-1
176,10,0,Vyse,4,8,1,Aika,6,8,2,Fina,3,7,4,Enrique,7,7,242,鬼ビゴロ,5,2,255,None,-1,-1,255,None,-1,-1,255,None,-1,-1,255,None,-1,-1,255,None,-1,-1,255,None,-1,-1,146,1,May try again,1,Cannot escape,-1
177,10,0,Vyse,4,8,1,Aika,6,8,2,Fina,3,7,5,Gilder,7,7,238,ビゴロ,5,2,255,None,-1,-1,255,None,-1,-1,255,None,-1,-1,255,None,-1,-1,255,None,-1,-1,255,None,-1,-1,210,1,May try again,1,Cannot escape,-1
178,10,0,Vyse,4,8,1,Aika,6,8,2,Fina,3,7,5,Gilder,7,7,239,ビゴロ,5,2,255,None,-1,-1,255,None,-1,-1,255,None,-1,-1,255,None,-1,-1,255,None,-1,-1,255,None,-1,-1,86,1,May try again,1,Cannot escape,-1
179,10,0,Vyse,4,8,1,Aika,6,8,2,Fina,3,7,5,Gilder,7,7,240,ビゴロ,5,2,255,None,-1,-1,255,None,-1,-1,255,None,-1,-1,255,None,-1,-1,255,None,-1,-1,255,None,-1,-1,106,1,May try again,1,Cannot escape,-1
180,10,0,Vyse,4,8,1,Aika,6,8,2,Fina,3,7,5,Gilder,7,7,241,ビゴロ,5,2,255,None,-1,-1,255,None,-1,-1,255,None,-1,-1,255,None,-1,-1,255,None,-1,-1,255,None,-1,-1,126,1,May try again,1,Cannot escape,-1
181,10,0,Vyse,4,8,1,Aika,6,8,2,Fina,3,7,5,Gilder,7,7,242,鬼ビゴロ,5,2,255,None,-1,-1,255,None,-1,-1,255,None,-1,-1,255,None,-1,-1,255,None,-1,-1,255,None,-1,-1,146,1,May try again,1,Cannot escape,-1
182,6,0,Vyse,4,8,1,Aika,6,8,2,Fina,3,7,3,Drachma,7,7,158,ピアストル,6,2,243,デスハウンド,4,2,255,None,-1,-1,255,None,-1,-1,255,None,-1,-1,255,None,-1,-1,255,None,-1,-1,58,1,May try again,1,Cannot escape,-1
183,6,0,Vyse,4,8,1,Aika,6,8,2,Fina,3,7,3,Drachma,7,7,159,ピアストル,6,2,243,デスハウンド,4,2,255,None,-1,-1,255,None,-1,-1,255,None,-1,-1,255,None,-1,-1,255,None,-1,-1,82,1,May try again,1,Cannot escape,-1
184,6,0,Vyse,4,8,1,Aika,6,8,2,Fina,3,7,3,Drachma,7,7,160,ピアストル,6,2,243,デスハウンド,4,2,255,None,-1,-1,255,None,-1,-1,255,None,-1,-1,255,None,-1,-1,255,None,-1,-1,102,1,May try again,1,Cannot escape,-1
185,6,0,Vyse,4,8,1,Aika,6,8,2,Fina,3,7,3,Drachma,7,7,161,ピアストル,6,2,243,デスハウンド,4,2,255,None,-1,-1,255,None,-1,-1,255,None,-1,-1,255,None,-1,-1,255,None,-1,-1,122,1,May try again,1,Cannot escape,-1
186,6,0,Vyse,4,8,1,Aika,6,8,2,Fina,3,7,3,Drachma,7,7,162,ピアストル,6,2,243,デスハウンド,4,2,255,None,-1,-1,255,None,-1,-1,255,None,-1,-1,255,None,-1,-1,255,None,-1,-1,142,1,May try again,1,Cannot escape,-1
187,6,0,Vyse,4,8,1,Aika,6,8,2,Fina,3,7,3,Drachma,7,7,158,ピアストル,6,2,243,デスハウンド,4,2,255,None,-1,-1,255,None,-1,-1,255,None,-1,-1,255,None,-1,-1,255,None,-1,-1,58,1,May try again,1,Cannot escape,-1
188,6,0,Vyse,4,8,1,Aika,6,8,2,Fina,3,7,3,Drachma,7,7,159,ピアストル,6,2,243,デスハウンド,4,2,255,None,-1,-1,255,None,-1,-1,255,None,-1,-1,255,None,-1,-1,255,None,-1,-1,82,1,May try again,1,Cannot escape,-1
189,6,0,Vyse,4,8,1,Aika,6,8,2,Fina,3,7,3,Drachma,7,7,160,ピアストル,6,2,243,デスハウンド,4,2,255,None,-1,-1,255,None,-1,-1,255,None,-1,-1,255,None,-1,-1,255,None,-1,-1,102,1,May try again,1,Cannot escape,-1
190,6,0,Vyse,4,8,1,Aika,6,8,2,Fina,3,7,3,Drachma,7,7,161,ピアストル,6,2,243,デスハウンド,4,2,255,None,-1,-1,255,None,-1,-1,255,None,-1,-1,255,None,-1,-1,255,None,-1,-1,122,1,May try again,1,Cannot escape,-1
191,6,0,Vyse,4,8,1,Aika,6,8,2,Fina,3,7,3,Drachma,7,7,162,ピアストル,6,2,243,デスハウンド,4,2,255,None,-1,-1,255,None,-1,-1,255,None,-1,-1,255,None,-1,-1,255,None,-1,-1,142,1,May try again,1,Cannot escape,-1
192,6,0,Vyse,4,8,1,Aika,6,8,2,Fina,3,7,4,Enrique,7,7,158,ピアストル,6,2,243,デスハウンド,4,2,255,None,-1,-1,255,None,-1,-1,255,None,-1,-1,255,None,-1,-1,255,None,-1,-1,58,1,May try again,1,Cannot escape,-1
193,6,0,Vyse,4,8,1,Aika,6,8,2,Fina,3,7,4,Enrique,7,7,159,ピアストル,6,2,243,デスハウンド,4,2,255,None,-1,-1,255,None,-1,-1,255,None,-1,-1,255,None,-1,-1,255,None,-1,-1,82,1,May try again,1,Cannot escape,-1
194,6,0,Vyse,4,8,1,Aika,6,8,2,Fina,3,7,4,Enrique,7,7,160,ピアストル,6,2,243,デスハウンド,4,2,255,None,-1,-1,255,None,-1,-1,255,None,-1,-1,255,None,-1,-1,255,None,-1,-1,102,1,May try again,1,Cannot escape,-1
195,6,0,Vyse,4,8,1,Aika,6,8,2,Fina,3,7,4,Enrique,7,7,161,ピアストル,6,2,243,デスハウンド,4,2,255,None,-1,-1,255,None,-1,-1,255,None,-1,-1,255,None,-1,-1,255,None,-1,-1,122,1,May try again,1,Cannot escape,-1
196,6,0,Vyse,4,8,1,Aika,6,8,2,Fina,3,7,4,Enrique,7,7,162,ピアストル,6,2,243,デスハウンド,4,2,255,None,-1,-1,255,None,-1,-1,255,None,-1,-1,255,None,-1,-1,255,None,-1,-1,142,1,May try again,1,Cannot escape,-1
197,6,0,Vyse,4,8,1,Aika,6,8,2,Fina,3,7,5,Gilder,7,7,158,ピアストル,6,2,243,デスハウンド,4,2,255,None,-1,-1,255,None,-1,-1,255,None,-1,-1,255,None,-1,-1,255,None,-1,-1,58,1,May try again,1,Cannot escape,-1
198,6,0,Vyse,4,8,1,Aika,6,8,2,Fina,3,7,5,Gilder,7,7,159,ピアストル,6,2,243,デスハウンド,4,2,255,None,-1,-1,255,None,-1,-1,255,None,-1,-1,255,None,-1,-1,255,None,-1,-1,82,1,May try again,1,Cannot escape,-1
199,6,0,Vyse,4,8,1,Aika,6,8,2,Fina,3,7,5,Gilder,7,7,160,ピアストル,6,2,243,デスハウンド,4,2,255,None,-1,-1,255,None,-1,-1,255,None,-1,-1,255,None,-1,-1,255,None,-1,-1,102,1,May try again,1,Cannot escape,-1
200,6,0,Vyse,4,8,1,Aika,6,8,2,Fina,3,7,5,Gilder,7,7,161,ピアストル,6,2,243,デスハウンド,4,2,255,None,-1,-1,255,None,-1,-1,255,None,-1,-1,255,None,-1,-1,255,None,-1,-1,122,1,May try again,1,Cannot escape,-1
201,6,0,Vyse,4,8,1,Aika,6,8,2,Fina,3,7,5,Gilder,7,7,162,ピアストル,6,2,243,デスハウンド,4,2,255,None,-1,-1,255,None,-1,-1,255,None,-1,-1,255,None,-1,-1,255,None,-1,-1,142,1,May try again,1,Cannot escape,-1
202,8,0,Vyse,4,8,1,Aika,6,8,2,Fina,3,7,3,Drachma,7,7,163,ピアストル,6,2,243,デスハウンド,4,2,255,None,-1,-1,255,None,-1,-1,255,None,-1,-1,255,None,-1,-1,255,None,-1,-1,118,1,May try again,1,Cannot escape,-1
203,8,0,Vyse,4,8,1,Aika,6,8,2,Fina,3,7,3,Drachma,7,7,164,ピアストル,6,2,244,デスバウンド,4,2,255,None,-1,-1,255,None,-1,-1,255,None,-1,-1,255,None,-1,-1,255,None,-1,-1,142,1,May try again,1,Cannot escape,-1
204,8,0,Vyse,4,8,1,Aika,6,8,2,Fina,3,7,3,Drachma,7,7,165,ピアストル,6,2,244,デスバウンド,4,2,255,None,-1,-1,255,None,-1,-1,255,None,-1,-1,255,None,-1,-1,255,None,-1,-1,162,1,May try again,1,Cannot escape,-1
205,8,0,Vyse,4,8,1,Aika,6,8,2,Fina,3,7,3,Drachma,7,7,166,ピアストル,6,2,244,デスバウンド,4,2,255,None,-1,-1,255,None,-1,-1,255,None,-1,-1,255,None,-1,-1,255,None,-1,-1,182,1,May try again,1,Cannot escape,-1
206,8,0,Vyse,4,8,1,Aika,6,8,2,Fina,3,7,3,Drachma,7,7,167,ピアストル,6,2,244,デスバウンド,4,2,255,None,-1,-1,255,None,-1,-1,255,None,-1,-1,255,None,-1,-1,255,None,-1,-1,202,1,May try again,1,Cannot escape,-1
207,8,0,Vyse,4,8,1,Aika,6,8,2,Fina,3,7,4,Enrique,7,7,163,ピアストル,6,2,243,デスハウンド,4,2,255,None,-1,-1,255,None,-1,-1,255,None,-1,-1,255,None,-1,-1,255,None,-1,-1,118,1,May try again,1,Cannot escape,-1
208,8,0,Vyse,4,8,1,Aika,6,8,2,Fina,3,7,4,Enrique,7,7,164,ピアストル,6,2,244,デスバウンド,4,2,255,None,-1,-1,255,None,-1,-1,255,None,-1,-1,255,None,-1,-1,255,None,-1,-1,142,1,May try again,1,Cannot escape,-1
209,8,0,Vyse,4,8,1,Aika,6,8,2,Fina,3,7,4,Enrique,7,7,165,ピアストル,6,2,244,デスバウンド,4,2,255,None,-1,-1,255,None,-1,-1,255,None,-1,-1,255,None,-1,-1,255,None,-1,-1,162,1,May try again,1,Cannot escape,-1
210,8,0,Vyse,4,8,1,Aika,6,8,2,Fina,3,7,4,Enrique,7,7,166,ピアストル,6,2,244,デスバウンド,4,2,255,None,-1,-1,255,None,-1,-1,255,None,-1,-1,255,None,-1,-1,255,None,-1,-1,182,1,May try again,1,Cannot escape,-1
211,8,0,Vyse,4,8,1,Aika,6,8,2,Fina,3,7,4,Enrique,7,7,167,ピアストル,6,2,244,デスバウンド,4,2,255,None,-1,-1,255,None,-1,-1,255,None,-1,-1,255,None,-1,-1,255,None,-1,-1,202,1,May try again,1,Cannot escape,-1
212,8,0,Vyse,4,8,1,Aika,6,8,2,Fina,3,7,5,Gilder,7,7,163,ピアストル,6,2,243,デスハウンド,4,2,255,None,-1,-1,255,None,-1,-1,255,None,-1,-1,255,None,-1,-1,255,None,-1,-1,118,1,May try again,1,Cannot escape,-1
213,8,0,Vyse,4,8,1,Aika,6,8,2,Fina,3,7,5,Gilder,7,7,164,ピアストル,6,2,244,デスバウンド,4,2,255,None,-1,-1,255,None,-1,-1,255,None,-1,-1,255,None,-1,-1,255,None,-1,-1,142,1,May try again,1,Cannot escape,-1
214,8,0,Vyse,4,8,1,Aika,6,8,2,Fina,3,7,5,Gilder,7,7,165,ピアストル,6,2,244,デスバウンド,4,2,255,None,-1,-1,255,None,-1,-1,255,None,-1,-1,255,None,-1,-1,255,None,-1,-1,162,1,May try again,1,Cannot escape,-1
215,8,0,Vyse,4,8,1,Aika,6,8,2,Fina,3,7,5,Gilder,7,7,166,ピアストル,6,2,244,デスバウンド,4,2,255,None,-1,-1,255,None,-1,-1,255,None,-1,-1,255,None,-1,-1,255,None,-1,-1,182,1,May try again,1,Cannot escape,-1
216,8,0,Vyse,4,8,1,Aika,6,8,2,Fina,3,7,5,Gilder,7,7,167,ピアストル,6,2,244,デスバウンド,4,2,255,None,-1,-1,255,None,-1,-1,255,None,-1,-1,255,None,-1,-1,255,None,-1,-1,202,1,May try again,1,Cannot escape,-1
217,10,0,Vyse,4,8,1,Aika,6,8,2,Fina,3,7,3,Drachma,7,7,168,ピアストル,6,2,245,デスバウンド,4,2,255,None,-1,-1,255,None,-1,-1,255,None,-1,-1,255,None,-1,-1,255,None,-1,-1,142,1,May try again,1,Cannot escape,-1
218,10,0,Vyse,4,8,1,Aika,6,8,2,Fina,3,7,3,Drachma,7,7,169,ピアストル,6,2,245,デスバウンド,4,2,255,None,-1,-1,255,None,-1,-1,255,None,-1,-1,255,None,-1,-1,255,None,-1,-1,162,1,May try again,1,Cannot escape,-1
219,10,0,Vyse,4,8,1,Aika,6,8,2,Fina,3,7,3,Drachma,7,7,170,ピアストル,6,2,245,デスバウンド,4,2,255,None,-1,-1,255,None,-1,-1,255,None,-1,-1,255,None,-1,-1,255,None,-1,-1,182,1,May try again,1,Cannot escape,-1
220,10,0,Vyse,4,8,1,Aika,6,8,2,Fina,3,7,3,Drachma,7,7,171,ピアストル,6,2,245,デスバウンド,4,2,255,None,-1,-1,255,None,-1,-1,255,None,-1,-1,255,None,-1,-1,255,None,-1,-1,202,1,May try again,1,Cannot escape,-1
221,10,0,Vyse,4,8,1,Aika,6,8,2,Fina,3,7,3,Drachma,7,7,172,ピアストル,6,2,245,デスバウンド,4,2,255,None,-1,-1,255,None,-1,-1,255,None,-1,-1,255,None,-1,-1,255,None,-1,-1,222,1,May try again,1,Cannot escape,-1
222,10,0,Vyse,4,8,1,Aika,6,8,2,Fina,3,7,4,Enrique,7,7,168,ピアストル,6,2,245,デスバウンド,4,2,255,None,-1,-1,255,None,-1,-1,255,None,-1,-1,255,None,-1,-1,255,None,-1,-1,142,1,May try again,1,Cannot escape,-1
223,10,0,Vyse,4,8,1,Aika,6,8,2,Fina,3,7,4,Enrique,7,7,169,ピアストル,6,2,245,デスバウンド,4,2,255,None,-1,-1,255,None,-1,-1,255,None,-1,-1,255,None,-1,-1,255,None,-1,-1,162,1,May try again,1,Cannot escape,-1
224,10,0,Vyse,4,8,1,Aika,6,8,2,Fina,3,7,4,Enrique,7,7,170,ピアストル,6,2,245,デスバウンド,4,2,255,None,-1,-1,255,None,-1,-1,255,None,-1,-1,255,None,-1,-1,255,None,-1,-1,182,1,May try again,1,Cannot escape,-1
225,10,0,Vyse,4,8,1,Aika,6,8,2,Fina,3,7,4,Enrique,7,7,171,ピアストル,6,2,245,デスバウンド,4,2,255,None,-1,-1,255,None,-1,-1,255,None,-1,-1,255,None,-1,-1,255,None,-1,-1,202,1,May try again,1,Cannot escape,-1
226,10,0,Vyse,4,8,1,Aika,6,8,2,Fina,3,7,4,Enrique,7,7,172,ピアストル,6,2,245,デスバウンド,4,2,255,None,-1,-1,255,None,-1,-1,255,None,-1,-1,255,None,-1,-1,255,None,-1,-1,222,1,May try again,1,Cannot escape,-1
227,10,0,Vyse,4,8,1,Aika,6,8,2,Fina,3,7,5,Gilder,7,7,168,ピアストル,6,2,245,デスバウンド,4,2,255,None,-1,-1,255,None,-1,-1,255,None,-1,-1,255,None,-1,-1,255,None,-1,-1,142,1,May try again,1,Cannot escape,-1
228,10,0,Vyse,4,8,1,Aika,6,8,2,Fina,3,7,5,Gilder,7,7,169,ピアストル,6,2,245,デスバウンド,4,2,255,None,-1,-1,255,None,-1,-1,255,None,-1,-1,255,None,-1,-1,255,None,-1,-1,162,1,May try again,1,Cannot escape,-1
229,10,0,Vyse,4,8,1,Aika,6,8,2,Fina,3,7,5,Gilder,7,7,170,ピアストル,6,2,245,デスバウンド,4,2,255,None,-1,-1,255,None,-1,-1,255,None,-1,-1,255,None,-1,-1,255,None,-1,-1,182,1,May try again,1,Cannot escape,-1
230,10,0,Vyse,4,8,1,Aika,6,8,2,Fina,3,7,5,Gilder,7,7,171,ピアストル,6,2,245,デスバウンド,4,2,255,None,-1,-1,255,None,-1,-1,255,None,-1,-1,255,None,-1,-1,255,None,-1,-1,202,1,May try again,1,Cannot escape,-1
231,10,0,Vyse,4,8,1,Aika,6,8,2,Fina,3,7,5,Gilder,7,7,172,ピアストル,6,2,245,デスバウンド,4,2,255,None,-1,-1,255,None,-1,-1,255,None,-1,-1,255,None,-1,-1,255,None,-1,-1,222,1,May try again,1,Cannot escape,-1
232,12,0,Vyse,4,8,1,Aika,6,8,2,Fina,3,7,3,Drachma,7,7,173,ピアストル,6,2,246,デスバウンド,4,2,255,None,-1,-1,255,None,-1,-1,255,None,-1,-1,255,None,-1,-1,255,None,-1,-1,158,1,May try again,1,Cannot escape,-1
233,12,0,Vyse,4,8,1,Aika,6,8,2,Fina,3,7,3,Drachma,7,7,174,ピアストル,6,2,246,デスバウンド,4,2,255,None,-1,-1,255,None,-1,-1,255,None,-1,-1,255,None,-1,-1,255,None,-1,-1,182,1,May try again,1,Cannot escape,-1
234,12,0,Vyse,4,8,1,Aika,6,8,2,Fina,3,7,3,Drachma,7,7,175,ピアストル,6,2,246,デスバウンド,4,2,255,None,-1,-1,255,None,-1,-1,255,None,-1,-1,255,None,-1,-1,255,None,-1,-1,202,1,May try again,1,Cannot escape,-1
235,12,0,Vyse,4,8,1,Aika,6,8,2,Fina,3,7,3,Drachma,7,7,176,ピアストル,6,2,246,デスバウンド,4,2,255,None,-1,-1,255,None,-1,-1,255,None,-1,-1,255,None,-1,-1,255,None,-1,-1,222,1,May try again,1,Cannot escape,-1
236,12,0,Vyse,4,8,1,Aika,6,8,2,Fina,3,7,3,Drachma,7,7,177,ピアストル,6,2,246,デスバウンド,4,2,255,None,-1,-1,255,None,-1,-1,255,None,-1,-1,255,None,-1,-1,255,None,-1,-1,242,1,May try again,1,Cannot escape,-1
237,12,0,Vyse,4,8,1,Aika,6,8,2,Fina,3,7,4,Enrique,7,7,173,ピアストル,6,2,246,デスバウンド,4,2,255,None,-1,-1,255,None,-1,-1,255,None,-1,-1,255,None,-1,-1,255,None,-1,-1,158,1,May try again,1,Cannot escape,-1
238,12,0,Vyse,4,8,1,Aika,6,8,2,Fina,3,7,4,Enrique,7,7,174,ピアストル,6,2,246,デスバウンド,4,2,255,None,-1,-1,255,None,-1,-1,255,None,-1,-1,255,None,-1,-1,255,None,-1,-1,182,1,May try again,1,Cannot escape,-1
239,12,0,Vyse,4,8,1,Aika,6,8,2,Fina,3,7,4,Enrique,7,7,175,ピアストル,6,2,246,デスバウンド,4,2,255,None,-1,-1,255,None,-1,-1,255,None,-1,-1,255,None,-1,-1,255,None,-1,-1,202,1,May try again,1,Cannot escape,-1
240,12,0,Vyse,4,8,1,Aika,6,8,2,Fina,3,7,4,Enrique,7,7,176,ピアストル,6,2,246,デスバウンド,4,2,255,None,-1,-1,255,None,-1,-1,255,None,-1,-1,255,None,-1,-1,255,None,-1,-1,222,1,May try again,1,Cannot escape,-1
241,12,0,Vyse,4,8,1,Aika,6,8,2,Fina,3,7,4,Enrique,7,7,177,ピアストル,6,2,246,デスバウンド,4,2,255,None,-1,-1,255,None,-1,-1,255,None,-1,-1,255,None,-1,-1,255,None,-1,-1,242,1,May try again,1,Cannot escape,-1
242,12,0,Vyse,4,8,1,Aika,6,8,2,Fina,3,7,5,Gilder,7,7,173,ピアストル,6,2,246,デスバウンド,4,2,255,None,-1,-1,255,None,-1,-1,255,None,-1,-1,255,None,-1,-1,255,None,-1,-1,158,1,May try again,1,Cannot escape,-1
243,12,0,Vyse,4,8,1,Aika,6,8,2,Fina,3,7,5,Gilder,7,7,174,ピアストル,6,2,246,デスバウンド,4,2,255,None,-1,-1,255,None,-1,-1,255,None,-1,-1,255,None,-1,-1,255,None,-1,-1,182,1,May try again,1,Cannot escape,-1
244,12,0,Vyse,4,8,1,Aika,6,8,2,Fina,3,7,5,Gilder,7,7,175,ピアストル,6,2,246,デスバウンド,4,2,255,None,-1,-1,255,None,-1,-1,255,None,-1,-1,255,None,-1,-1,255,None,-1,-1,202,1,May try again,1,Cannot escape,-1
245,12,0,Vyse,4,8,1,Aika,6,8,2,Fina,3,7,5,Gilder,7,7,176,ピアストル,6,2,246,デスバウンド,4,2,255,None,-1,-1,255,None,-1,-1,255,None,-1,-1,255,None,-1,-1,255,None,-1,-1,222,1,May try again,1,Cannot escape,-1
246,12,0,Vyse,4,8,1,Aika,6,8,2,Fina,3,7,5,Gilder,7,7,177,ピアストル,6,2,246,デスバウンド,4,2,255,None,-1,-1,255,None,-1,-1,255,None,-1,-1,255,None,-1,-1,255,None,-1,-1,242,1,May try again,1,Cannot escape,-1
247,12,0,Vyse,4,8,1,Aika,6,8,2,Fina,3,7,5,Gilder,7,7,251,盗掘者シモン,6,2,255,None,-1,-1,255,None,-1,-1,255,None,-1,-1,255,None,-1,-1,255,None,-1,-1,255,None,-1,-1,242,1,May try again,1,Cannot escape,-1
248,12,0,Vyse,4,8,1,Aika,6,8,2,Fina,3,7,5,Gilder,7,7,252,盗掘者シモン,6,2,255,None,-1,-1,255,None,-1,-1,255,None,-1,-1,255,None,-1,-1,255,None,-1,-1,255,None,-1,-1,242,1,May try again,1,Cannot escape,-1
249,12,0,Vyse,4,8,1,Aika,6,8,2,Fina,3,7,5,Gilder,7,7,99,アルシノ,6,2,255,None,-1,-1,255,None,-1,-1,255,None,-1,-1,255,None,-1,-1,255,None,-1,-1,255,None,-1,-1,242,1,May try again,1,Cannot escape,-1
