Entry ID,EU Message ID,[DE Entry Name Pos],[DE Entry Name Size],DE Entry Name,[ES Entry Name Pos],[ES Entry Name Size],ES Entry Name,[FR Entry Name Pos],[FR Entry Name Size],FR Entry Name,[GB Entry Name Pos],[GB Entry Name Size],GB Entry Name,Category ID,[Category Name],Effect ID,[Effect Name],Scope ID,[Scope Name],Pad 1,Effect Param ID,Effect Param Name,Effect Base,Element ID,[Element Name],Type ID,[Type Name],State Inflict ID,State Inflict Name,State Resist ID,State Resist Name,State ID,[State Name],State Miss%,Pad 2,Pad 3
0,0x8c3589b8,0x13c4,11,Vulkanstoß,0x13b7,17,Ráfaga Volcánica,0x13ba,13,Volcan Blast,0x13b4,15,Volcanic Blast,0,S-Move,0,Damage,2,All PCs,0,16,Attack,20,1,Red,0,Physical,0,Power,0,Power,0,Poison,0,0,0
1,0x8c3589c8,0x13cf,12,Aschensturm,0x13c8,17,Ráfaga de ceniza,0x13c7,16,Orage de Cendre,0x13c3,13,Cinder Storm,0,S-Move,8,Stone + Damage,1,Single PC,0,16,Attack,5,1,Red,0,Physical,16,Attack,17,Defense,2,Stone,50,0,0
2,0x8c3589d8,0x13db,13,Federschnitt,0x13d9,12,Rasgaplumas,0x13d7,17,Plume Tranchante,0x13d0,14,Feather Slash,0,S-Move,0,Damage,102,PC Ray S5,0,16,Attack,30,0,Green,0,Physical,0,Power,0,Power,0,Poison,0,0,0
3,0x8c3589e8,0x13e8,9,KETSUBAN,0x13e5,9,KETSUBAN,0x13e8,9,KETSUBAN,0x13de,9,KETSUBAN,0,S-Move,-1,None,0,None,0,0,Power,0,0,Green,0,Physical,0,Power,0,Power,0,Poison,0,0,0
4,0x8c3589f0,0x13f1,6,Laser,0x13ee,6,Láser,0x13f1,6,Laser,0x13e7,6,Laser,0,S-Move,0,Damage,1,Single PC,0,16,Attack,20,5,Silver,0,Physical,0,Power,0,Power,0,Poison,0,0,0
5,0x8c3589f8,0x13f7,13,Donnerwetter,0x13f4,16,Trueno de Furia,0x13f7,15,Tonnerre Furie,0x13ed,16,Thunder of Fury,0,S-Move,0,Damage,101,PC Ray S3,0,16,Attack,30,4,Yellow,0,Physical,0,Power,0,Power,0,Poison,0,0,0
6,0x8c3589e8,0x1404,9,KETSUBAN,0x1404,9,KETSUBAN,0x1406,9,KETSUBAN,0x13fd,9,KETSUBAN,0,S-Move,-1,None,0,None,0,0,Power,0,0,Green,0,Physical,0,Power,0,Power,0,Poison,0,0,0
7,0x8c358a08,0x140d,11,Panikkreis,0x140d,17,Círculo de Miedo,0x140f,15,Cercle de Peur,0x1406,16,Circle of Panic,0,S-Move,11,Confusion,1,Single PC,0,0,Power,0,0,Green,0,Physical,16,Attack,17,Defense,4,Confusion,0,0,0
8,0x8c358a18,0x1418,11,Schlafring,0x141e,17,Anillo del Sueño,0x141e,17,Bague de Sommeil,0x1416,14,Ring of Sleep,0,S-Move,9,Sleep,1,Single PC,0,0,Power,0,0,Green,0,Physical,16,Attack,17,Defense,3,Sleep,0,0,0
9,0x8c358a28,0x1423,10,Zielsuche,0x142f,16,Buscar Objetivo,0x142f,16,Recherche Cible,0x1424,14,Target Search,0,S-Move,-1,None,0,None,0,0,Power,0,0,Green,0,Physical,0,Power,0,Power,0,Poison,0,0,0
10,0x8c3589e8,0x142d,9,KETSUBAN,0x143f,9,KETSUBAN,0x143f,9,KETSUBAN,0x1432,9,KETSUBAN,0,S-Move,-1,None,0,None,0,0,Power,0,0,Green,0,Physical,0,Power,0,Power,0,Poison,0,0,0
11,0x8c358a38,0x1436,8,Attacke,0x1448,7,Ataque,0x1448,14,Ruée Mortelle,0x143b,7,Tackle,0,S-Move,0,Damage,102,PC Ray S5,0,16,Attack,40,4,Yellow,0,Physical,0,Power,0,Power,0,Poison,0,0,0
12,0x8c358a40,0x143e,12,Todesschlag,0x144f,13,Golpe Mortal,0x1456,12,Coup Mortel,0x1442,13,Death Strike,0,S-Move,68,Unconscious + Damage B,1,Single PC,0,16,Attack,5,5,Silver,0,Physical,16,Attack,17,Defense,1,Unconscious,70,0,0
13,0x8c358a50,0x144a,6,Laden,0x145c,7,Ataque,0x1462,7,Charge,0x144f,7,Charge,0,S-Move,-1,None,5,Self,0,0,Power,0,0,Green,0,Physical,0,Power,0,Power,0,Poison,0,0,0
14,0x8c358a58,0x1450,8,Giftgas,0x1463,13,Gas Venenoso,0x1469,15,Gaz Empoisonné,0x1456,11,Poison Gas,0,S-Move,4,Poison + Damage,96,PC Square S3,0,16,Attack,20,0,Green,0,Physical,16,Attack,17,Defense,0,Poison,50,0,0
15,0x8c358a64,0x1458,10,Steinatem,0x1470,16,Brisa de Piedra,0x1478,15,Souffle Pierre,0x1461,13,Stone Breath,0,S-Move,8,Stone + Damage,1,Single PC,0,16,Attack,15,0,Green,0,Physical,16,Attack,17,Defense,2,Stone,60,0,0
16,0x8c3589e8,0x1462,9,KETSUBAN,0x1480,9,KETSUBAN,0x1487,9,KETSUBAN,0x146e,9,KETSUBAN,0,S-Move,-1,None,0,None,0,0,Power,0,0,Green,0,Physical,0,Power,0,Power,0,Poison,0,0,0
17,0x8c358a74,0x146b,16,Zufallsbeschuss,0x1489,14,Fuego al Azar,0x1490,14,Tir aléatoire,0x1477,12,Random Fire,0,S-Move,0,Damage,98,PC Square S7,0,16,Attack,25,1,Red,0,Physical,0,Power,0,Power,0,Poison,0,0,0
18,0x8c3589e8,0x147b,9,KETSUBAN,0x1497,9,KETSUBAN,0x149e,9,KETSUBAN,0x1483,9,KETSUBAN,0,S-Move,-1,None,0,None,0,0,Power,0,0,Green,0,Physical,0,Power,0,Power,0,Poison,0,0,0
19,0x8c358a80,0x1484,15,Abwehrstellung,0x14a0,15,Contraposición,0x14a7,8,Défense,0x148c,15,Counter Stance,0,S-Move,38,Counter% to 100% + Guard,5,Self,0,0,Power,0,0,Green,0,Physical,0,Power,0,Power,0,Poison,0,0,0
20,0x8c358a90,0x1493,14,Kraft sammeln,0x14af,17,Recuperar Fuerza,0x14af,17,Rassembler Force,0x149b,16,Gather Strength,0,S-Move,-1,None,0,None,0,0,Power,0,0,Green,0,Physical,0,Power,0,Power,0,Poison,0,0,0
21,0x8c358a80,0x14a1,15,Abwehrstellung,0x14c0,15,Contraposición,0x14c0,8,Défense,0x14ab,15,Counter Stance,0,S-Move,38,Counter% to 100% + Guard,5,Self,0,0,Power,0,0,Green,0,Physical,0,Power,0,Power,0,Poison,0,0,0
22,0x8c358aa0,0x14b0,10,Explosion,0x14cf,10,Explosión,0x14c8,10,Explosion,0x14ba,6,Burst,0,S-Move,0,Damage,97,PC Square S5,0,16,Attack,40,1,Red,0,Physical,0,Power,0,Power,0,Poison,0,0,0
23,0x8c358aa8,0x14ba,9,Terminal,0x14d9,9,Terminal,0x14d2,9,Terminal,0x14c0,9,Terminal,0,S-Move,0,Damage,1,Single PC,0,16,Attack,55,4,Yellow,0,Physical,0,Power,0,Power,0,Poison,0,0,0
24,0x8c358ab4,0x14c3,9,Devolver,0x14e2,8,Delegar,0x14db,9,Devolver,0x14c9,9,Devolver,0,S-Move,38,Counter% to 100% + Guard,5,Self,0,0,Power,0,0,Green,0,Physical,0,Power,0,Power,0,Poison,0,0,0
25,0x8c358ac0,0x14cc,14,Giftige Galle,0x14ea,15,Furia Venenosa,0x14e4,15,Bile Venimeuse,0x14d2,15,Poisonous Bile,0,S-Move,4,Poison + Damage,2,All PCs,0,16,Attack,20,0,Green,0,Physical,16,Attack,17,Defense,0,Poison,50,0,0
26,0x8c358ad0,0x14da,11,Todesblüte,0x14f9,15,Flor de Muerte,0x14f3,16,Éclosion Tueuse,0x14e1,14,Death Blossom,0,S-Move,0,Damage,201,PCs Nearby S1,0,16,Attack,20,3,Blue,0,Physical,0,Power,0,Power,0,Poison,0,0,0
27,0x8c358ae0,0x14e5,13,Kanonenfeuer,0x1508,15,Fuego de Cañón,0x1503,13,Tir de Canon,0x14ef,12,Cannon Fire,0,S-Move,0,Damage,1,Single PC,0,16,Attack,50,1,Red,0,Physical,0,Power,0,Power,0,Poison,0,0,0
28,0x8c358aec,0x14f2,17,Verbündete rufen,0x1517,17,Convocar aliados,0x1510,15,Appel d'alliés,0x14fb,12,Call Allies,0,S-Move,43,Call EC,0,None,0,27,Oestrus,0,0,Green,0,Physical,0,Power,0,Power,0,Poison,0,0,0
29,0x8c358aec,0x1503,17,Verbündete rufen,0x1528,17,Convocar aliados,0x151f,15,Appel d'alliés,0x1507,12,Call Allies,0,S-Move,43,Call EC,0,None,0,31,Tsurak,0,0,Green,0,Physical,0,Power,0,Power,0,Poison,0,0,0
30,0x8c358af8,0x1514,8,Radstoß,0x1539,15,Onda expansiva,0x152e,14,Obus explosif,0x1513,12,Wheel Blast,0,S-Move,0,Damage,97,PC Square S5,0,16,Attack,35,4,Yellow,0,Physical,0,Power,0,Power,0,Poison,0,0,0
31,0x8c358b04,0x151c,10,Laserstoß,0x1548,13,Ráfaga láser,0x153c,16,Explosion Laser,0x151f,12,Laser Blast,0,S-Move,8,Stone + Damage,1,Single PC,0,16,Attack,5,6,Neutral,0,Physical,16,Attack,17,Defense,2,Stone,20,0,0
32,0x8c358b10,0x1526,12,Crypt-Laser,0x1555,16,Láser de Cripta,0x154c,13,Laser Crypte,0x152b,12,Crypt Laser,0,S-Move,68,Unconscious + Damage B,1,Single PC,0,16,Attack,5,5,Silver,0,Physical,16,Attack,17,Defense,1,Unconscious,60,0,0
33,0x8c358b1c,0x1532,11,Todeslaser,0x1565,16,Láser Mortífero,0x1559,13,Laser Mortel,0x1537,12,Death Laser,0,S-Move,68,Unconscious + Damage B,1,Single PC,0,16,Attack,5,5,Silver,0,Physical,16,Attack,17,Defense,1,Unconscious,60,0,0
34,0x8c358b28,0x153d,16,Schadenaufnahme,0x1575,13,Evaluar Daño,0x1566,15,Estimer Dégâts,0x1543,14,Assess Damage,0,S-Move,-1,None,0,None,0,0,Power,0,0,Green,0,Physical,0,Power,0,Power,0,Poison,0,0,0
35,0x8c3589e8,0x154d,9,KETSUBAN,0x1582,9,KETSUBAN,0x1575,9,KETSUBAN,0x1551,9,KETSUBAN,0,S-Move,-1,None,0,None,0,0,Power,0,0,Green,0,Physical,0,Power,0,Power,0,Poison,0,0,0
36,0x8c358b38,0x1556,10,Stahlhaut,0x158b,12,Pieldeacero,0x157e,13,Peau d'acier,0x155a,10,Steelskin,0,S-Move,67,Invulnerable,5,Self,0,0,Power,0,0,Green,0,Physical,0,Power,0,Power,0,Poison,0,0,0
37,0x8c358b44,0x1560,6,Fokus,0x1597,8,Enfoque,0x158b,6,Focus,0x1564,6,Focus,0,S-Move,-1,None,0,None,0,0,Power,0,0,Green,0,Physical,0,Power,0,Power,0,Poison,0,0,0
38,0x8c358b4c,0x1566,13,Ewiger Frost,0x159f,13,Hielo Eterno,0x1591,12,Gel Éternel,0x156a,15,Eternal Freeze,0,S-Move,0,Damage,2,All PCs,0,16,Attack,12,2,Purple,0,Physical,0,Power,0,Power,0,Poison,0,0,0
39,0x8c358b5c,0x1573,12,Blitzschlag,0x15ac,15,Golpe del Rayo,0x159d,15,Coup de Foudre,0x1579,17,Lightning Strike,0,S-Move,0,Damage,1,Single PC,0,16,Attack,20,4,Yellow,0,Physical,0,Power,0,Power,0,Poison,0,0,0
40,0x8c358b70,0x157f,17,Furchtbarer Biss,0x15bb,17,Mordisco Temible,0x15ac,17,Terrible Morsure,0x158a,14,Terrible Bite,0,S-Move,72,Fatigue + Damage,1,Single PC,0,16,Attack,15,0,Green,0,Physical,16,Attack,17,Defense,6,Fatigue,20,0,0
41,0x8c358b80,0x1590,11,Tiefschlaf,0x15cc,15,Sueño Profundo,0x15bd,16,Profond Sommeil,0x1598,11,Deep Sleep,0,S-Move,63,Regenerate + Sleep,5,Self,0,400,HP,65535,0,Green,0,Physical,0,Power,0,Power,0,Poison,0,0,0
42,0x8c358b8c,0x159b,12,Avalauncher,0x15db,12,Avalauncher,0x15cd,11,Avalanceur,0x15a3,12,Avalauncher,0,S-Move,0,Damage,102,PC Ray S5,0,16,Attack,35,2,Purple,0,Physical,0,Power,0,Power,0,Poison,0,0,0
43,0x8c358b98,0x15a7,15,Silber-Eklipse,0x15e7,17,Eclipse de Plata,0x15d8,17,Éclipse d'argent,0x15af,15,Silver Eclipse,0,S-Move,0,Damage,2,All PCs,0,16,Attack,25,5,Silver,0,Physical,0,Power,0,Power,0,Poison,0,0,0
44,0x8c358ba8,0x15b6,11,Entwässern,0x15f8,8,Desecar,0x15e9,11,Épuisement,0x15be,6,Drain,0,S-Move,26,Decr All Attr,1,Single PC,0,0,Power,0,0,Green,0,Physical,16,Attack,17,Defense,8,Weak,0,0,0
45,0x8c358bb0,0x15c1,15,Erholungspause,0x1600,17,Turno de Reposar,0x15f4,13,Récupération,0x15c4,14,Turn Recovery,0,S-Move,33,Regenerate,5,Self,0,0,HP,0,0,Green,0,Physical,0,Power,0,Power,0,Poison,0,0,0
46,0x8c358bc0,0x15d0,11,Zerstörung,0x1611,12,Destrucción,0x1601,12,Destruction,0x15d2,12,Destruction,0,S-Move,17,Rem Pos States + Damage,2,All PCs,0,16,Attack,10,5,Silver,0,Physical,0,Power,0,Power,0,Poison,0,0,0
47,0x8c358bcc,0x15db,8,Zittern,0x161d,7,Seísmo,0x160d,12,Tremblement,0x15de,8,Tremble,0,S-Move,-1,None,0,None,0,0,Power,0,0,Green,0,Physical,0,Power,0,Power,0,Poison,0,0,0
48,0x8c358bd4,0x15e3,14,Silber-Tundra,0x1624,16,Tundra de Plata,0x1619,17,Toundra d'argent,0x15e6,14,Silver Tundra,0,S-Move,0,Damage,1,Single PC,0,16,Attack,50,5,Silver,0,Physical,0,Power,0,Power,0,Poison,0,0,0
49,0x8c358aec,0x15f1,17,Verbündete rufen,0x1634,17,Convocar aliados,0x162a,15,Appel d'alliés,0x15f4,12,Call Allies,0,S-Move,43,Call EC,0,None,0,54,Kanezl,0,0,Green,0,Physical,0,Power,0,Power,0,Poison,0,0,0
50,0x8c358aec,0x1602,17,Verbündete rufen,0x1645,17,Convocar aliados,0x1639,15,Appel d'alliés,0x1600,12,Call Allies,0,S-Move,43,Call EC,0,None,0,85,Imezl,0,0,Green,0,Physical,0,Power,0,Power,0,Poison,0,0,0
51,0x8c358be4,0x1613,11,Erforschen,0x1656,9,Explorar,0x1648,12,Exploration,0x160c,8,Explore,0,S-Move,0,Damage,2,All PCs,0,16,Attack,20,1,Red,0,Physical,0,Power,0,Power,0,Poison,0,0,0
52,0x8c358bec,0x161e,13,Steinschlamm,0x165f,16,Fango de Piedra,0x1654,17,Pierre Suintante,0x1614,11,Stone Ooze,0,S-Move,7,Stone,1,Single PC,0,0,Power,0,0,Green,0,Physical,16,Attack,17,Defense,2,Stone,40,0,0
53,0x8c358bf8,0x162b,11,Tundrastoß,0x166f,17,Ráfaga de Tundra,0x1665,17,Tundra Explosive,0x161f,13,Tundra Blast,0,S-Move,0,Damage,2,All PCs,0,16,Attack,20,2,Purple,0,Physical,0,Power,0,Power,0,Poison,0,0,0
54,0x8c358c08,0x1636,12,Todeswalzer,0x1680,12,Vals Mortal,0x1676,17,Valse de la Mort,0x162c,12,Death Waltz,0,S-Move,0,Damage,2,All PCs,0,16,Attack,40,6,Neutral,0,Physical,0,Power,0,Power,0,Poison,0,0,0
55,0x8c358c14,0x1642,11,Einspannen,0x168c,11,Involucrar,0x1687,11,Engagement,0x1638,7,Engage,0,S-Move,-1,None,0,None,0,0,Power,0,0,Green,0,Physical,0,Power,0,Power,0,Poison,0,0,0
56,0x8c358c1c,0x164d,9,Gewitter,0x1697,17,Ráfaga de Trueno,0x1692,6,Orage,0x163f,14,Thunder Storm,0,S-Move,0,Damage,2,All PCs,0,16,Attack,20,4,Yellow,0,Physical,0,Power,0,Power,0,Poison,0,0,0
57,0x8c358c2c,0x1656,10,Wehklagen,0x16a8,17,Sollozo Pavoroso,0x1698,12,Cri Lugubre,0x164d,11,Eerie Wail,0,S-Move,0,Damage,107,PC Triangle 60°,0,16,Attack,15,2,Purple,0,Physical,0,Power,0,Power,0,Poison,0,0,0
58,0x8c358b28,0x1660,16,Schadenaufnahme,0x16b9,13,Evaluar Daño,0x16a4,15,Estimer Dégâts,0x1658,14,Assess Damage,0,S-Move,-1,None,0,None,0,0,Power,0,0,Green,0,Physical,0,Power,0,Power,0,Poison,0,0,0
59,0x8c358c08,0x1670,12,Todeswalzer,0x16c6,12,Vals Mortal,0x16b3,17,Valse de la Mort,0x1666,12,Death Waltz,0,S-Move,0,Damage,2,All PCs,0,16,Attack,40,6,Neutral,0,Physical,0,Power,0,Power,0,Poison,0,0,0
60,0x8c358c38,0x167c,15,Vigoros Zauber,0x16d2,17,Magia de Vigoro ,0x16c4,17,Charme de Vigoro,0x1672,15,Vigoro's Charm,0,S-Move,70,Confusion + Damage,1,Single PC,0,16,Attack,5,1,Red,0,Physical,16,Attack,17,Defense,4,Confusion,0,0,0
61,0x8c358b04,0x168b,10,Laserstoß,0x16e3,13,Ráfaga láser,0x16d5,16,Explosion Laser,0x1681,12,Laser Blast,0,S-Move,8,Stone + Damage,1,Single PC,0,16,Attack,20,5,Silver,0,Physical,16,Attack,17,Defense,2,Stone,50,0,0
62,0x8c358aec,0x1695,17,Verbündete rufen,0x16f0,17,Convocar aliados,0x16e5,15,Appel d'alliés,0x168d,12,Call Allies,0,S-Move,43,Call EC,0,None,0,12,Varkris,0,0,Green,0,Physical,0,Power,0,Power,0,Poison,0,0,0
63,0x8c358c48,0x16a6,9,Verdauen,0x1701,8,Digerir,0x16f4,8,Digérer,0x1699,7,Digest,0,S-Move,-1,None,0,None,0,0,Power,0,0,Green,0,Physical,0,Power,0,Power,0,Poison,0,0,0
64,0x8c358b70,0x16af,17,Furchtbarer Biss,0x1709,17,Mordisco Temible,0x16fc,17,Terrible Morsure,0x16a0,14,Terrible Bite,0,S-Move,72,Fatigue + Damage,1,Single PC,0,16,Attack,15,2,Purple,0,Physical,16,Attack,17,Defense,6,Fatigue,20,0,0
65,0x8c358c50,0x16c0,8,Neglora,0x171a,8,Neglora,0x170d,8,Neglora,0x16ae,8,Neglora,0,S-Move,17,Rem Pos States + Damage,2,All PCs,0,16,Attack,5,4,Yellow,0,Physical,-1,None,-2,???,-1,None,-2,0,0
66,0x8c358c58,0x16c8,9,Eissturm,0x1722,16,Ráfaga de Hielo,0x1715,15,Orage de Glace,0x16b6,10,Ice Storm,0,S-Move,0,Damage,2,All PCs,0,16,Attack,20,2,Purple,0,Physical,0,Power,0,Power,0,Poison,0,0,0
67,0x8c358aec,0x16d1,17,Verbündete rufen,0x1732,17,Convocar aliados,0x1724,15,Appel d'alliés,0x16c0,12,Call Allies,0,S-Move,43,Call EC,0,None,0,60,Mereo,0,0,Green,0,Physical,0,Power,0,Power,0,Poison,0,0,0
68,0x8c358aec,0x16e2,17,Verbündete rufen,0x1743,17,Convocar aliados,0x1733,15,Appel d'alliés,0x16cc,12,Call Allies,0,S-Move,43,Call EC,0,None,0,84,Kilite,0,0,Green,0,Physical,0,Power,0,Power,0,Poison,0,0,0
69,0x8c358aec,0x16f3,17,Verbündete rufen,0x1754,17,Convocar aliados,0x1742,15,Appel d'alliés,0x16d8,12,Call Allies,0,S-Move,43,Call EC,0,None,0,107,Jynnus,0,0,Green,0,Physical,0,Power,0,Power,0,Poison,0,0,0
70,0x8c358c64,0x1704,16,Houroku Torpedo,0x1765,8,Granade,0x1751,17,Torpille Houroku,0x16e4,8,Grenade,0,S-Move,0,Damage,96,PC Square S3,0,16,Attack,20,4,Yellow,0,Physical,0,Power,0,Power,0,Poison,0,0,0
71,0x8c358a58,0x1714,8,Giftgas,0x176d,13,Gas Venenoso,0x1762,15,Gas Empoisonné,0x16ec,11,Poison Gas,0,S-Move,4,Poison + Damage,96,PC Square S3,0,16,Attack,20,0,Green,0,Physical,16,Attack,17,Defense,0,Poison,50,0,0
72,0x8c358c6c,0x171c,16,Sacrum-Kristall,0x177a,15,Cristal Sacrum,0x1771,15,Cristal Sacrum,0x16f7,15,Sacrum Crystal,0,S-Move,31,Recover HP,4,All ECs,0,1000,HP,0,0,Green,0,Physical,0,Power,0,Power,0,Poison,0,0,0
73,0x8c358aec,0x172c,17,Verbündete rufen,0x1789,17,Convocar aliados,0x1780,15,Appel d'alliés,0x1706,12,Call Allies,0,S-Move,43,Call EC,0,None,0,97,Razorbeak,0,0,Green,0,Physical,0,Power,0,Power,0,Poison,0,0,0
74,0x8c358aec,0x173d,17,Verbündete rufen,0x179a,17,Convocar aliados,0x178f,15,Appel d'alliés,0x1712,12,Call Allies,0,S-Move,43,Call EC,0,None,0,75,Eversor,0,0,Green,0,Physical,0,Power,0,Power,0,Poison,0,0,0
75,0x8c358c7c,0x174e,9,Entladen,0x17ab,8,Evacuar,0x179e,7,Renvoi,0x171e,10,Discharge,0,S-Move,0,Damage,2,All PCs,0,16,Attack,20,4,Yellow,0,Physical,0,Power,0,Power,0,Poison,0,0,0
76,0x8c358c88,0x1757,14,Tatatimorutto,0x17b3,14,Tatatimorutto,0x17a5,14,Tatatimorutto,0x1728,14,Tatatimorutto,0,S-Move,0,Damage,1,Single PC,0,16,Attack,40,3,Blue,0,Physical,0,Power,0,Power,0,Poison,0,0,0
77,0x8c358c98,0x1765,12,Runde Klaue,0x17c1,15,Tenaza Redonda,0x17b3,16,Griffe Arrondie,0x1736,11,Round Claw,0,S-Move,0,Damage,1,Single PC,0,16,Attack,40,5,Silver,0,Physical,0,Power,0,Power,0,Poison,0,0,0
78,0x8c358aec,0x1771,17,Verbündete rufen,0x17d0,17,Convocar aliados,0x17c3,15,Appel d'alliés,0x1741,12,Call Allies,0,S-Move,43,Call EC,0,None,0,93,Scarabée,0,0,Green,0,Physical,0,Power,0,Power,0,Poison,0,0,0
79,0x8c358ca4,0x1782,15,Sacri-Kristall,0x17e1,14,Cristal Sacri,0x17d2,14,Cristal Sacri,0x174d,14,Sacri Crystal,0,S-Move,31,Recover HP,3,Single EC,0,500,HP,0,0,Green,0,Physical,0,Power,0,Power,0,Poison,0,0,0
80,0x8c358cb4,0x1791,16,Sacres-Kristall,0x17ef,15,Cristal Sacres,0x17e0,15,Cristal Sacres,0x175b,15,Sacres Crystal,0,S-Move,31,Recover HP,3,Single EC,0,1000,HP,0,0,Green,0,Physical,0,Power,0,Power,0,Poison,0,0,0
81,0x8c358cc4,0x17a1,18,Sacrulen-Kristall,0x17fe,17,Cristal Sacrulen,0x17ef,17,Cristal Sacrulen,0x176a,17,Sacrulen Crystal,0,S-Move,31,Recover HP,4,All ECs,0,1000,HP,0,0,Green,0,Physical,0,Power,0,Power,0,Poison,0,0,0
82,0x8c358aec,0x17b3,17,Verbündete rufen,0x180f,17,Convocar aliados,0x1800,15,Appel d'alliés,0x177b,12,Call Allies,0,S-Move,43,Call EC,0,None,0,92,Langry,0,0,Green,0,Physical,0,Power,0,Power,0,Poison,0,0,0
83,0x8c358cd8,0x17c4,16,Silber-Alptraum,0x1820,10,Pesadilla,0x180f,17,Cauchemar Argent,0x1787,17,Silver Nightmare,0,S-Move,74,Control PC,1,Single PC,0,0,Power,0,0,Green,0,Physical,0,Power,0,Power,0,Poison,0,0,0
84,0x8c358cec,0x17d4,13,Silberbänder,0x182a,15,Lazos de Plata,0x1820,15,Liens d'argent,0x1798,13,Silver Binds,0,S-Move,0,Damage,1,Single PC,0,16,Attack,50,5,Silver,0,Physical,0,Power,0,Power,0,Poison,0,0,0
85,0x8c358bb0,0x17e1,15,Erholungspause,0x1839,17,Turno de Reposar,0x182f,13,Récupération,0x17a5,14,Turn Recovery,0,S-Move,33,Regenerate,5,Self,0,0,HP,0,0,Green,0,Physical,0,Power,0,Power,0,Poison,0,0,0
86,0x8c358bc0,0x17f0,11,Zerstörung,0x184a,12,Destrucción,0x183c,12,Destruction,0x17b3,12,Destruction,0,S-Move,17,Rem Pos States + Damage,2,All PCs,0,16,Attack,25,5,Silver,0,Physical,-1,None,-2,???,-1,None,-2,0,0
87,0x8c358aec,0x17fb,17,Verbündete rufen,0x1856,17,Convocar aliados,0x1848,15,Appel d'alliés,0x17bf,12,Call Allies,0,S-Move,43,Call EC,0,None,0,44,Iridzu,0,0,Green,0,Physical,0,Power,0,Power,0,Poison,0,0,0
88,0x8c358aec,0x180c,17,Verbündete rufen,0x1867,17,Convocar aliados,0x1857,15,Appel d'alliés,0x17cb,12,Call Allies,0,S-Move,43,Call EC,0,None,0,21,Feralisk,0,0,Green,0,Physical,0,Power,0,Power,0,Poison,0,0,0
89,0x8c358aec,0x181d,17,Verbündete rufen,0x1878,17,Convocar aliados,0x1866,15,Appel d'alliés,0x17d7,12,Call Allies,0,S-Move,43,Call EC,0,None,0,22,Ferlith,0,0,Green,0,Physical,0,Power,0,Power,0,Poison,0,0,0
90,0x8c358b98,0x182e,15,Silber-Eklipse,0x1889,17,Eclipse de Plata,0x1875,17,Éclipse d'argent,0x17e3,15,Silver Eclipse,0,S-Move,0,Damage,2,All PCs,0,16,Attack,25,6,Neutral,0,Physical,0,Power,0,Power,0,Poison,0,0,0
91,0x8c358cfc,0x183d,14,Nicht benutzt,0x189a,10,No se usa,0x1886,15,Non Utilisé(e),0x17f2,9,Not Used,0,S-Move,8,Stone + Damage,1,Single PC,0,16,Attack,15,0,Green,0,Physical,16,Attack,17,Defense,2,Stone,70,0,0
92,0x8c358d08,0x184b,14,Ermüdungsatem,0x18a4,16,Brisa de Fatiga,0x1895,16,Souffle Fatigue,0x17fb,15,Fatigue Breath,0,S-Move,72,Fatigue + Damage,1,Single PC,0,16,Attack,15,0,Green,0,Physical,16,Attack,17,Defense,6,Fatigue,20,0,0
93,0x8c358d08,0x1859,14,Ermüdungsatem,0x18b4,16,Brisa de Fatiga,0x18a5,16,Souffle Fatigue,0x180a,15,Fatigue Breath,0,S-Move,72,Fatigue + Damage,1,Single PC,0,16,Attack,15,1,Red,0,Physical,16,Attack,17,Defense,6,Fatigue,20,0,0
94,0x8c358d18,0x1867,12,Mondsegnung,0x18c4,16,Bendición Lunar,0x18b5,17,Bienfait lunaire,0x1819,15,Lunar Blessing,0,S-Move,33,Regenerate,5,Self,0,600,HP,0,0,Green,0,Physical,0,Power,0,Power,0,Poison,0,0,0
95,0x8c358d28,0x1873,6,DUMMY,0x18d4,6,DUMMY,0x18c6,6,DUMMY,0x1828,6,DUMMY,0,S-Move,-1,None,0,None,0,0,Power,0,0,Green,0,Physical,0,Power,0,Power,0,Poison,0,0,0
96,0x8c3589e8,0x1879,9,KETSUBAN,0x18da,9,KETSUBAN,0x18cc,9,KETSUBAN,0x182e,9,KETSUBAN,0,S-Move,0,Damage,0,None,0,0,Power,0,0,Green,0,Physical,0,Power,0,Power,0,Poison,0,0,0
97,0x8c358d30,0x1882,8,Notfall,0x18e3,11,Emergencia,0x18d5,8,Urgence,0x1837,10,Emergency,0,S-Move,64,Call EC + Defeat All ECs,0,None,0,99,Kantor,0,0,Green,0,Physical,0,Power,0,Power,0,Poison,0,0,0
98,0x8c358aec,0x188a,17,Verbündete rufen,0x18ee,17,Convocar aliados,0x18dd,15,Appel d'alliés,0x1841,12,Call Allies,0,S-Move,-1,None,0,None,0,0,Power,0,0,Green,0,Physical,0,Power,0,Power,0,Poison,0,0,0
99,0x8c358d3c,0x189b,8,Blaster,0x18ff,8,Blaster,0x18ec,9,Explosif,0x184d,8,Blaster,0,S-Move,0,Damage,101,PC Ray S3,0,16,Attack,25,5,Silver,0,Physical,0,Power,0,Power,0,Poison,0,0,0
100,0x8c358d44,0x18a3,7,Magie?,0x1907,8,¿Magia?,0x18f5,8,Magie ?,0x1855,7,Magic?,0,S-Move,-1,None,0,None,0,0,Power,0,0,Green,0,Physical,0,Power,0,Power,0,Poison,0,0,0
101,0x8c358d4c,0x18aa,6,DUMMY,0x190f,6,DUMMY,0x18fd,6,DUMMY,0x185c,6,DUMMY,0,S-Move,-1,None,0,None,0,0,Power,0,0,Green,0,Physical,0,Power,0,Power,0,Poison,0,0,0
102,0x8c358d4c,0x18b0,6,DUMMY,0x1915,6,DUMMY,0x1903,6,DUMMY,0x1862,6,DUMMY,0,S-Move,-1,None,0,None,0,0,Power,0,0,Green,0,Physical,0,Power,0,Power,0,Poison,0,0,0
103,0x8c358d4c,0x18b6,6,DUMMY,0x191b,6,DUMMY,0x1909,6,DUMMY,0x1868,6,DUMMY,0,S-Move,-1,None,0,None,0,0,Power,0,0,Green,0,Physical,0,Power,0,Power,0,Poison,0,0,0
104,0x8c358d4c,0x18bc,6,DUMMY,0x1921,6,DUMMY,0x190f,6,DUMMY,0x186e,6,DUMMY,0,S-Move,-1,None,0,None,0,0,Power,0,0,Green,0,Physical,0,Power,0,Power,0,Poison,0,0,0
105,0x8c358d4c,0x18c2,6,DUMMY,0x1927,6,DUMMY,0x1915,6,DUMMY,0x1874,6,DUMMY,0,S-Move,-1,None,0,None,0,0,Power,0,0,Green,0,Physical,0,Power,0,Power,0,Poison,0,0,0
106,0x8c358aec,0x18c8,17,Verbündete rufen,0x192d,17,Convocar aliados,0x191b,15,Appel d'alliés,0x187a,12,Call Allies,0,S-Move,-1,None,0,None,0,0,Power,0,0,Green,0,Physical,0,Power,0,Power,0,Poison,0,0,0
107,0x8c358aec,0x18d9,17,Verbündete rufen,0x193e,17,Convocar aliados,0x192a,15,Appel d'alliés,0x1886,12,Call Allies,0,S-Move,-1,None,0,None,0,0,Power,0,0,Green,0,Physical,0,Power,0,Power,0,Poison,0,0,0
108,0x8c358aec,0x18ea,17,Verbündete rufen,0x194f,17,Convocar aliados,0x1939,15,Appel d'alliés,0x1892,12,Call Allies,0,S-Move,-1,None,0,None,0,0,Power,0,0,Green,0,Physical,0,Power,0,Power,0,Poison,0,0,0
109,0x8c358aec,0x18fb,17,Verbündete rufen,0x1960,17,Convocar aliados,0x1948,15,Appel d'alliés,0x189e,12,Call Allies,0,S-Move,-1,None,0,None,0,0,Power,0,0,Green,0,Physical,0,Power,0,Power,0,Poison,0,0,0
110,0x8c358aec,0x190c,17,Verbündete rufen,0x1971,17,Convocar aliados,0x1957,15,Appel d'alliés,0x18aa,12,Call Allies,0,S-Move,-1,None,0,None,0,0,Power,0,0,Green,0,Physical,0,Power,0,Power,0,Poison,0,0,0
111,0x8c358aec,0x191d,17,Verbündete rufen,0x1982,17,Convocar aliados,0x1966,15,Appel d'alliés,0x18b6,12,Call Allies,0,S-Move,-1,None,0,None,0,0,Power,0,0,Green,0,Physical,0,Power,0,Power,0,Poison,0,0,0
112,0x8c358aec,0x192e,17,Verbündete rufen,0x1993,17,Convocar aliados,0x1975,15,Appel d'alliés,0x18c2,12,Call Allies,0,S-Move,-1,None,0,None,0,0,Power,0,0,Green,0,Physical,0,Power,0,Power,0,Poison,0,0,0
113,0x8c358aec,0x193f,17,Verbündete rufen,0x19a4,17,Convocar aliados,0x1984,15,Appel d'alliés,0x18ce,12,Call Allies,0,S-Move,-1,None,0,None,0,0,Power,0,0,Green,0,Physical,0,Power,0,Power,0,Poison,0,0,0
114,0x8c358aec,0x1950,17,Verbündete rufen,0x19b5,17,Convocar aliados,0x1993,15,Appel d'alliés,0x18da,12,Call Allies,0,S-Move,-1,None,0,None,0,0,Power,0,0,Green,0,Physical,0,Power,0,Power,0,Poison,0,0,0
115,0x8c358aec,0x1961,17,Verbündete rufen,0x19c6,17,Convocar aliados,0x19a2,15,Appel d'alliés,0x18e6,12,Call Allies,0,S-Move,-1,None,0,None,0,0,Power,0,0,Green,0,Physical,0,Power,0,Power,0,Poison,0,0,0
116,0x8c358d5c,0x1972,11,Krafttrunk,0x19d7,16,Poción Poderosa,0x19b1,15,Potion Pouvoir,0x18f2,13,Power Potion,0,S-Move,21,Incr Attack & Defense,3,Single EC,0,0,Power,0,0,Green,0,Physical,0,Power,0,Power,0,Poison,0,0,0
117,0x8c358d6c,0x197d,13,Schnelltrunk,0x19e7,17,Poción de Prisas,0x19c0,15,Potion Vitesse,0x18ff,13,Speed Potion,0,S-Move,20,Incr Quick,4,All ECs,0,0,Power,0,0,Green,0,Physical,0,Power,0,Power,0,Poison,0,0,0
118,0x8c358cb4,0x198a,16,Sacres-Kristall,0x19f8,15,Cristal Sacres,0x19cf,15,Cristal Sacres,0x190c,15,Sacres Crystal,0,S-Move,31,Recover HP,3,Single EC,0,1000,HP,0,0,Green,0,Physical,0,Power,0,Power,0,Poison,0,0,0
119,0x8c358d7c,0x199a,13,Todesattacke,0x1a07,17,Embestida Mortal,0x19de,13,Tacle Mortel,0x191b,13,Death Tackle,0,S-Move,0,Damage,102,PC Ray S5,0,16,Attack,40,4,Yellow,0,Physical,0,Power,0,Power,0,Poison,0,0,0
120,0x8c358d28,0x19a7,6,DUMMY,0x1a18,6,DUMMY,0x19eb,6,DUMMY,0x1928,6,DUMMY,0,S-Move,-1,None,0,None,0,0,Power,0,0,Green,0,Physical,0,Power,0,Power,0,Poison,0,0,0
121,0x8c358d28,0x19ad,6,DUMMY,0x1a1e,6,DUMMY,0x19f1,6,DUMMY,0x192e,6,DUMMY,0,S-Move,-1,None,0,None,0,0,Power,0,0,Green,0,Physical,0,Power,0,Power,0,Poison,0,0,0
122,0x8c358d28,0x19b3,6,DUMMY,0x1a24,6,DUMMY,0x19f7,6,DUMMY,0x1934,6,DUMMY,0,S-Move,-1,None,0,None,0,0,Power,0,0,Green,0,Physical,0,Power,0,Power,0,Poison,0,0,0
123,0x8c358d28,0x19b9,6,DUMMY,0x1a2a,6,DUMMY,0x19fd,6,DUMMY,0x193a,6,DUMMY,0,S-Move,-1,None,0,None,0,0,Power,0,0,Green,0,Physical,0,Power,0,Power,0,Poison,0,0,0
124,0x8c358d28,0x19bf,6,DUMMY,0x1a30,6,DUMMY,0x1a03,6,DUMMY,0x1940,6,DUMMY,0,S-Move,-1,None,0,None,0,0,Power,0,0,Green,0,Physical,0,Power,0,Power,0,Poison,0,0,0
125,0x8c358d28,0x19c5,6,DUMMY,0x1a36,6,DUMMY,0x1a09,6,DUMMY,0x1946,6,DUMMY,0,S-Move,-1,None,0,None,0,0,Power,0,0,Green,0,Physical,0,Power,0,Power,0,Poison,0,0,0
126,0x8c358d28,0x19cb,6,DUMMY,0x1a3c,6,DUMMY,0x1a0f,6,DUMMY,0x194c,6,DUMMY,0,S-Move,-1,None,0,None,0,0,Power,0,0,Green,0,Physical,0,Power,0,Power,0,Poison,0,0,0
127,0x8c358d28,0x19d1,6,DUMMY,0x1a42,6,DUMMY,0x1a15,6,DUMMY,0x1952,6,DUMMY,0,S-Move,-1,None,0,None,0,0,Power,0,0,Green,0,Physical,0,Power,0,Power,0,Poison,0,0,0
128,0x8c358d28,0x19d7,6,DUMMY,0x1a48,6,DUMMY,0x1a1b,6,DUMMY,0x1958,6,DUMMY,0,S-Move,-1,None,0,None,0,0,Power,0,0,Green,0,Physical,0,Power,0,Power,0,Poison,0,0,0
129,0x8c358d28,0x19dd,6,DUMMY,0x1a4e,6,DUMMY,0x1a21,6,DUMMY,0x195e,6,DUMMY,0,S-Move,-1,None,0,None,0,0,Power,0,0,Green,0,Physical,0,Power,0,Power,0,Poison,0,0,0
130,0x8c358d28,0x19e3,6,DUMMY,0x1a54,6,DUMMY,0x1a27,6,DUMMY,0x1964,6,DUMMY,0,S-Move,-1,None,0,None,0,0,Power,0,0,Green,0,Physical,0,Power,0,Power,0,Poison,0,0,0
131,0x8c358d28,0x19e9,6,DUMMY,0x1a5a,6,DUMMY,0x1a2d,6,DUMMY,0x196a,6,DUMMY,0,S-Move,-1,None,0,None,0,0,Power,0,0,Green,0,Physical,0,Power,0,Power,0,Poison,0,0,0
132,0x8c358d28,0x19ef,6,DUMMY,0x1a60,6,DUMMY,0x1a33,6,DUMMY,0x1970,6,DUMMY,0,S-Move,-1,None,0,None,0,0,Power,0,0,Green,0,Physical,0,Power,0,Power,0,Poison,0,0,0
133,0x8c358d28,0x19f5,6,DUMMY,0x1a66,6,DUMMY,0x1a39,6,DUMMY,0x1976,6,DUMMY,0,S-Move,-1,None,0,None,0,0,Power,0,0,Green,0,Physical,0,Power,0,Power,0,Poison,0,0,0
134,0x8c358d28,0x19fb,6,DUMMY,0x1a6c,6,DUMMY,0x1a3f,6,DUMMY,0x197c,6,DUMMY,0,S-Move,-1,None,0,None,0,0,Power,0,0,Green,0,Physical,0,Power,0,Power,0,Poison,0,0,0
135,0x8c358d28,0x1a01,6,DUMMY,0x1a72,6,DUMMY,0x1a45,6,DUMMY,0x1982,6,DUMMY,0,S-Move,-1,None,0,None,0,0,Power,0,0,Green,0,Physical,0,Power,0,Power,0,Poison,0,0,0
136,0x8c358d28,0x1a07,6,DUMMY,0x1a78,6,DUMMY,0x1a4b,6,DUMMY,0x1988,6,DUMMY,0,S-Move,-1,None,0,None,0,0,Power,0,0,Green,0,Physical,0,Power,0,Power,0,Poison,0,0,0
137,0x8c358d28,0x1a0d,6,DUMMY,0x1a7e,6,DUMMY,0x1a51,6,DUMMY,0x198e,6,DUMMY,0,S-Move,-1,None,0,None,0,0,Power,0,0,Green,0,Physical,0,Power,0,Power,0,Poison,0,0,0
138,0x8c358d28,0x1a13,6,DUMMY,0x1a84,6,DUMMY,0x1a57,6,DUMMY,0x1994,6,DUMMY,0,S-Move,-1,None,0,None,0,0,Power,0,0,Green,0,Physical,0,Power,0,Power,0,Poison,0,0,0
139,0x8c358d28,0x1a19,6,DUMMY,0x1a8a,6,DUMMY,0x1a5d,6,DUMMY,0x199a,6,DUMMY,0,S-Move,-1,None,0,None,0,0,Power,0,0,Green,0,Physical,0,Power,0,Power,0,Poison,0,0,0
140,0x8c358d28,0x1a1f,6,DUMMY,0x1a90,6,DUMMY,0x1a63,6,DUMMY,0x19a0,6,DUMMY,0,S-Move,-1,None,0,None,0,0,Power,0,0,Green,0,Physical,0,Power,0,Power,0,Poison,0,0,0
141,0x8c358d28,0x1a25,6,DUMMY,0x1a96,6,DUMMY,0x1a69,6,DUMMY,0x19a6,6,DUMMY,0,S-Move,-1,None,0,None,0,0,Power,0,0,Green,0,Physical,0,Power,0,Power,0,Poison,0,0,0
142,0x8c358d28,0x1a2b,6,DUMMY,0x1a9c,6,DUMMY,0x1a6f,6,DUMMY,0x19ac,6,DUMMY,0,S-Move,-1,None,0,None,0,0,Power,0,0,Green,0,Physical,0,Power,0,Power,0,Poison,0,0,0
143,0x8c358d28,0x1a31,6,DUMMY,0x1aa2,6,DUMMY,0x1a75,6,DUMMY,0x19b2,6,DUMMY,0,S-Move,-1,None,0,None,0,0,Power,0,0,Green,0,Physical,0,Power,0,Power,0,Poison,0,0,0
144,0x8c358d28,0x1a37,6,DUMMY,0x1aa8,6,DUMMY,0x1a7b,6,DUMMY,0x19b8,6,DUMMY,0,S-Move,-1,None,0,None,0,0,Power,0,0,Green,0,Physical,0,Power,0,Power,0,Poison,0,0,0
145,0x8c358d28,0x1a3d,6,DUMMY,0x1aae,6,DUMMY,0x1a81,6,DUMMY,0x19be,6,DUMMY,0,S-Move,-1,None,0,None,0,0,Power,0,0,Green,0,Physical,0,Power,0,Power,0,Poison,0,0,0
146,0x8c358d28,0x1a43,6,DUMMY,0x1ab4,6,DUMMY,0x1a87,6,DUMMY,0x19c4,6,DUMMY,0,S-Move,-1,None,0,None,0,0,Power,0,0,Green,0,Physical,0,Power,0,Power,0,Poison,0,0,0
147,0x8c358d28,0x1a49,6,DUMMY,0x1aba,6,DUMMY,0x1a8d,6,DUMMY,0x19ca,6,DUMMY,0,S-Move,-1,None,0,None,0,0,Power,0,0,Green,0,Physical,0,Power,0,Power,0,Poison,0,0,0
148,0x8c358d28,0x1a4f,6,DUMMY,0x1ac0,6,DUMMY,0x1a93,6,DUMMY,0x19d0,6,DUMMY,0,S-Move,-1,None,0,None,0,0,Power,0,0,Green,0,Physical,0,Power,0,Power,0,Poison,0,0,0
149,0x8c358d28,0x1a55,6,DUMMY,0x1ac6,6,DUMMY,0x1a99,6,DUMMY,0x19d6,6,DUMMY,0,S-Move,-1,None,0,None,0,0,Power,0,0,Green,0,Physical,0,Power,0,Power,0,Poison,0,0,0
150,0x8c358d28,0x1a5b,6,DUMMY,0x1acc,6,DUMMY,0x1a9f,6,DUMMY,0x19dc,6,DUMMY,0,S-Move,-1,None,0,None,0,0,Power,0,0,Green,0,Physical,0,Power,0,Power,0,Poison,0,0,0
151,0x8c358d28,0x1a61,6,DUMMY,0x1ad2,6,DUMMY,0x1aa5,6,DUMMY,0x19e2,6,DUMMY,0,S-Move,-1,None,0,None,0,0,Power,0,0,Green,0,Physical,0,Power,0,Power,0,Poison,0,0,0
152,0x8c358d28,0x1a67,6,DUMMY,0x1ad8,6,DUMMY,0x1aab,6,DUMMY,0x19e8,6,DUMMY,0,S-Move,-1,None,0,None,0,0,Power,0,0,Green,0,Physical,0,Power,0,Power,0,Poison,0,0,0
153,0x8c358d28,0x1a6d,6,DUMMY,0x1ade,6,DUMMY,0x1ab1,6,DUMMY,0x19ee,6,DUMMY,0,S-Move,-1,None,0,None,0,0,Power,0,0,Green,0,Physical,0,Power,0,Power,0,Poison,0,0,0
154,0x8c358d28,0x1a73,6,DUMMY,0x1ae4,6,DUMMY,0x1ab7,6,DUMMY,0x19f4,6,DUMMY,0,S-Move,-1,None,0,None,0,0,Power,0,0,Green,0,Physical,0,Power,0,Power,0,Poison,0,0,0
155,0x8c358d28,0x1a79,6,DUMMY,0x1aea,6,DUMMY,0x1abd,6,DUMMY,0x19fa,6,DUMMY,0,S-Move,-1,None,0,None,0,0,Power,0,0,Green,0,Physical,0,Power,0,Power,0,Poison,0,0,0
156,0x8c358d28,0x1a7f,6,DUMMY,0x1af0,6,DUMMY,0x1ac3,6,DUMMY,0x1a00,6,DUMMY,0,S-Move,-1,None,0,None,0,0,Power,0,0,Green,0,Physical,0,Power,0,Power,0,Poison,0,0,0
157,0x8c358d28,0x1a85,6,DUMMY,0x1af6,6,DUMMY,0x1ac9,6,DUMMY,0x1a06,6,DUMMY,0,S-Move,-1,None,0,None,0,0,Power,0,0,Green,0,Physical,0,Power,0,Power,0,Poison,0,0,0
158,0x8c358d28,0x1a8b,6,DUMMY,0x1afc,6,DUMMY,0x1acf,6,DUMMY,0x1a0c,6,DUMMY,0,S-Move,-1,None,0,None,0,0,Power,0,0,Green,0,Physical,0,Power,0,Power,0,Poison,0,0,0
159,0x8c358d28,0x1a91,6,DUMMY,0x1b02,6,DUMMY,0x1ad5,6,DUMMY,0x1a12,6,DUMMY,0,S-Move,-1,None,0,None,0,0,Power,0,0,Green,0,Physical,0,Power,0,Power,0,Poison,0,0,0
160,0x8c358d8c,0x1a97,6,Suche,0x1b08,9,Búsqueda,0x1adb,10,Recherche,0x1a18,7,Search,0,S-Move,-1,None,0,None,0,0,Power,0,0,Green,0,Physical,0,Power,0,Power,0,Poison,0,0,0
161,0x8c358a58,0x1a9d,8,Giftgas,0x1b11,13,Gas Venenoso,0x1ae5,15,Gaz Empoisonné,0x1a1f,11,Poison Gas,0,S-Move,4,Poison + Damage,96,PC Square S3,0,16,Attack,15,0,Green,0,Physical,16,Attack,17,Defense,0,Poison,50,0,0
162,0x8c358d94,0x1aa5,13,Ermüdungsgas,0x1b1e,14,Gas de Fatiga,0x1af4,15,Gaz de Fatigue,0x1a2a,12,Fatigue Gas,0,S-Move,72,Fatigue + Damage,96,PC Square S3,0,16,Attack,15,4,Yellow,0,Physical,16,Attack,17,Defense,6,Fatigue,20,0,0
163,0x8c358d28,0x1ab2,6,DUMMY,0x1b2c,6,DUMMY,0x1b03,6,DUMMY,0x1a36,6,DUMMY,0,S-Move,-1,None,0,None,0,0,Power,0,0,Green,0,Physical,0,Power,0,Power,0,Poison,0,0,0
164,0x8c358d28,0x1ab8,6,DUMMY,0x1b32,6,DUMMY,0x1b09,6,DUMMY,0x1a3c,6,DUMMY,0,S-Move,-1,None,0,None,0,0,Power,0,0,Green,0,Physical,0,Power,0,Power,0,Poison,0,0,0
165,0x8c358d28,0x1abe,6,DUMMY,0x1b38,6,DUMMY,0x1b0f,6,DUMMY,0x1a42,6,DUMMY,0,S-Move,-1,None,0,None,0,0,Power,0,0,Green,0,Physical,0,Power,0,Power,0,Poison,0,0,0
166,0x8c358d28,0x1ac4,6,DUMMY,0x1b3e,6,DUMMY,0x1b15,6,DUMMY,0x1a48,6,DUMMY,0,S-Move,-1,None,0,None,0,0,Power,0,0,Green,0,Physical,0,Power,0,Power,0,Poison,0,0,0
167,0x8c358d28,0x1aca,6,DUMMY,0x1b44,6,DUMMY,0x1b1b,6,DUMMY,0x1a4e,6,DUMMY,0,S-Move,-1,None,0,None,0,0,Power,0,0,Green,0,Physical,0,Power,0,Power,0,Poison,0,0,0
168,0x8c358d28,0x1ad0,6,DUMMY,0x1b4a,6,DUMMY,0x1b21,6,DUMMY,0x1a54,6,DUMMY,0,S-Move,-1,None,0,None,0,0,Power,0,0,Green,0,Physical,0,Power,0,Power,0,Poison,0,0,0
169,0x8c358d28,0x1ad6,6,DUMMY,0x1b50,6,DUMMY,0x1b27,6,DUMMY,0x1a5a,6,DUMMY,0,S-Move,-1,None,0,None,0,0,Power,0,0,Green,0,Physical,0,Power,0,Power,0,Poison,0,0,0
170,0x8c358da0,0x1adc,11,Nadelsturm,0x1b56,17,Ráfaga de Agujas,0x1b2d,16,Orage Aiguilles,0x1a60,13,Needle Storm,0,S-Move,0,Damage,1,Single PC,0,16,Attack,40,3,Blue,0,Physical,0,Power,0,Power,0,Poison,0,0,0
171,0x8c358d28,0x1ae7,6,DUMMY,0x1b67,6,DUMMY,0x1b3d,6,DUMMY,0x1a6d,6,DUMMY,0,S-Move,-1,None,0,None,0,0,Power,0,0,Green,0,Physical,0,Power,0,Power,0,Poison,0,0,0
172,0x8c358d28,0x1aed,6,DUMMY,0x1b6d,6,DUMMY,0x1b43,6,DUMMY,0x1a73,6,DUMMY,0,S-Move,-1,None,0,None,0,0,Power,0,0,Green,0,Physical,0,Power,0,Power,0,Poison,0,0,0
173,0x8c358d28,0x1af3,6,DUMMY,0x1b73,6,DUMMY,0x1b49,6,DUMMY,0x1a79,6,DUMMY,0,S-Move,-1,None,0,None,0,0,Power,0,0,Green,0,Physical,0,Power,0,Power,0,Poison,0,0,0
174,0x8c358d28,0x1af9,6,DUMMY,0x1b79,6,DUMMY,0x1b4f,6,DUMMY,0x1a7f,6,DUMMY,0,S-Move,-1,None,0,None,0,0,Power,0,0,Green,0,Physical,0,Power,0,Power,0,Poison,0,0,0
175,0x8c358d28,0x1aff,6,DUMMY,0x1b7f,6,DUMMY,0x1b55,6,DUMMY,0x1a85,6,DUMMY,0,S-Move,-1,None,0,None,0,0,Power,0,0,Green,0,Physical,0,Power,0,Power,0,Poison,0,0,0
176,0x8c358d28,0x1b05,6,DUMMY,0x1b85,6,DUMMY,0x1b5b,6,DUMMY,0x1a8b,6,DUMMY,0,S-Move,-1,None,0,None,0,0,Power,0,0,Green,0,Physical,0,Power,0,Power,0,Poison,0,0,0
177,0x8c358d28,0x1b0b,6,DUMMY,0x1b8b,6,DUMMY,0x1b61,6,DUMMY,0x1a91,6,DUMMY,0,S-Move,-1,None,0,None,0,0,Power,0,0,Green,0,Physical,0,Power,0,Power,0,Poison,0,0,0
178,0x8c358d28,0x1b11,6,DUMMY,0x1b91,6,DUMMY,0x1b67,6,DUMMY,0x1a97,6,DUMMY,0,S-Move,-1,None,0,None,0,0,Power,0,0,Green,0,Physical,0,Power,0,Power,0,Poison,0,0,0
179,0x8c358d28,0x1b17,6,DUMMY,0x1b97,6,DUMMY,0x1b6d,6,DUMMY,0x1a9d,6,DUMMY,0,S-Move,-1,None,0,None,0,0,Power,0,0,Green,0,Physical,0,Power,0,Power,0,Poison,0,0,0
180,0x8c358db0,0x1b1d,10,Lavasturm,0x1b9d,17,Tormenta de lava,0x1b73,14,Orage de Lave,0x1aa3,11,Lava Storm,0,S-Move,0,Damage,2,All PCs,0,16,Attack,10,1,Red,0,Physical,0,Power,0,Power,0,Poison,0,0,0
181,0x8c358dbc,0x1b27,13,Blast-Breath,0x1bae,16,Ráfaga de Brisa,0x1b81,16,Soufflexplosion,0x1aae,13,Blast Breath,0,S-Move,0,Damage,2,All PCs,0,16,Attack,15,1,Red,0,Physical,0,Power,0,Power,0,Poison,0,0,0
182,0x8c358dcc,0x1b34,12,Loqua-Spray,0x1bbe,12,Spray Loqua,0x1b91,12,Spray Loqua,0x1abb,12,Loqua Spray,0,S-Move,0,Damage,2,All PCs,0,16,Attack,25,1,Red,0,Physical,0,Power,0,Power,0,Poison,0,0,0
183,0x8c358dd8,0x1b40,10,Frostatem,0x1bca,15,Brisa de Hielo,0x1b9d,15,Souffle de Gel,0x1ac7,13,Frost Breath,0,S-Move,0,Damage,2,All PCs,0,16,Attack,15,2,Purple,0,Physical,0,Power,0,Power,0,Poison,0,0,0
184,0x8c358dd8,0x1b4a,10,Frostatem,0x1bd9,15,Brisa de Hielo,0x1bac,15,Souffle de Gel,0x1ad4,13,Frost Breath,0,S-Move,0,Damage,2,All PCs,0,16,Attack,15,2,Purple,0,Physical,0,Power,0,Power,0,Poison,0,0,0
185,0x8c358d28,0x1b54,6,DUMMY,0x1be8,6,DUMMY,0x1bbb,6,DUMMY,0x1ae1,6,DUMMY,0,S-Move,-1,None,0,None,0,0,Power,0,0,Green,0,Physical,0,Power,0,Power,0,Poison,0,0,0
186,0x8c358d28,0x1b5a,6,DUMMY,0x1bee,6,DUMMY,0x1bc1,6,DUMMY,0x1ae7,6,DUMMY,0,S-Move,-1,None,0,None,0,0,Power,0,0,Green,0,Physical,0,Power,0,Power,0,Poison,0,0,0
187,0x8c358d28,0x1b60,6,DUMMY,0x1bf4,6,DUMMY,0x1bc7,6,DUMMY,0x1aed,6,DUMMY,0,S-Move,-1,None,0,None,0,0,Power,0,0,Green,0,Physical,0,Power,0,Power,0,Poison,0,0,0
188,0x8c358d28,0x1b66,6,DUMMY,0x1bfa,6,DUMMY,0x1bcd,6,DUMMY,0x1af3,6,DUMMY,0,S-Move,-1,None,0,None,0,0,Power,0,0,Green,0,Physical,0,Power,0,Power,0,Poison,0,0,0
189,0x8c358d28,0x1b6c,6,DUMMY,0x1c00,6,DUMMY,0x1bd3,6,DUMMY,0x1af9,6,DUMMY,0,S-Move,-1,None,0,None,0,0,Power,0,0,Green,0,Physical,0,Power,0,Power,0,Poison,0,0,0
190,0x8c358de8,0x1b72,7,Damyun,0x1c06,7,Damyun,0x1bd9,7,Damyun,0x1aff,7,Damyun,0,S-Move,12,Silence,2,All PCs,0,0,Power,0,0,Green,0,Physical,16,Attack,17,Defense,5,Silence,40,0,0
191,0x8c358df0,0x1b79,15,Schlummerstaub,0x1c0d,16,Polvo de Dormir,0x1be0,15,Poudre Sommeil,0x1b06,13,Slumber Dust,0,S-Move,9,Sleep,102,PC Ray S5,0,0,Power,0,0,Green,0,Physical,16,Attack,17,Defense,3,Sleep,40,0,0
192,0x8c358d28,0x1b88,6,DUMMY,0x1c1d,6,DUMMY,0x1bef,6,DUMMY,0x1b13,6,DUMMY,0,S-Move,-1,None,0,None,0,0,Power,0,0,Green,0,Physical,0,Power,0,Power,0,Poison,0,0,0
193,0x8c358d28,0x1b8e,6,DUMMY,0x1c23,6,DUMMY,0x1bf5,6,DUMMY,0x1b19,6,DUMMY,0,S-Move,-1,None,0,None,0,0,Power,0,0,Green,0,Physical,0,Power,0,Power,0,Poison,0,0,0
194,0x8c358d28,0x1b94,6,DUMMY,0x1c29,6,DUMMY,0x1bfb,6,DUMMY,0x1b1f,6,DUMMY,0,S-Move,-1,None,0,None,0,0,Power,0,0,Green,0,Physical,0,Power,0,Power,0,Poison,0,0,0
195,0x8c358d28,0x1b9a,6,DUMMY,0x1c2f,6,DUMMY,0x1c01,6,DUMMY,0x1b25,6,DUMMY,0,S-Move,-1,None,0,None,0,0,Power,0,0,Green,0,Physical,0,Power,0,Power,0,Poison,0,0,0
196,0x8c358d28,0x1ba0,6,DUMMY,0x1c35,6,DUMMY,0x1c07,6,DUMMY,0x1b2b,6,DUMMY,0,S-Move,-1,None,0,None,0,0,Power,0,0,Green,0,Physical,0,Power,0,Power,0,Poison,0,0,0
197,0x8c358d28,0x1ba6,6,DUMMY,0x1c3b,6,DUMMY,0x1c0d,6,DUMMY,0x1b31,6,DUMMY,0,S-Move,-1,None,0,None,0,0,Power,0,0,Green,0,Physical,0,Power,0,Power,0,Poison,0,0,0
198,0x8c358d28,0x1bac,6,DUMMY,0x1c41,6,DUMMY,0x1c13,6,DUMMY,0x1b37,6,DUMMY,0,S-Move,-1,None,0,None,0,0,Power,0,0,Green,0,Physical,0,Power,0,Power,0,Poison,0,0,0
199,0x8c358d28,0x1bb2,6,DUMMY,0x1c47,6,DUMMY,0x1c19,6,DUMMY,0x1b3d,6,DUMMY,0,S-Move,-1,None,0,None,0,0,Power,0,0,Green,0,Physical,0,Power,0,Power,0,Poison,0,0,0
200,0x8c358aec,0x1bb8,17,Verbündete rufen,0x1c4d,17,Convocar aliados,0x1c1f,15,Appel d'alliés,0x1b43,12,Call Allies,0,S-Move,43,Call EC,0,None,0,13,Azbeth,0,0,Green,0,Physical,0,Power,0,Power,0,Poison,0,0,0
201,0x8c358aec,0x1bc9,17,Verbündete rufen,0x1c5e,17,Convocar aliados,0x1c2e,15,Appel d'alliés,0x1b4f,12,Call Allies,0,S-Move,43,Call EC,0,None,0,96,Ballista Rostram,0,0,Green,0,Physical,0,Power,0,Power,0,Poison,0,0,0
202,0x8c358d28,0x1bda,6,DUMMY,0x1c6f,6,DUMMY,0x1c3d,6,DUMMY,0x1b5b,6,DUMMY,0,S-Move,-1,None,0,None,0,0,Power,0,0,Green,0,Physical,0,Power,0,Power,0,Poison,0,0,0
203,0x8c358d28,0x1be0,6,DUMMY,0x1c75,6,DUMMY,0x1c43,6,DUMMY,0x1b61,6,DUMMY,0,S-Move,-1,None,0,None,0,0,Power,0,0,Green,0,Physical,0,Power,0,Power,0,Poison,0,0,0
204,0x8c358d28,0x1be6,6,DUMMY,0x1c7b,6,DUMMY,0x1c49,6,DUMMY,0x1b67,6,DUMMY,0,S-Move,-1,None,0,None,0,0,Power,0,0,Green,0,Physical,0,Power,0,Power,0,Poison,0,0,0
205,0x8c358d28,0x1bec,6,DUMMY,0x1c81,6,DUMMY,0x1c4f,6,DUMMY,0x1b6d,6,DUMMY,0,S-Move,-1,None,0,None,0,0,Power,0,0,Green,0,Physical,0,Power,0,Power,0,Poison,0,0,0
206,0x8c358d28,0x1bf2,6,DUMMY,0x1c87,6,DUMMY,0x1c55,6,DUMMY,0x1b73,6,DUMMY,0,S-Move,-1,None,0,None,0,0,Power,0,0,Green,0,Physical,0,Power,0,Power,0,Poison,0,0,0
207,0x8c358d28,0x1bf8,6,DUMMY,0x1c8d,6,DUMMY,0x1c5b,6,DUMMY,0x1b79,6,DUMMY,0,S-Move,-1,None,0,None,0,0,Power,0,0,Green,0,Physical,0,Power,0,Power,0,Poison,0,0,0
208,0x8c358d28,0x1bfe,6,DUMMY,0x1c93,6,DUMMY,0x1c61,6,DUMMY,0x1b7f,6,DUMMY,0,S-Move,-1,None,0,None,0,0,Power,0,0,Green,0,Physical,0,Power,0,Power,0,Poison,0,0,0
209,0x8c358d28,0x1c04,6,DUMMY,0x1c99,6,DUMMY,0x1c67,6,DUMMY,0x1b85,6,DUMMY,0,S-Move,-1,None,0,None,0,0,Power,0,0,Green,0,Physical,0,Power,0,Power,0,Poison,0,0,0
210,0x8c358e00,0x1c0a,14,HP übernehmen,0x1c9f,15,Absorber Salud,0x1c6d,12,Absorber PV,0x1b8b,10,HP Absorb,0,S-Move,44,Absorb HP,1,Single PC,0,2,Vigor,10,0,Green,0,Physical,0,Power,0,Power,0,Poison,0,0,0
211,0x8c358e00,0x1c18,14,HP übernehmen,0x1cae,15,Absorber Salud,0x1c79,12,Absorber PV,0x1b95,10,HP Absorb,0,S-Move,44,Absorb HP,1,Single PC,0,2,Vigor,10,0,Green,0,Physical,0,Power,0,Power,0,Poison,0,0,0
212,0x8c358e00,0x1c26,14,HP übernehmen,0x1cbd,15,Absorber Salud,0x1c85,12,Absorber PV,0x1b9f,10,HP Absorb,0,S-Move,44,Absorb HP,1,Single PC,0,2,Vigor,20,0,Green,0,Physical,0,Power,0,Power,0,Poison,0,0,0
213,0x8c358e00,0x1c34,14,HP übernehmen,0x1ccc,15,Absorber Salud,0x1c91,12,Absorber PV,0x1ba9,10,HP Absorb,0,S-Move,44,Absorb HP,1,Single PC,0,2,Vigor,20,0,Green,0,Physical,0,Power,0,Power,0,Poison,0,0,0
214,0x8c358d28,0x1c42,6,DUMMY,0x1cdb,6,DUMMY,0x1c9d,6,DUMMY,0x1bb3,6,DUMMY,0,S-Move,-1,None,0,None,0,0,Power,0,0,Green,0,Physical,0,Power,0,Power,0,Poison,0,0,0
215,0x8c358d28,0x1c48,6,DUMMY,0x1ce1,6,DUMMY,0x1ca3,6,DUMMY,0x1bb9,6,DUMMY,0,S-Move,-1,None,0,None,0,0,Power,0,0,Green,0,Physical,0,Power,0,Power,0,Poison,0,0,0
216,0x8c358d28,0x1c4e,6,DUMMY,0x1ce7,6,DUMMY,0x1ca9,6,DUMMY,0x1bbf,6,DUMMY,0,S-Move,-1,None,0,None,0,0,Power,0,0,Green,0,Physical,0,Power,0,Power,0,Poison,0,0,0
217,0x8c358d28,0x1c54,6,DUMMY,0x1ced,6,DUMMY,0x1caf,6,DUMMY,0x1bc5,6,DUMMY,0,S-Move,-1,None,0,None,0,0,Power,0,0,Green,0,Physical,0,Power,0,Power,0,Poison,0,0,0
218,0x8c358d28,0x1c5a,6,DUMMY,0x1cf3,6,DUMMY,0x1cb5,6,DUMMY,0x1bcb,6,DUMMY,0,S-Move,-1,None,0,None,0,0,Power,0,0,Green,0,Physical,0,Power,0,Power,0,Poison,0,0,0
219,0x8c358d28,0x1c60,6,DUMMY,0x1cf9,6,DUMMY,0x1cbb,6,DUMMY,0x1bd1,6,DUMMY,0,S-Move,-1,None,0,None,0,0,Power,0,0,Green,0,Physical,0,Power,0,Power,0,Poison,0,0,0
220,0x8c358e0c,0x1c66,13,Schnellfeuer,0x1cff,13,Fuego Rápido,0x1cc1,11,Tir Rapide,0x1bd7,11,Rapid Fire,0,S-Move,0,Damage,1,Single PC,0,16,Attack,30,4,Yellow,0,Physical,0,Power,0,Power,0,Poison,0,0,0
221,0x8c3589e8,0x1c73,9,KETSUBAN,0x1d0c,9,KETSUBAN,0x1ccc,9,KETSUBAN,0x1be2,9,KETSUBAN,0,S-Move,-1,None,0,None,0,0,Power,0,0,Green,0,Physical,0,Power,0,Power,0,Poison,0,0,0
222,0x8c358d28,0x1c7c,6,DUMMY,0x1d15,6,DUMMY,0x1cd5,6,DUMMY,0x1beb,6,DUMMY,0,S-Move,-1,None,0,None,0,0,Power,0,0,Green,0,Physical,0,Power,0,Power,0,Poison,0,0,0
223,0x8c358d28,0x1c82,6,DUMMY,0x1d1b,6,DUMMY,0x1cdb,6,DUMMY,0x1bf1,6,DUMMY,0,S-Move,-1,None,0,None,0,0,Power,0,0,Green,0,Physical,0,Power,0,Power,0,Poison,0,0,0
224,0x8c358d28,0x1c88,6,DUMMY,0x1d21,6,DUMMY,0x1ce1,6,DUMMY,0x1bf7,6,DUMMY,0,S-Move,-1,None,0,None,0,0,Power,0,0,Green,0,Physical,0,Power,0,Power,0,Poison,0,0,0
225,0x8c358d28,0x1c8e,6,DUMMY,0x1d27,6,DUMMY,0x1ce7,6,DUMMY,0x1bfd,6,DUMMY,0,S-Move,-1,None,0,None,0,0,Power,0,0,Green,0,Physical,0,Power,0,Power,0,Poison,0,0,0
226,0x8c358d28,0x1c94,6,DUMMY,0x1d2d,6,DUMMY,0x1ced,6,DUMMY,0x1c03,6,DUMMY,0,S-Move,-1,None,0,None,0,0,Power,0,0,Green,0,Physical,0,Power,0,Power,0,Poison,0,0,0
227,0x8c358d28,0x1c9a,6,DUMMY,0x1d33,6,DUMMY,0x1cf3,6,DUMMY,0x1c09,6,DUMMY,0,S-Move,-1,None,0,None,0,0,Power,0,0,Green,0,Physical,0,Power,0,Power,0,Poison,0,0,0
228,0x8c358d28,0x1ca0,6,DUMMY,0x1d39,6,DUMMY,0x1cf9,6,DUMMY,0x1c0f,6,DUMMY,0,S-Move,-1,None,0,None,0,0,Power,0,0,Green,0,Physical,0,Power,0,Power,0,Poison,0,0,0
229,0x8c358d28,0x1ca6,6,DUMMY,0x1d3f,6,DUMMY,0x1cff,6,DUMMY,0x1c15,6,DUMMY,0,S-Move,-1,None,0,None,0,0,Power,0,0,Green,0,Physical,0,Power,0,Power,0,Poison,0,0,0
230,0x8c358e18,0x1cac,8,Irnagun,0x1d45,8,Irnagun,0x1d05,8,Irnagun,0x1c1b,8,Irnagun,0,S-Move,0,Damage,1,Single PC,0,16,Attack,40,3,Blue,0,Physical,0,Power,0,Power,0,Poison,0,0,0
231,0x8c358d28,0x1cb4,6,DUMMY,0x1d4d,6,DUMMY,0x1d0d,6,DUMMY,0x1c23,6,DUMMY,0,S-Move,-1,None,0,None,0,0,Power,0,0,Green,0,Physical,0,Power,0,Power,0,Poison,0,0,0
232,0x8c358d28,0x1cba,6,DUMMY,0x1d53,6,DUMMY,0x1d13,6,DUMMY,0x1c29,6,DUMMY,0,S-Move,-1,None,0,None,0,0,Power,0,0,Green,0,Physical,0,Power,0,Power,0,Poison,0,0,0
233,0x8c358d28,0x1cc0,6,DUMMY,0x1d59,6,DUMMY,0x1d19,6,DUMMY,0x1c2f,6,DUMMY,0,S-Move,-1,None,0,None,0,0,Power,0,0,Green,0,Physical,0,Power,0,Power,0,Poison,0,0,0
234,0x8c358d28,0x1cc6,6,DUMMY,0x1d5f,6,DUMMY,0x1d1f,6,DUMMY,0x1c35,6,DUMMY,0,S-Move,-1,None,0,None,0,0,Power,0,0,Green,0,Physical,0,Power,0,Power,0,Poison,0,0,0
235,0x8c358d28,0x1ccc,6,DUMMY,0x1d65,6,DUMMY,0x1d25,6,DUMMY,0x1c3b,6,DUMMY,0,S-Move,-1,None,0,None,0,0,Power,0,0,Green,0,Physical,0,Power,0,Power,0,Poison,0,0,0
236,0x8c358d28,0x1cd2,6,DUMMY,0x1d6b,6,DUMMY,0x1d2b,6,DUMMY,0x1c41,6,DUMMY,0,S-Move,-1,None,0,None,0,0,Power,0,0,Green,0,Physical,0,Power,0,Power,0,Poison,0,0,0
237,0x8c358d28,0x1cd8,6,DUMMY,0x1d71,6,DUMMY,0x1d31,6,DUMMY,0x1c47,6,DUMMY,0,S-Move,-1,None,0,None,0,0,Power,0,0,Green,0,Physical,0,Power,0,Power,0,Poison,0,0,0
238,0x8c358d28,0x1cde,6,DUMMY,0x1d77,6,DUMMY,0x1d37,6,DUMMY,0x1c4d,6,DUMMY,0,S-Move,-1,None,0,None,0,0,Power,0,0,Green,0,Physical,0,Power,0,Power,0,Poison,0,0,0
239,0x8c358d28,0x1ce4,6,DUMMY,0x1d7d,6,DUMMY,0x1d3d,6,DUMMY,0x1c53,6,DUMMY,0,S-Move,-1,None,0,None,0,0,Power,0,0,Green,0,Physical,0,Power,0,Power,0,Poison,0,0,0
240,0x8c358d28,0x1cea,6,DUMMY,0x1d83,6,DUMMY,0x1d43,6,DUMMY,0x1c59,6,DUMMY,0,S-Move,-1,None,0,None,0,0,Power,0,0,Green,0,Physical,0,Power,0,Power,0,Poison,0,0,0
241,0x8c358d28,0x1cf0,6,DUMMY,0x1d89,6,DUMMY,0x1d49,6,DUMMY,0x1c5f,6,DUMMY,0,S-Move,-1,None,0,None,0,0,Power,0,0,Green,0,Physical,0,Power,0,Power,0,Poison,0,0,0
242,0x8c358d28,0x1cf6,6,DUMMY,0x1d8f,6,DUMMY,0x1d4f,6,DUMMY,0x1c65,6,DUMMY,0,S-Move,-1,None,0,None,0,0,Power,0,0,Green,0,Physical,0,Power,0,Power,0,Poison,0,0,0
243,0x8c358d28,0x1cfc,6,DUMMY,0x1d95,6,DUMMY,0x1d55,6,DUMMY,0x1c6b,6,DUMMY,0,S-Move,-1,None,0,None,0,0,Power,0,0,Green,0,Physical,0,Power,0,Power,0,Poison,0,0,0
244,0x8c358d28,0x1d02,6,DUMMY,0x1d9b,6,DUMMY,0x1d5b,6,DUMMY,0x1c71,6,DUMMY,0,S-Move,-1,None,0,None,0,0,Power,0,0,Green,0,Physical,0,Power,0,Power,0,Poison,0,0,0
245,0x8c358d28,0x1d08,6,DUMMY,0x1da1,6,DUMMY,0x1d61,6,DUMMY,0x1c77,6,DUMMY,0,S-Move,-1,None,0,None,0,0,Power,0,0,Green,0,Physical,0,Power,0,Power,0,Poison,0,0,0
246,0x8c358d28,0x1d0e,6,DUMMY,0x1da7,6,DUMMY,0x1d67,6,DUMMY,0x1c7d,6,DUMMY,0,S-Move,-1,None,0,None,0,0,Power,0,0,Green,0,Physical,0,Power,0,Power,0,Poison,0,0,0
247,0x8c358d28,0x1d14,6,DUMMY,0x1dad,6,DUMMY,0x1d6d,6,DUMMY,0x1c83,6,DUMMY,0,S-Move,-1,None,0,None,0,0,Power,0,0,Green,0,Physical,0,Power,0,Power,0,Poison,0,0,0
248,0x8c358d28,0x1d1a,6,DUMMY,0x1db3,6,DUMMY,0x1d73,6,DUMMY,0x1c89,6,DUMMY,0,S-Move,-1,None,0,None,0,0,Power,0,0,Green,0,Physical,0,Power,0,Power,0,Poison,0,0,0
249,0x8c358d28,0x1d20,6,DUMMY,0x1db9,6,DUMMY,0x1d79,6,DUMMY,0x1c8f,6,DUMMY,0,S-Move,-1,None,0,None,0,0,Power,0,0,Green,0,Physical,0,Power,0,Power,0,Poison,0,0,0
250,0x8c358e20,0x1d26,12,Windschnitt,0x1dbf,14,Corta Vientos,0x1d7f,15,Vent Tranchant,0x1c95,11,Wind Slash,0,S-Move,0,Damage,103,PC Triangle 60°,0,16,Attack,15,3,Blue,0,Physical,0,Power,0,Power,0,Poison,0,0,0
251,0x8c358e2c,0x1d32,12,Schallwelle,0x1dcd,11,Ola Sónica,0x1d8e,14,Vague Sonique,0x1ca0,11,Sonic Wave,0,S-Move,0,Damage,103,PC Triangle 60°,0,16,Attack,15,4,Yellow,0,Physical,0,Power,0,Power,0,Poison,0,0,0
252,0x8c3589e8,0x1d3e,9,KETSUBAN,0x1dd8,9,KETSUBAN,0x1d9c,9,KETSUBAN,0x1cab,9,KETSUBAN,0,S-Move,-1,None,0,None,0,0,Power,0,0,Green,0,Physical,0,Power,0,Power,0,Poison,0,0,0
253,0x8c358d28,0x1d47,6,DUMMY,0x1de1,6,DUMMY,0x1da5,6,DUMMY,0x1cb4,6,DUMMY,0,S-Move,-1,None,0,None,0,0,Power,0,0,Green,0,Physical,0,Power,0,Power,0,Poison,0,0,0
254,0x8c358d28,0x1d4d,6,DUMMY,0x1de7,6,DUMMY,0x1dab,6,DUMMY,0x1cba,6,DUMMY,0,S-Move,-1,None,0,None,0,0,Power,0,0,Green,0,Physical,0,Power,0,Power,0,Poison,0,0,0
255,0x8c358d28,0x1d53,6,DUMMY,0x1ded,6,DUMMY,0x1db1,6,DUMMY,0x1cc0,6,DUMMY,0,S-Move,-1,None,0,None,0,0,Power,0,0,Green,0,Physical,0,Power,0,Power,0,Poison,0,0,0
256,0x8c358d28,0x1d59,6,DUMMY,0x1df3,6,DUMMY,0x1db7,6,DUMMY,0x1cc6,6,DUMMY,0,S-Move,-1,None,0,None,0,0,Power,0,0,Green,0,Physical,0,Power,0,Power,0,Poison,0,0,0
257,0x8c358d28,0x1d5f,6,DUMMY,0x1df9,6,DUMMY,0x1dbd,6,DUMMY,0x1ccc,6,DUMMY,0,S-Move,-1,None,0,None,0,0,Power,0,0,Green,0,Physical,0,Power,0,Power,0,Poison,0,0,0
258,0x8c358d28,0x1d65,6,DUMMY,0x1dff,6,DUMMY,0x1dc3,6,DUMMY,0x1cd2,6,DUMMY,0,S-Move,-1,None,0,None,0,0,Power,0,0,Green,0,Physical,0,Power,0,Power,0,Poison,0,0,0
259,0x8c358d28,0x1d6b,6,DUMMY,0x1e05,6,DUMMY,0x1dc9,6,DUMMY,0x1cd8,6,DUMMY,0,S-Move,-1,None,0,None,0,0,Power,0,0,Green,0,Physical,0,Power,0,Power,0,Poison,0,0,0
260,0x8c358e38,0x1d71,6,Beben,0x1e0b,10,Terremoto,0x1dcf,7,Séisme,0x1cde,6,Quake,0,S-Move,0,Damage,2,All PCs,0,16,Attack,20,2,Purple,0,Physical,0,Power,0,Power,0,Poison,0,0,0
261,0x8c358d28,0x1d77,6,DUMMY,0x1e15,6,DUMMY,0x1dd6,6,DUMMY,0x1ce4,6,DUMMY,0,S-Move,-1,None,0,None,0,0,Power,0,0,Green,0,Physical,0,Power,0,Power,0,Poison,0,0,0
262,0x8c358d28,0x1d7d,6,DUMMY,0x1e1b,6,DUMMY,0x1ddc,6,DUMMY,0x1cea,6,DUMMY,0,S-Move,-1,None,0,None,0,0,Power,0,0,Green,0,Physical,0,Power,0,Power,0,Poison,0,0,0
263,0x8c358d28,0x1d83,6,DUMMY,0x1e21,6,DUMMY,0x1de2,6,DUMMY,0x1cf0,6,DUMMY,0,S-Move,-1,None,0,None,0,0,Power,0,0,Green,0,Physical,0,Power,0,Power,0,Poison,0,0,0
264,0x8c358d28,0x1d89,6,DUMMY,0x1e27,6,DUMMY,0x1de8,6,DUMMY,0x1cf6,6,DUMMY,0,S-Move,-1,None,0,None,0,0,Power,0,0,Green,0,Physical,0,Power,0,Power,0,Poison,0,0,0
265,0x8c358d28,0x1d8f,6,DUMMY,0x1e2d,6,DUMMY,0x1dee,6,DUMMY,0x1cfc,6,DUMMY,0,S-Move,-1,None,0,None,0,0,Power,0,0,Green,0,Physical,0,Power,0,Power,0,Poison,0,0,0
266,0x8c358d28,0x1d95,6,DUMMY,0x1e33,6,DUMMY,0x1df4,6,DUMMY,0x1d02,6,DUMMY,0,S-Move,-1,None,0,None,0,0,Power,0,0,Green,0,Physical,0,Power,0,Power,0,Poison,0,0,0
267,0x8c358d28,0x1d9b,6,DUMMY,0x1e39,6,DUMMY,0x1dfa,6,DUMMY,0x1d08,6,DUMMY,0,S-Move,-1,None,0,None,0,0,Power,0,0,Green,0,Physical,0,Power,0,Power,0,Poison,0,0,0
268,0x8c358d28,0x1da1,6,DUMMY,0x1e3f,6,DUMMY,0x1e00,6,DUMMY,0x1d0e,6,DUMMY,0,S-Move,-1,None,0,None,0,0,Power,0,0,Green,0,Physical,0,Power,0,Power,0,Poison,0,0,0
269,0x8c358d28,0x1da7,6,DUMMY,0x1e45,6,DUMMY,0x1e06,6,DUMMY,0x1d14,6,DUMMY,0,S-Move,-1,None,0,None,0,0,Power,0,0,Green,0,Physical,0,Power,0,Power,0,Poison,0,0,0
270,0x8c358e40,0x1dad,17,Selbstzerstörung,0x1e4b,16,Autodestrucción,0x1e0c,17,Auto-destruction,0x1d1a,14,Self-destruct,0,S-Move,62,Defeat User + Damage,200,PCs Nearby S1,0,16,Attack,40,0,Green,0,Physical,16,Attack,17,Defense,0,Poison,100,0,0
271,0x8c358e50,0x1dbe,14,Giftexplosion,0x1e5b,17,Ráfaga de Veneno,0x1e1d,17,Explosion Poison,0x1d28,15,Poison Explode,0,S-Move,62,Defeat User + Damage,200,PCs Nearby S1,0,16,Attack,40,0,Green,0,Physical,16,Attack,17,Defense,0,Poison,50,0,0
