Entry ID,EU Message ID,[Entry DE Name Pos],[Entry DE Name Size],Entry DE Name,[Entry ES Name Pos],[Entry ES Name Size],Entry ES Name,[Entry FR Name Pos],[Entry FR Name Size],Entry FR Name,[Entry GB Name Pos],[Entry GB Name Size],Entry GB Name,MAXHP,Will,Defense,MagDef,Quick,Agile,Dodge%,Green,Red,Purple,Blue,Yellow,Silver,[Arm 1 DE Name Pos],[Arm 1 DE Name Size],Arm 1 DE Name Str,[Arm 1 ES Name Pos],[Arm 1 ES Name Size],Arm 1 ES Name Str,[Arm 1 FR Name Pos],[Arm 1 FR Name Size],Arm 1 FR Name Str,[Arm 1 GB Name Pos],[Arm 1 GB Name Size],Arm 1 GB Name Str,Arm 1 Type ID,[Arm 1 Type name],Arm 1 Attack,Arm 1 Range,Arm 1 Hit%,Arm 1 Element ID,[Arm 1 Element Name],[Arm 2 DE Name Pos],[Arm 2 DE Name Size],Arm 2 DE Name Str,[Arm 2 ES Name Pos],[Arm 2 ES Name Size],Arm 2 ES Name Str,[Arm 2 FR Name Pos],[Arm 2 FR Name Size],Arm 2 FR Name Str,[Arm 2 GB Name Pos],[Arm 2 GB Name Size],Arm 2 GB Name Str,Arm 2 Type ID,[Arm 2 Type name],Arm 2 Attack,Arm 2 Range,Arm 2 Hit%,Arm 2 Element ID,[Arm 2 Element Name],[Arm 3 DE Name Pos],[Arm 3 DE Name Size],Arm 3 DE Name Str,[Arm 3 ES Name Pos],[Arm 3 ES Name Size],Arm 3 ES Name Str,[Arm 3 FR Name Pos],[Arm 3 FR Name Size],Arm 3 FR Name Str,[Arm 3 GB Name Pos],[Arm 3 GB Name Size],Arm 3 GB Name Str,Arm 3 Type ID,[Arm 3 Type name],Arm 3 Attack,Arm 3 Range,Arm 3 Hit%,Arm 3 Element ID,[Arm 3 Element Name],[Arm 4 DE Name Pos],[Arm 4 DE Name Size],Arm 4 DE Name Str,[Arm 4 ES Name Pos],[Arm 4 ES Name Size],Arm 4 ES Name Str,[Arm 4 FR Name Pos],[Arm 4 FR Name Size],Arm 4 FR Name Str,[Arm 4 GB Name Pos],[Arm 4 GB Name Size],Arm 4 GB Name Str,Arm 4 Type ID,[Arm 4 Type name],Arm 4 Attack,Arm 4 Range,Arm 4 Hit%,Arm 4 Element ID,[Arm 4 Element Name],Pad 1,Pad 2,Pad 3,Pad 4,Pad 5,Pad 6,EXP,Gold,Item Drop 1 ID,[Item Drop 1 Name],Item 1 ID,[Item 1 Name],Item Drop 2 ID,[Item Drop 2 Name],Item 2 ID,[Item 2 Name],Item Drop 3 ID,[Item Drop 3 Name],Item 3 ID,[Item 3 Name]
0,0x8c345b50,0x1b335,15,Valuan Warship,0x1b27e,15,Valuan Warship,0x1b581,15,Valuan Warship,0x1adc0,15,Valuan Warship,12000,20,40,20,70,5,15,10,10,10,10,7,10,0x1bb0c,14,Kleine Kanone,0x1bad9,14,Cañón Pequeño,0x1bdb0,12,Petit Canon,0x1b5b5,13,Small Cannon,0,Main Cannon,120,0,85,6,Neutral,0x1bb1a,16,Leichte Hilfsk.,0x1bae7,16,Subcañón Ligero,0x1bdbc,15,Subcanon Léger,0x1b5c2,16,Light Subcannon,1,Sec Cannon,95,1,80,6,Neutral,0x1bb2a,2,-,0x1baf7,2,-,0x1bdcb,2,-,0x1b5d2,2,-,-1,None,-1,-1,-1,-1,None,0x1bb2c,2,-,0x1baf9,2,-,0x1bdcd,2,-,0x1b5d4,2,-,-1,None,-1,-1,-1,-1,None,0,0,0,0,0,0,400,300,0,100%,480,Bomb,3,20%,401,Standard Cannon,-1,None,-1,None
1,0x8c345b60,0x1b344,17,Valuan Spellship,0x1b28d,17,Valuan Spellship,0x1b590,17,Valuan Spellship,0x1adcf,17,Valuan Spellship,12000,70,40,45,70,7,10,10,9,10,10,8,10,0x1bb2e,14,Kleine Kanone,0x1bafb,14,Cañón Pequeño,0x1bdcf,12,Petit Canon,0x1b5d6,13,Small Cannon,0,Main Cannon,120,0,80,6,Neutral,0x1bb3c,16,Leichte Hilfsk.,0x1bb09,16,Subcañón Ligero,0x1bddb,15,Subcanon Léger,0x1b5e3,16,Light Subcannon,1,Sec Cannon,95,1,85,6,Neutral,0x1bb4c,2,-,0x1bb19,2,-,0x1bdea,2,-,0x1b5f3,2,-,-1,None,-1,-1,-1,-1,None,0x1bb4e,2,-,0x1bb1b,2,-,0x1bdec,2,-,0x1b5f5,2,-,-1,None,-1,-1,-1,-1,None,0,0,0,0,0,0,400,300,0,100%,480,Bomb,3,20%,489,Wave Bomb,-1,None,-1,None
2,0x8c345b74,0x1b355,15,Valuan Cruiser,0x1b29e,15,Valuan Cruiser,0x1b5a1,15,Valuan Cruiser,0x1ade0,15,Valuan Cruiser,10000,30,35,15,30,5,10,10,10,10,10,7,10,0x1bb50,15,Standardkanone,0x1bb1d,15,Cañón Estándar,0x1bdee,15,Canon Standard,0x1b5f7,16,Standard Cannon,0,Main Cannon,110,0,80,6,Neutral,0x1bb5f,12,Hilfskanone,0x1bb2c,9,Subcañón,0x1bdfd,9,Subcanon,0x1b607,10,Subcannon,1,Sec Cannon,90,2,90,6,Neutral,0x1bb6b,2,-,0x1bb35,2,-,0x1be06,2,-,0x1b611,2,-,-1,None,-1,-1,-1,-1,None,0x1bb6d,2,-,0x1bb37,2,-,0x1be08,2,-,0x1b613,2,-,-1,None,-1,-1,-1,-1,None,0,0,0,0,0,0,690,500,0,100%,490,Repair Kit,-1,None,-1,None,-1,None,-1,None
3,0x8c345b84,0x1b364,15,Valuan Phantom,0x1b2ad,15,Valuan Phantom,0x1b5b0,15,Valuan Phantom,0x1adef,15,Valuan Phantom,10000,120,33,130,50,8,15,10,5,10,10,5,10,0x1bb6f,15,Standardkanone,0x1bb39,15,Cañón Estándar,0x1be0a,15,Canon Standard,0x1b615,16,Standard Cannon,0,Main Cannon,110,0,80,6,Neutral,0x1bb7e,12,Hilfskanone,0x1bb48,9,Subcañón,0x1be19,9,Subcanon,0x1b625,10,Subcannon,1,Sec Cannon,90,2,90,6,Neutral,0x1bb8a,2,-,0x1bb51,2,-,0x1be22,2,-,0x1b62f,2,-,-1,None,-1,-1,-1,-1,None,0x1bb8c,2,-,0x1bb53,2,-,0x1be24,2,-,0x1b631,2,-,-1,None,-1,-1,-1,-1,None,0,0,0,0,0,0,640,400,4,50%,481,Big Bomb,3,20%,485,Frost Bomb,-1,None,-1,None
4,0x8c345b94,0x1b373,15,Valuan Gunboat,0x1b2bc,15,Valuan Gunboat,0x1b5bf,15,Valuan Gunboat,0x1adfe,15,Valuan Gunboat,15000,100,100,170,70,14,10,10,5,9,10,5,10,0x1bb8e,13,Große Kanone,0x1bb55,13,Cañón Grande,0x1be26,12,Canon lourd,0x1b633,13,Large Cannon,0,Main Cannon,150,0,70,6,Neutral,0x1bb9b,14,Schw. Hilfsk.,0x1bb62,16,Subcañón Pesado,0x1be32,15,Subcanon Lourd,0x1b640,16,Heavy Subcannon,1,Sec Cannon,120,2,85,6,Neutral,0x1bba9,8,Torpedo,0x1bb72,8,Torpedo,0x1be41,9,Torpille,0x1b650,8,Torpedo,2,Torpedo,180,2,40,6,Neutral,0x1bbb1,2,-,0x1bb7a,2,-,0x1be4a,2,-,0x1b658,2,-,-1,None,-1,-1,-1,-1,None,0,0,0,0,0,0,1220,600,3,20%,483,Shredder Bomb,3,20%,491,Deluxe Kit,-1,None,-1,None
5,0x8c345ba4,0x1b382,17,Valuan Mage Ship,0x1b2cb,17,Valuan Mage Ship,0x1b5ce,17,Valuan Mage Ship,0x1ae0d,17,Valuan Mage Ship,15000,150,100,250,70,14,20,10,5,5,10,3,10,0x1bbb3,13,Große Kanone,0x1bb7c,13,Cañón Grande,0x1be4c,12,Canon lourd,0x1b65a,13,Large Cannon,0,Main Cannon,140,0,70,6,Neutral,0x1bbc0,14,Schw. Hilfsk.,0x1bb89,16,Subcañón Pesado,0x1be58,15,Subcanon lourd,0x1b667,16,Heavy Subcannon,1,Sec Cannon,120,2,85,6,Neutral,0x1bbce,8,Torpedo,0x1bb99,8,Torpedo,0x1be67,9,Torpille,0x1b677,8,Torpedo,2,Torpedo,160,2,40,6,Neutral,0x1bbd6,2,-,0x1bba1,2,-,0x1be70,2,-,0x1b67f,2,-,-1,None,-1,-1,-1,-1,None,0,0,0,0,0,0,1110,600,0,100%,485,Frost Bomb,0,100%,487,Thunder Bomb,-1,None,-1,None
6,0x8c345bb8,0x1b393,17,Valuan Destroyer,0x1b2dc,17,Valuan Destroyer,0x1b5df,17,Valuan Destroyer,0x1ae1e,17,Valuan Destroyer,38000,120,200,250,115,30,10,8,8,8,8,4,10,0x1bbd8,17,Kanonen-Prototyp,0x1bba3,16,Cañón Prototipo,0x1be72,16,Canon Prototype,0x1b681,17,Prototype Cannon,0,Main Cannon,250,0,80,6,Neutral,0x1bbe9,16,Gr. Hilfskanone,0x1bbb3,14,Gran Subcañón,0x1be82,15,Grand Subcanon,0x1b692,17,Great Subcannon ,1,Sec Cannon,300,3,90,6,Neutral,0x1bbf9,15,Großes Torpedo,0x1bbc1,13,Gran Torpedo,0x1be91,16,Grande Torpille,0x1b6a3,14,Great Torpedo,2,Torpedo,400,3,50,6,Neutral,0x1bc08,2,-,0x1bbce,2,-,0x1bea1,2,-,0x1b6b1,2,-,-1,None,-1,-1,-1,-1,None,0,0,0,0,0,0,2380,1000,0,100%,417,"12"" Blaster",6,Kalifa,470,Intercom,7,Osman,476,Expensive Wheel
7,0x8c345bcc,0x1b3a4,15,Valuan Spectre,0x1b2ed,15,Valuan Spectre,0x1b5f0,15,Valuan Spectre,0x1ae2f,15,Valuan Spectre,38000,200,150,370,115,30,15,6,5,4,6,3,10,0x1bc0a,11,Neo-Kanone,0x1bbd0,10,Cañón Neo,0x1bea3,10,Canon Neo,0x1b6b3,11,Neo Cannon,0,Main Cannon,250,0,80,6,Neutral,0x1bc15,16,Neo-Hilfskanone,0x1bbda,13,Subcañón Neo,0x1bead,13,Subcanon Neo,0x1b6be,14,Neo Subcannon,1,Sec Cannon,150,3,90,6,Neutral,0x1bc25,17,Größeres Torpedo,0x1bbe7,14,Torpedo Mayor,0x1beba,16,Torpille lourde,0x1b6cc,16,Greater Torpedo,2,Torpedo,350,3,50,6,Neutral,0x1bc36,2,-,0x1bbf5,2,-,0x1beca,2,-,0x1b6dc,2,-,-1,None,-1,-1,-1,-1,None,0,0,0,0,0,0,2380,1000,6,Kalifa,472,Floor Heater,0,100%,457,Triple Turbo,-1,None,-1,None
8,0x8c345bdc,0x1b3b3,16,Galcian's Elite,0x1b2fc,16,Galcian's Elite,0x1b5ff,16,Galcian's Elite,0x1ae3e,16,Galcian's Elite,50000,250,200,370,220,35,10,10,5,2,5,5,10,0x1bc38,16,Schlangenkanone,0x1bbf7,16,Cañón Serpiente,0x1becc,14,Canon Serpent,0x1b6de,15,Serpent Cannon,0,Main Cannon,330,0,80,6,Neutral,0x1bc48,15,Schnellfeuerk.,0x1bc07,13,Cañón Rápido,0x1beda,13,Canon Rapide,0x1b6ed,13,Rapid Cannon,1,Sec Cannon,250,3,95,6,Neutral,0x1bc57,15,Schnelltorpedo,0x1bc14,14,Torpedo Veloz,0x1bee7,16,Torpille rapide,0x1b6fa,14,Speed Torpedo,2,Torpedo,400,3,30,6,Neutral,0x1bc66,2,-,0x1bc22,2,-,0x1bef7,2,-,0x1b708,2,-,-1,None,-1,-1,-1,-1,None,0,0,0,0,0,0,5780,2400,0,100%,493,Complete Kit,6,Kalifa,438,Crystil Cannon,0,100%,459,Double Shaft
9,0x8c345bec,0x1b3c3,17,Gregorio Cruiser,0x1b30c,17,Gregorio Cruiser,0x1b60f,17,Gregorio Cruiser,0x1ae4e,17,Gregorio Cruiser,25000,100,250,270,65,5,5,10,9,9,10,8,10,0x1bc68,12,Hauptkanone,0x1bc24,17,Cañón Principal ,0x1bef9,16,Canon Principal,0x1b70a,12,Main Cannon,0,Main Cannon,250,0,90,6,Neutral,0x1bc74,15,Fragmentierung,0x1bc35,14,Fragmentación,0x1bf09,15,Fragmentation ,0x1b716,15,Fragmentation ,1,Sec Cannon,200,2,80,6,Neutral,0x1bc83,2,-,0x1bc43,2,-,0x1bf18,2,-,0x1b725,2,-,2,Torpedo,250,2,60,6,Neutral,0x1bc85,2,-,0x1bc45,2,-,0x1bf1a,2,-,0x1b727,2,-,-1,None,-1,-1,-1,-1,None,0,0,0,0,0,0,3390,1700,0,100%,499,Speed Wax,-1,None,-1,None,-1,None,-1,None
10,0x8c345c00,0x1b3d4,17,Gregorio Gunboat,0x1b31d,17,Gregorio Gunboat,0x1b620,17,Gregorio Gunboat,0x1ae5f,17,Gregorio Gunboat,30000,120,270,300,70,5,10,10,8,8,10,7,10,0x1bc87,12,Hauptkanone,0x1bc47,16,Cañón Principal,0x1bf1c,16,Canon Principal,0x1b729,12,Main Cannon,0,Main Cannon,270,0,90,6,Neutral,0x1bc93,17,Splittergeschütz,0x1bc57,13,Fragmentador,0x1bf2c,12,Fragmenteur,0x1b735,15,Fragmenter Gun,1,Sec Cannon,220,3,85,6,Neutral,0x1bca4,17,Explosionsladung,0x1bc64,17,Ataque Explosivo,0x1bf38,17,Charge Explosive,0x1b744,13,Blast Charge,2,Torpedo,250,3,70,6,Neutral,0x1bcb5,2,-,0x1bc75,2,-,0x1bf49,2,-,0x1b751,2,-,-1,None,-1,-1,-1,-1,None,0,0,0,0,0,0,3390,1700,0,100%,483,Shredder Bomb,7,Osman,508,Crystal Ball,-1,None,-1,None
11,0x8c345c14,0x1b3e5,5,Lynx,0x1b32e,5,Lynx,0x1b631,5,Lynx,0x1ae70,5,Lynx,25000,130,40,150,65,30,10,10,5,5,9,3,10,0x1bcb7,12,Lynx-Kanone,0x1bc77,11,Cañón Lynx,0x1bf4b,11,Canon Lynx,0x1b753,12,Lynx Cannon,0,Main Cannon,130,0,90,6,Neutral,0x1bcc3,17,Lynx-Hilfskanone,0x1bc82,14,Subcañón Lynx,0x1bf56,14,Subcanon Lynx,0x1b75f,15,Lynx Subcannon,1,Sec Cannon,110,2,88,6,Neutral,0x1bcd4,13,Lynx-Torpedo,0x1bc90,13,Torpedo Lynx,0x1bf64,14,Torpille Lynx,0x1b76e,13,Lynx Torpedo,2,Torpedo,100,2,60,6,Neutral,0x1bce1,2,-,0x1bc9d,2,-,0x1bf72,2,-,0x1b77b,2,-,-1,None,-1,-1,-1,-1,None,0,0,0,0,0,0,3520,2400,0,100%,496,Captain's Stripe,0,100%,509,Magic Cannon,0,100%,411,"3"" Blaster"
12,0x8c345c1c,0x1b3ea,10,Chameleon,0x1b333,10,Chameleon,0x1b636,10,Chameleon,0x1ae75,10,Chameleon,30000,130,100,200,60,20,15,10,10,10,20,5,10,0x1bce3,11,Drehkanone,0x1bc9f,15,Cañón Revólver,0x1bf74,15,Canon Révolver,0x1b77d,16,Revolver Cannon,0,Main Cannon,155,0,90,6,Neutral,0x1bcee,18,Hilfskanone Typ D,0x1bcae,16,Subcañón Tipo D,0x1bf83,16,Subcanon Type D,0x1b78d,17,Type D Subcannon,1,Sec Cannon,120,1,70,6,Neutral,0x1bd00,14,Torpedo Typ D,0x1bcbe,15,Torpedo Tipo D,0x1bf93,16,Torpille Type D,0x1b79e,15,Type D Torpedo,2,Torpedo,160,2,70,6,Neutral,0x1bd0e,14,Flammenwerfer,0x1bccd,12,Lanzallamas,0x1bfa3,14,Lance-flammes,0x1b7ad,13,Flamethrower,3,Special,300,0,-1,6,Neutral,0,0,0,0,0,0,2900,1900,0,100%,496,Captain's Stripe,4,50%,404,B-Type Cannon,-1,None,-1,None
13,0x8c345c1c,0x1b3f4,10,Chameleon,0x1b33d,10,Chameleon,0x1b640,10,Chameleon,0x1ae7f,10,Chameleon,30000,130,150,230,60,20,15,10,10,10,20,5,10,0x1bd1c,15,Handfeuerwaffe,0x1bcd9,9,Revólver,0x1bfb1,9,Pistolet,0x1b7ba,8,Handgun,0,Main Cannon,170,0,100,6,Neutral,0x1bd2b,18,Hilfskanone Typ D,0x1bce2,16,Subcañón Tipo D,0x1bfba,16,Subcanon Type D,0x1b7c2,17,Type D Subcannon,1,Sec Cannon,180,1,70,6,Neutral,0x1bd3d,14,Torpedo Typ D,0x1bcf2,15,Torpedo Tipo D,0x1bfca,16,Torpille Type D,0x1b7d3,15,Type D Torpedo,2,Torpedo,200,2,70,6,Neutral,0x1bd4b,11,Testkanone,0x1bd01,12,Cañón Test ,0x1bfda,11,Canon Test,0x1b7e2,12,Test Cannon,3,Special,350,0,-1,6,Neutral,0,0,0,0,0,0,4170,2400,4,50%,423,Hunter Torpedo,-1,None,-1,None,-1,None,-1,None
14,0x8c345c1c,0x1b3fe,10,Chameleon,0x1b347,10,Chameleon,0x1b64a,10,Chameleon,0x1ae89,10,Chameleon,30000,200,150,380,120,20,30,3,3,3,3,0,3,0x1bd56,17,Chamäleon-Kanone,0x1bd0d,16,Cañón Camaleón\t,0x1bfe5,15,Canon Caméléon,0x1b7ee,17,Chameleon Cannon,0,Main Cannon,300,0,60,6,Neutral,0x1bd67,15,De Loco-Kanone,0x1bd1d,14,Cañón De Loco,0x1bff4,14,Canon De Loco,0x1b7ff,15,De Loco Cannon,1,Sec Cannon,250,2,70,6,Neutral,0x1bd76,16,De Loco-Torpedo,0x1bd2b,16,Torpedo De Loco,0x1c002,16,Torpille DeLoco,0x1b80e,16,De Loco Torpedo,2,Torpedo,550,3,70,6,Neutral,0x1bd86,16,De Loco-Harpune,0x1bd3b,14,Arpón De Loco,0x1c012,15,Harpon De Loco,0x1b81e,16,De Loco Harpoon,-1,None,-1,-1,-1,-1,None,0,0,0,0,0,0,15950,7000,0,100%,496,Captain's Stripe,0,100%,455,Twin Turbo,0,100%,506,Magic Shell
15,0x8c345c28,0x1b408,6,CUT15,0x1b351,6,CUT15,0x1b654,6,CUT15,0x1ae93,6,CUT15,-1,-1,-1,-1,-1,-1,-1,-1,-1,-1,-1,-1,-1,0x1bd96,2,-,0x1bd49,2,-,0x1c021,2,-,0x1b82e,2,-,-1,None,-1,-1,-1,-1,None,0x1bd98,2,-,0x1bd4b,2,-,0x1c023,2,-,0x1b830,2,-,-1,None,-1,-1,-1,-1,None,0x1bd9a,2,-,0x1bd4d,2,-,0x1c025,2,-,0x1b832,2,-,-1,None,-1,-1,-1,-1,None,0x1bd9c,2,-,0x1bd4f,2,-,0x1c027,2,-,0x1b834,2,-,-1,None,-1,-1,-1,-1,None,0,0,0,0,0,0,-1,-1,-1,None,-1,None,-1,None,-1,None,-1,None,-1,None
16,0x8c345c34,0x1b40e,7,Auriga,0x1b357,7,Auriga,0x1b65a,7,Auriga,0x1ae99,7,Auriga,50000,250,300,300,80,15,5,9,5,5,9,3,9,0x1bd9e,10,AP-Kanone,0x1bd51,9,Cañón AP,0x1c029,9,Canon AP,0x1b836,10,AP Cannon,0,Main Cannon,300,0,87,6,Neutral,0x1bda8,17,Fragmentgeschütz,0x1bd5a,14,Fragmentadora,0x1c032,12,Fragmenteur,0x1b840,13,Fragment Gun,1,Sec Cannon,250,2,87,6,Neutral,0x1bdb9,17,Explosionsladung,0x1bd68,17,Ataque Explosivo,0x1c03e,17,Charge Explosive,0x1b84d,13,Blast Charge,2,Torpedo,300,2,80,6,Neutral,0x1bdca,11,Rumpframme,0x1bd79,17,Espolón de Casco,0x1c04f,7,Eperon,0x1b85a,9,Hull Ram,3,Special,500,0,-1,6,Neutral,0,0,0,0,0,0,10290,5200,0,100%,496,Captain's Stripe,0,100%,464,Heavy Armor Deck,0,100%,414,"12"" Cannon"
17,0x8c345c3c,0x1b415,6,Draco,0x1b35e,6,Draco,0x1b661,6,Draco,0x1aea0,6,Draco,45000,240,125,300,100,15,10,10,10,8,11,11,10,0x1bdd5,2,-,0x1bd8a,2,-,0x1c056,2,-,0x1b863,2,-,-1,None,-1,-1,-1,-1,None,0x1bdd7,13,Zusatzkanone,0x1bd8c,17,Cañón Secundario,0x1c058,13,Second Canon,0x1b865,17,Secondary Cannon,1,Sec Cannon,300,0,80,6,Neutral,0x1bde4,12,Bohrtorpedo,0x1bd9d,15,Torpedo Punzón,0x1c065,14,Tête perceuse,0x1b876,17,Piercing Torpedo,2,Torpedo,500,2,80,6,Neutral,0x1bdf0,13,Draco-Kanone,0x1bdac,12,Cañón Draco,0x1c073,12,Canon Draco,0x1b887,13,Draco Cannon,3,Special,680,0,-1,6,Neutral,0,0,0,0,0,0,12980,6100,0,100%,496,Captain's Stripe,-1,None,-1,None,-1,None,-1,None
18,0x8c345c44,0x1b41b,6,Hydra,0x1b364,6,Hydra,0x1b667,6,Hydra,0x1aea6,6,Hydra,200000,280,300,370,200,15,5,10,10,10,10,0,10,0x1bdfd,13,Hydra-Kanone,0x1bdb8,12,Cañón Hydra,0x1c07f,14,Lanceur Hydra,0x1b894,15,Hydra Launcher,0,Main Cannon,350,0,70,6,Neutral,0x1be0a,14,Hydra-Hilfsk.,0x1bdc4,15,Subcañón Hydra,0x1c08d,15,Subcanon Hydra,0x1b8a3,16,Hydra Subcannon,1,Sec Cannon,360,1,80,6,Neutral,0x1be18,13,Hydra-Strahl,0x1bdd3,11,Rayo Hydra,0x1c09c,12,Rayon Hydra,0x1b8b3,10,Hydra Ray,1,Sec Cannon,370,2,80,6,Neutral,0x1be25,13,Hydra-Werfer,0x1bdde,15,Lanzador Hydra,0x1c0a8,12,Canon Hydra,0x1b8bd,13,Hydra Cannon,3,Special,700,0,-1,6,Neutral,0,0,0,0,0,0,27770,11900,0,100%,496,Captain's Stripe,0,100%,432,Moon Cannon,6,Kalifa,434,Moon Torpedo
19,0x8c345c4c,0x1b421,6,CUT19,0x1b36a,6,CUT19,0x1b66d,6,CUT19,0x1aeac,6,CUT19,-1,-1,-1,-1,-1,-1,-1,-1,-1,-1,-1,-1,-1,0x1be32,7,Kanone,0x1bded,6,Cañón,0x1c0b4,6,Canon,0x1b8ca,8,Cannon ,-1,None,-1,-1,-1,-1,None,0x1be39,11,Feuerpfeil,0x1bdf3,16,Flecha de Fuego,0x1c0ba,14,Flêche de Feu,0x1b8d2,11,Fire Arrow,-1,None,-1,-1,-1,-1,None,0x1be44,16,Houroku Torpedo,0x1be03,16,Torpedo Houroku,0x1c0c8,17,Torpille Houroku,0x1b8dd,16,Houroku Torpedo,-1,None,-1,-1,-1,-1,None,0x1be54,2,-,0x1be13,2,-,0x1c0d9,2,-,0x1b8ed,2,-,-1,None,-1,-1,-1,-1,None,0,0,0,0,0,0,-1,-1,-1,None,-1,None,-1,None,-1,None,-1,None,-1,None
20,0x8c345c58,0x1b427,6,CUT20,0x1b370,6,CUT20,0x1b673,6,CUT20,0x1aeb2,6,CUT20,-1,-1,-1,-1,-1,-1,-1,-1,-1,-1,-1,-1,-1,0x1be56,7,Kanone,0x1be15,6,Cañón,0x1c0db,6,Canon,0x1b8ef,8,Cannon ,-1,None,-1,-1,-1,-1,None,0x1be5d,11,Feuerpfeil,0x1be1b,16,Flecha de Fuego,0x1c0e1,14,Flêche de Feu,0x1b8f7,11,Fire Arrow,-1,None,-1,-1,-1,-1,None,0x1be68,16,Houroku Torpedo,0x1be2b,16,Torpedo Houroku,0x1c0ef,17,Torpille Houroku,0x1b902,16,Houroku Torpedo,-1,None,-1,-1,-1,-1,None,0x1be78,2,-,0x1be3b,2,-,0x1c100,2,-,0x1b912,2,-,-1,None,-1,-1,-1,-1,None,0,0,0,0,0,0,-1,-1,-1,None,-1,None,-1,None,-1,None,-1,None,-1,None
21,0x8c345c64,0x1b42d,14,Black Pirates,0x1b376,14,Black Pirates,0x1b679,14,Black Pirates,0x1aeb8,14,Black Pirates,9000,40,25,10,50,8,25,10,10,10,10,20,10,0x1be7a,16,Schwarze Kanone,0x1be3d,12,Cañón Negro,0x1c102,11,Canon Noir,0x1b914,13,Black Cannon,0,Main Cannon,120,0,70,6,Neutral,0x1be8a,16,Schwarzes Torp.,0x1be49,14,Torpedo Negro,0x1c10d,15,Torpille Noire,0x1b921,14,Black Torpedo,2,Torpedo,120,1,60,6,Neutral,0x1be9a,2,-,0x1be57,2,-,0x1c11c,2,-,0x1b92f,2,-,-1,None,-1,-1,-1,-1,None,0x1be9c,2,-,0x1be59,2,-,0x1c11e,2,-,0x1b931,2,-,-1,None,-1,-1,-1,-1,None,0,0,0,0,0,0,450,300,3,20%,402,Heavy Cannon,3,20%,440,Rogue Figure,-1,None,-1,None
22,0x8c345c74,0x1b43b,14,Spell Pirates,0x1b384,14,Spell Pirates,0x1b687,14,Spell Pirates,0x1aec6,14,Spell Pirates,12000,100,70,220,50,8,15,9,9,9,9,9,10,0x1be9e,16,Schwarze Kanone,0x1be5b,12,Cañón Negro,0x1c120,11,Canon Noir,0x1b933,13,Black Cannon,0,Main Cannon,140,0,80,6,Neutral,0x1beae,16,Schwarzes Torp.,0x1be67,14,Torpedo Negro,0x1c12b,15,Torpille Noire,0x1b940,14,Black Torpedo,2,Torpedo,200,1,40,6,Neutral,0x1bebe,2,-,0x1be75,2,-,0x1c13a,2,-,0x1b94e,2,-,-1,None,-1,-1,-1,-1,None,0x1bec0,2,-,0x1be77,2,-,0x1c13c,2,-,0x1b950,2,-,-1,None,-1,-1,-1,-1,None,0,0,0,0,0,0,1030,600,0,100%,484,Pyro Bomb,-1,None,-1,None,-1,None,-1,None
23,0x8c345c84,0x1b449,11,Blackbeard,0x1b392,11,Blackbeard,0x1b695,11,Blackbeard,0x1aed4,11,Blackbeard,10000,50,40,10,50,10,10,10,10,10,10,10,10,0x1bec2,16,Schwarze Kanone,0x1be79,12,Cañón Negro,0x1c13e,11,Canon Noir,0x1b952,13,Black Cannon,0,Main Cannon,115,0,75,6,Neutral,0x1bed2,2,-,0x1be85,2,-,0x1c149,2,-,0x1b95f,2,-,-1,None,-1,-1,-1,-1,None,0x1bed4,2,-,0x1be87,2,-,0x1c14b,2,-,0x1b961,2,-,-1,None,-1,-1,-1,-1,None,0x1bed6,2,-,0x1be89,2,-,0x1c14d,2,-,0x1b963,2,-,-1,None,-1,-1,-1,-1,None,0,0,0,0,0,0,410,300,0,100%,496,Captain's Stripe,0,100%,480,Bomb,-1,None,-1,None
24,0x8c345c90,0x1b454,8,Recumen,0x1b39d,8,Recumen,0x1b6a0,8,Recumen,0x1aedf,8,Recumen,100000,150,0,400,40,0,1,10,0,10,10,10,10,0x1bed8,13,Roter Strahl,0x1be8b,10,Rayo Rojo,0x1c14f,12,Rayon Rouge,0x1b965,8,Red Ray,3,Special,400,0,-1,6,Neutral,0x1bee5,13,Roter Strahl,0x1be95,10,Rayo Rojo,0x1c15b,12,Rayon Rouge,0x1b96d,8,Red Ray,-1,None,-1,-1,-1,-1,None,0x1bef2,13,Roter Strahl,0x1be9f,10,Rayo Rojo,0x1c167,12,Rayon Rouge,0x1b975,8,Red Ray,-1,None,-1,-1,-1,-1,None,0x1beff,13,Roter Strahl,0x1bea9,10,Rayo Rojo,0x1c173,12,Rayon Rouge,0x1b97d,8,Red Ray,-1,None,-1,-1,-1,-1,None,0,0,0,0,0,0,0,0,-1,None,-1,None,-1,None,-1,None,-1,None,-1,None
25,0x8c345c98,0x1b45c,8,Grendel,0x1b3a5,8,Grendel,0x1b6a8,8,Grendel,0x1aee7,8,Grendel,110000,300,100,250,70,10,1,0,10,5,5,5,5,0x1bf0c,14,Grendel-Faust,0x1beb3,16,Puño de Grendel,0x1c17f,17,Poing de Grendel,0x1b985,16,Fist of Grendel,3,Special,180,0,-1,6,Neutral,0x1bf1a,12,Steinwerfer,0x1bec3,14,Lanzar Piedra,0x1c190,14,Jet de rocher,0x1b995,14,Boulder Throw,3,Special,200,0,-1,6,Neutral,0x1bf26,7,Stampf,0x1bed1,7,Patear,0x1c19e,11,Pas Lourds,0x1b9a3,6,Stomp,3,Special,400,0,-1,6,Neutral,0x1bf2d,2,-,0x1bed8,2,-,0x1c1a9,2,-,0x1b9a9,2,-,-1,None,-1,-1,-1,-1,None,0,0,0,0,0,0,4640,2700,0,100%,496,Captain's Stripe,0,100%,30,Grendel Wing,0,100%,493,Complete Kit
26,0x8c345ca0,0x1b464,8,Bluheim,0x1b3ad,8,Bluheim,0x1b6b0,8,Bluheim,0x1aeef,8,Bluheim,100000,350,200,350,130,10,70,10,15,10,0,10,10,0x1bf2f,12,Blaue Winde,0x1beda,15,Vientos Azules,0x1c1ab,12,Vents Bleus,0x1b9ab,11,Blue Winds,3,Special,250,0,-1,6,Neutral,0x1bf3b,13,Blauer Blitz,0x1bee9,10,Rayo Azul,0x1c1b7,12,Éclair Bleu,0x1b9b6,15,Blue Lightning,3,Special,300,0,-1,6,Neutral,0x1bf48,15,Phoenix-Strahl,0x1bef3,11,Rayo Fénix,0x1c1c3,14,Rayon Phoenix,0x1b9c5,12,Phoenix Ray,3,Special,450,0,-1,6,Neutral,0x1bf57,16,Göttliche Winde,0x1befe,16,Vientos Divinos,0x1c1d1,12,Vents Bleus,0x1b9d1,11,Blue Winds,3,Special,200,0,-1,6,Neutral,0,0,0,0,0,0,17140,8100,0,100%,496,Captain's Stripe,-1,None,-1,None,-1,None,-1,None
27,0x8c345ca8,0x1b46c,8,Yeligar,0x1b3b5,8,Yeligar,0x1b6b8,8,Yeligar,0x1aef7,8,Yeligar,150000,400,100,330,80,5,2,10,10,10,10,0,10,0x1bf67,9,Voltigar,0x1bf0e,9,Voltigar,0x1c1dd,9,Voltigar,0x1b9dc,9,Voltigar,3,Special,330,0,-1,6,Neutral,0x1bf70,16,Photonen-Ladung,0x1bf17,17,Ataque de Photon,0x1c1e6,15,Attaque Photon,0x1b9e5,14,Photon Charge,3,Special,300,0,-1,6,Neutral,0x1bf80,13,Donnerschlag,0x1bf28,17,Clamor de Trueno,0x1c1f5,17,Coup de Tonnerre,0x1b9f3,14,Thunder Crash,3,Special,500,0,-1,6,Neutral,0x1bf8d,2,-,0x1bf39,2,-,0x1c206,2,-,0x1ba01,2,-,-1,None,-1,-1,-1,-1,None,0,0,0,0,0,0,19050,8700,0,100%,496,Captain's Stripe,0,100%,5,Thunder Cutlass,-1,None,-1,None
28,0x8c345cb0,0x1b474,6,Zelos,0x1b3bd,6,Zelos,0x1b6c0,6,Zelos,0x1aeff,6,Zelos,240000,240,300,350,250,30,20,8,8,8,8,8,0,0x1bf8f,11,Mondstrahl,0x1bf3b,13,Rayo de Luna,0x1c208,14,Rayon de Lune,0x1ba03,9,Moon Ray,3,Special,800,0,-1,6,Neutral,0x1bf9a,15,Gr. Mondstrahl,0x1bf48,16,Gran Rayo Lunar,0x1c216,17,Faisceau lunaire,0x1ba0c,15,Great Moon Ray,3,Special,900,0,-1,6,Neutral,0x1bfa9,11,Mondgeheul,0x1bf58,14,Lamento Lunar,0x1c227,16,Plainte lunaire,0x1ba1b,12,Moon Lament,3,Special,1000,0,-1,6,Neutral,0x1bfb4,8,Gericht,0x1bf66,7,Juicio,0x1c237,9,Jugement,0x1ba27,10,Judgement,3,Special,1300,1,-1,6,Neutral,0,0,0,0,0,0,33590,0,0,100%,496,Captain's Stripe,-1,None,-1,None,-1,None,-1,None
29,0x8c345cb8,0x1b47a,8,Anguila,0x1b3c3,8,Anguila,0x1b6c6,8,Anguila,0x1af05,8,Anguila,56000,300,100,100,80,10,5,10,25,10,10,10,10,0x1bfbc,10,Giftnebel,0x1bf6d,15,Spray Venenoso,0x1c240,16,Spray de Poison,0x1ba31,13,Poison Spray,3,Special,250,0,-1,6,Neutral,0x1bfc6,5,Biss,0x1bf7c,9,Mordisco,0x1c250,8,Morsure,0x1ba3e,5,Bite,3,Special,300,0,-1,6,Neutral,0x1bfcb,2,-,0x1bf85,2,-,0x1c258,2,-,0x1ba43,2,-,-1,None,-1,-1,-1,-1,None,0x1bfcd,2,-,0x1bf87,2,-,0x1c25a,2,-,0x1ba45,2,-,-1,None,-1,-1,-1,-1,None,0,0,0,0,0,0,10830,5400,0,100%,482,Concussion Bomb,0,100%,425,Heavy Torpedo,7,Osman,456,Timing Valve
30,0x8c345cc0,0x1b482,5,Raja,0x1b3cb,5,Raja,0x1b6ce,5,Raja,0x1af0d,5,Raja,15000,270,50,100,80,10,45,10,10,15,10,5,10,0x1bfcf,9,Leuchten,0x1bf89,16,Ráfaga Luminosa,0x1c25c,10,Luminesce,0x1ba47,10,Luminesce,3,Special,230,0,-1,6,Neutral,0x1bfd8,2,-,0x1bf99,2,-,0x1c266,2,-,0x1ba51,2,-,-1,None,-1,-1,-1,-1,None,0x1bfda,2,-,0x1bf9b,2,-,0x1c268,2,-,0x1ba53,2,-,-1,None,-1,-1,-1,-1,None,0x1bfdc,2,-,0x1bf9d,2,-,0x1c26a,2,-,0x1ba55,2,-,-1,None,-1,-1,-1,-1,None,0,0,0,0,0,0,2630,1100,4,50%,491,Deluxe Kit,6,Kalifa,508,Crystal Ball,2,10%,475,Soundproofing
31,0x8c345cc8,0x1b487,11,Raja Embla,0x1b3d0,11,Raja Embla,0x1b6d3,11,Raja Embla,0x1af12,11,Raja Embla,25000,300,100,150,120,15,45,10,10,15,10,3,10,0x1bfde,9,Leuchten,0x1bf9f,16,Ráfaga Luminosa,0x1c26c,10,Luminesce,0x1ba57,10,Luminesce,3,Special,270,0,-1,6,Neutral,0x1bfe7,2,-,0x1bfaf,2,-,0x1c276,2,-,0x1ba61,2,-,-1,None,-1,-1,-1,-1,None,0x1bfe9,2,-,0x1bfb1,2,-,0x1c278,2,-,0x1ba63,2,-,-1,None,-1,-1,-1,-1,None,0x1bfeb,2,-,0x1bfb3,2,-,0x1c27a,2,-,0x1ba65,2,-,-1,None,-1,-1,-1,-1,None,0,0,0,0,0,0,2630,1100,4,50%,493,Complete Kit,7,Osman,507,Gold Bullion,-1,None,-1,None
32,0x8c345cd4,0x1b492,7,Obispo,0x1b3db,7,Obispo,0x1b6de,7,Obispo,0x1af1d,7,Obispo,60000,220,200,300,80,10,18,8,13,10,15,10,10,0x1bfed,17,Tintenfischtinte,0x1bfb5,17,Tinta de Calamar,0x1c27c,16,Encre de Calmar,0x1ba67,10,Squid Ink,3,Special,250,0,-1,6,Neutral,0x1bffe,2,-,0x1bfc6,2,-,0x1c28c,2,-,0x1ba71,2,-,-1,None,-1,-1,-1,-1,None,0x1c000,2,-,0x1bfc8,2,-,0x1c28e,2,-,0x1ba73,2,-,-1,None,-1,-1,-1,-1,None,0x1c002,2,-,0x1bfca,2,-,0x1c290,2,-,0x1ba75,2,-,-1,None,-1,-1,-1,-1,None,0,0,0,0,0,0,11480,5600,0,100%,465,Alloy Deck,7,Osman,508,Crystal Ball,-1,None,-1,None
33,0x8c345cdc,0x1b499,6,CUT33,0x1b3e2,6,CUT33,0x1b6e5,6,CUT33,0x1af24,6,CUT33,-1,-1,-1,-1,-1,-1,-1,-1,-1,-1,-1,-1,-1,0x1c004,2,-,0x1bfcc,2,-,0x1c292,2,-,0x1ba77,2,-,-1,None,-1,-1,-1,-1,None,0x1c006,2,-,0x1bfce,2,-,0x1c294,2,-,0x1ba79,2,-,-1,None,-1,-1,-1,-1,None,0x1c008,2,-,0x1bfd0,2,-,0x1c296,2,-,0x1ba7b,2,-,-1,None,-1,-1,-1,-1,None,0x1c00a,2,-,0x1bfd2,2,-,0x1c298,2,-,0x1ba7d,2,-,-1,None,-1,-1,-1,-1,None,0,0,0,0,0,0,-1,-1,-1,None,-1,None,-1,None,-1,None,-1,None,-1,None
34,0x8c345ce8,0x1b49f,6,CUT34,0x1b3e8,6,CUT34,0x1b6eb,6,CUT34,0x1af2a,6,CUT34,-1,-1,-1,-1,-1,-1,-1,-1,-1,-1,-1,-1,-1,0x1c00c,2,-,0x1bfd4,2,-,0x1c29a,2,-,0x1ba7f,2,-,-1,None,-1,-1,-1,-1,None,0x1c00e,2,-,0x1bfd6,2,-,0x1c29c,2,-,0x1ba81,2,-,-1,None,-1,-1,-1,-1,None,0x1c010,2,-,0x1bfd8,2,-,0x1c29e,2,-,0x1ba83,2,-,-1,None,-1,-1,-1,-1,None,0x1c012,2,-,0x1bfda,2,-,0x1c2a0,2,-,0x1ba85,2,-,-1,None,-1,-1,-1,-1,None,0,0,0,0,0,0,-1,-1,-1,None,-1,None,-1,None,-1,None,-1,None,-1,None
35,0x8c345cf4,0x1b4a5,4,Roc,0x1b3ee,4,Roc,0x1b6f1,4,Roc,0x1af30,4,Roc,45000,50,150,300,90,6,23,10,13,10,10,15,10,0x1c014,13,Donnerstimme,0x1bfdc,17,Explosión de Voz,0x1c2a2,15,Voix explosive,0x1ba87,12,Blast Voice,3,Special,300,0,-1,6,Neutral,0x1c021,2,-,0x1bfed,2,-,0x1c2b1,2,-,0x1ba93,2,-,-1,None,-1,-1,-1,-1,None,0x1c023,2,-,0x1bfef,2,-,0x1c2b3,2,-,0x1ba95,2,-,-1,None,-1,-1,-1,-1,None,0x1c025,8,Greifer,0x1bff1,7,Garfio,0x1c2b5,7,Saisie,0x1ba97,5,Grab,3,Special,400,0,-1,6,Neutral,0,0,0,0,0,0,13580,6900,6,Kalifa,478,Wooden Doll,7,Osman,507,Gold Bullion,-1,None,-1,None
36,0x8c345cf8,0x1b4a9,13,Giant Looper,0x1b3f2,13,Giant Looper,0x1b6f5,13,Giant Looper,0x1af34,13,Giant Looper,30000,999,260,999,130,15,50,10,10,10,10,10,10,0x1c02d,12,Looper-Ring,0x1bff8,14,Anillo Looper,0x1c2bc,17,Anneau de Looper,0x1ba9c,12,Looper Ring,3,Special,500,0,-1,6,Neutral,0x1c039,2,-,0x1c006,2,-,0x1c2cd,2,-,0x1baa8,2,-,-1,None,-1,-1,-1,-1,None,0x1c03b,2,-,0x1c008,2,-,0x1c2cf,2,-,0x1baaa,2,-,-1,None,-1,-1,-1,-1,None,0x1c03d,2,-,0x1c00a,2,-,0x1c2d1,2,-,0x1baac,2,-,-1,None,-1,-1,-1,-1,None,0,0,0,0,0,0,28580,13000,0,100%,495,Thermal Grease,0,100%,496,Captain's Stripe,0,100%,505,Hex Shell
37,0x8c345d08,0x1b4b6,7,Alania,0x1b3ff,7,Alania,0x1b702,7,Alania,0x1af41,7,Alania,52000,250,200,250,85,10,80,10,15,1,8,10,5,0x1c03f,8,Spirale,0x1c00c,8,Espiral,0x1c2d3,8,Spirale,0x1baae,7,Spiral,3,Special,280,0,-1,6,Neutral,0x1c047,4,Rau,0x1c014,7,Shaggy,0x1c2db,8,Hirsute,0x1bab5,7,Shaggy,3,Special,220,0,-1,6,Neutral,0x1c04b,2,-,0x1c01b,2,-,0x1c2e3,2,-,0x1babc,2,-,-1,None,-1,-1,-1,-1,None,0x1c04d,2,-,0x1c01d,2,-,0x1c2e5,2,-,0x1babe,2,-,-1,None,-1,-1,-1,-1,None,0,0,0,0,0,0,14290,6500,6,Kalifa,447,Goddess Figure,6,Kalifa,473,Air Purifier,-1,None,-1,None
38,0x8c345d10,0x1b4bd,15,Fortress Gates,0x1b406,15,Fortress Gates,0x1b709,15,Fortress Gates,0x1af48,15,Fortress Gates,200000,350,999,999,0,10,1,10,10,10,10,10,10,0x1c04f,14,Kleine Kanone,0x1c01f,14,Cañón Pequeño,0x1c2e7,12,Petit Canon,0x1bac0,13,Small Cannon,0,Main Cannon,500,2,80,6,Neutral,0x1c05d,2,-,0x1c02d,2,-,0x1c2f3,2,-,0x1bacd,2,-,1,Sec Cannon,500,2,80,6,Neutral,0x1c05f,2,-,0x1c02f,2,-,0x1c2f5,2,-,0x1bacf,2,-,2,Torpedo,500,2,80,6,Neutral,0x1c061,2,-,0x1c031,2,-,0x1c2f7,2,-,0x1bad1,2,-,3,Special,500,2,80,6,Neutral,0,0,0,0,0,0,5630,3000,0,100%,494,Gear Grease,-1,None,-1,None,-1,None,-1,None
39,0x8c345d20,0x1b4cc,6,CUT39,0x1b415,6,CUT39,0x1b718,6,CUT39,0x1af57,6,CUT39,-1,-1,-1,-1,-1,-1,-1,-1,-1,-1,-1,-1,-1,0x1c063,2,-,0x1c033,2,-,0x1c2f9,2,-,0x1bad3,2,-,-1,None,-1,-1,-1,-1,None,0x1c065,2,-,0x1c035,2,-,0x1c2fb,2,-,0x1bad5,2,-,-1,None,-1,-1,-1,-1,None,0x1c067,2,-,0x1c037,2,-,0x1c2fd,2,-,0x1bad7,2,-,-1,None,-1,-1,-1,-1,None,0x1c069,2,-,0x1c039,2,-,0x1c2ff,2,-,0x1bad9,2,-,-1,None,-1,-1,-1,-1,None,0,0,0,0,0,0,-1,-1,-1,None,-1,None,-1,None,-1,None,-1,None,-1,None
40,0x8c345d2c,0x1b4d2,9,Gadianos,0x1b41b,9,Gadianos,0x1b71e,9,Gadianos,0x1af5d,9,Gadianos,15000,999,100,999,235,25,30,10,10,10,10,10,10,0x1c06b,12,Jeda-Balken,0x1c03b,10,Rayo Jeda,0x1c301,14,Faisceau Jeda,0x1badb,10,Jeda Beam,3,Special,300,0,-1,6,Neutral,0x1c077,13,Jedos-Strahl,0x1c045,12,Rayo Jedos ,0x1c30f,12,Rayon Jedos,0x1bae5,10,Jedos Ray,3,Special,450,0,-1,6,Neutral,0x1c084,2,-,0x1c051,2,-,0x1c31b,2,-,0x1baef,2,-,-1,None,-1,-1,-1,-1,None,0x1c086,2,-,0x1c053,2,-,0x1c31d,2,-,0x1baf1,2,-,-1,None,-1,-1,-1,-1,None,0,0,0,0,0,0,6120,2500,0,100%,493,Complete Kit,0,100%,469,Sparkling Deck,0,100%,433,Moon Gun
41,0x8c345d38,0x1b4db,9,Gaditaos,0x1b424,9,Gaditaos,0x1b727,9,Gaditaos,0x1af66,9,Gaditaos,15000,999,150,999,235,25,45,10,10,10,10,10,10,0x1c088,12,Jeda-Balken,0x1c055,10,Rayo Jeda,0x1c31f,14,Faisceau Jeda,0x1baf3,10,Jeda Beam,3,Special,350,0,-1,6,Neutral,0x1c094,13,Jedos-Strahl,0x1c05f,12,Rayos Jedos,0x1c32d,12,Rayon Jedos,0x1bafd,10,Jedos Ray,3,Special,500,0,-1,6,Neutral,0x1c0a1,2,-,0x1c06b,2,-,0x1c339,2,-,0x1bb07,2,-,-1,None,-1,-1,-1,-1,None,0x1c0a3,2,-,0x1c06d,2,-,0x1c33b,2,-,0x1bb09,2,-,-1,None,-1,-1,-1,-1,None,0,0,0,0,0,0,6120,2500,0,100%,493,Complete Kit,0,100%,469,Sparkling Deck,-1,None,-1,None
42,0x8c345d44,0x1b4e4,6,CUT42,0x1b42d,6,CUT42,0x1b730,6,CUT42,0x1af6f,6,CUT42,-1,-1,-1,-1,-1,-1,-1,-1,-1,-1,-1,-1,-1,0x1c0a5,2,-,0x1c06f,2,-,0x1c33d,2,-,0x1bb0b,2,-,-1,None,-1,-1,-1,-1,None,0x1c0a7,2,-,0x1c071,2,-,0x1c33f,2,-,0x1bb0d,2,-,-1,None,-1,-1,-1,-1,None,0x1c0a9,2,-,0x1c073,2,-,0x1c341,2,-,0x1bb0f,2,-,-1,None,-1,-1,-1,-1,None,0x1c0ab,2,-,0x1c075,2,-,0x1c343,2,-,0x1bb11,2,-,-1,None,-1,-1,-1,-1,None,0,0,0,0,0,0,-1,-1,-1,None,-1,None,-1,None,-1,None,-1,None,-1,None
43,0x8c345d50,0x1b4ea,15,The Blackbeard,0x1b433,15,The Blackbeard,0x1b736,15,The Blackbeard,0x1af75,15,The Blackbeard,15000,100,200,90,100,30,20,3,3,3,3,3,3,0x1c0ad,14,Vega-Kanone +,0x1c077,16,Cañón Vega Plus,0x1c345,16,Canon Plus Vega,0x1bb13,17,Vega Cannon Plus,0,Main Cannon,350,0,85,6,Neutral,0x1c0bb,2,-,0x1c087,2,-,0x1c355,2,-,0x1bb24,2,-,-1,None,-1,-1,-1,-1,None,0x1c0bd,2,-,0x1c089,2,-,0x1c357,2,-,0x1bb26,2,-,-1,None,-1,-1,-1,-1,None,0x1c0bf,2,-,0x1c08b,2,-,0x1c359,2,-,0x1bb28,2,-,-1,None,-1,-1,-1,-1,None,0,0,0,0,0,0,5520,2400,0,100%,456,Timing Valve,0,100%,449,Spherical Figure,0,100%,500,Hybrid Wax
44,0x8c345d60,0x1b4f9,17,Tenkou Spellship,0x1b442,17,Tenkou Spellship,0x1b745,17,Tenkou Spellship,0x1af84,17,Tenkou Spellship,25000,250,300,300,90,20,3,7,7,7,7,7,7,0x1c0c1,7,Kanone,0x1c08d,6,Cañón,0x1c35b,6,Canon,0x1bb2a,8,Cannon ,0,Main Cannon,250,0,80,6,Neutral,0x1c0c8,11,Feuerpfeil,0x1c093,16,Flecha de Fuego,0x1c361,14,Flêche de Feu,0x1bb32,11,Fire Arrow,1,Sec Cannon,220,2,75,6,Neutral,0x1c0d3,16,Houroku Torpedo,0x1c0a3,16,Torpedo Houroku,0x1c36f,17,Torpille Houroku,0x1bb3d,16,Houroku Torpedo,2,Torpedo,250,3,60,6,Neutral,0x1c0e3,2,-,0x1c0b3,2,-,0x1c380,2,-,0x1bb4d,2,-,-1,None,-1,-1,-1,-1,None,0,0,0,0,0,0,1910,900,0,100%,484,Pyro Bomb,7,Osman,508,Crystal Ball,-1,None,-1,None
