Entry ID,EU Message ID,[DE Entry Name Pos],[DE Entry Name Size],DE Entry Name,[ES Entry Name Pos],[ES Entry Name Size],ES Entry Name,[FR Entry Name Pos],[FR Entry Name Size],FR Entry Name,[GB Entry Name Pos],[GB Entry Name Size],GB Entry Name,Occasion Flags,[M],[B],[S],Effect ID,[Effect Name],Scope ID,[Scope Name],Consume%,Sell%,Ord by 123,EU Ord by ABC,Pad 1,Buy,Pad 2,Pad 3,Effect Base,Element ID,[Element Name],Type ID,[Type Name],State ID,[State Name],State Miss%,[DE Descr Pos],[DE Descr Size],DE Descr Str,[ES Descr Pos],[ES Descr Size],ES Descr Str,[FR Descr Pos],[FR Descr Size],FR Descr Str,[GB Descr Pos],[GB Descr Size],GB Descr Str
240,0x8c37346c,0x1a419,14,Sacri Crystal,0x1a8d9,14,Cristal Sacri,0x1ad34,14,Cristal Sacri,0x1a3e9,14,Sacri Crystal,0x6,X,X,"",31,Recover HP,1,Single PC,100,50,0,55,0,20,0,0,500,-1,None,-1,None,0,Poison,0,0x1351a,88,An enchanted crystal created by Mages of the\\nGreen Moon. Restores 500 HP for one ally.,0x1364f,98,Cristal encantado hecho por los Magos de la Luna\\nVerde. Repone 500 puntos de Salud de un aliado.,0x13969,85,Un cristal enchanté créé par les Mages de la\\nLune Verte. Redonne 500 PV à un allié.,0x134ea,88,An enchanted crystal created by Mages of the\\nGreen Moon. Restores 500 HP for one ally.
241,0x8c37347c,0x1a427,15,Sacres Crystal,0x1a8e7,15,Cristal Sacres,0x1ad42,15,Cristal Sacres,0x1a3f7,15,Sacres Crystal,0x6,X,X,"",31,Recover HP,1,Single PC,100,50,1,53,0,60,0,0,1000,-1,None,-1,None,0,Poison,0,0x13572,90,"An enchanted crystal created by Mages of the\\nGreen Moon. Restores 1,000 HP for one ally.",0x136b1,99,Cristal encantado hecho por los Magos de la Luna\\nVerde. Repone 1000 puntos de Salud de un aliado.,0x139be,86,Un cristal enchanté créé par les Mages de la\\nLune Verte. Redonne 1000 PV à un allié.,0x13542,90,"An enchanted crystal created by Mages of the\\nGreen Moon. Restores 1,000 HP for one ally."
242,0x8c37348c,0x1a436,15,Sacrum Crystal,0x1a8f6,15,Cristal Sacrum,0x1ad51,15,Cristal Sacrum,0x1a406,15,Sacrum Crystal,0x6,X,X,"",31,Recover HP,2,All PCs,100,50,2,58,0,600,0,0,1000,-1,None,-1,None,0,Poison,0,0x135cc,92,"An enchanted crystal created by Mages of the\\nGreen Moon. Restores 1,000 HP for all allies.",0x13714,99,"Cristal encantado de los Magos de la Luna Verde,\\nrepone 1000 puntos de Salud a todos los aliados.",0x13a14,93,Un cristal enchanté créé par les Mages de la\\nLune Verte. Redonne 1000 PV à tous les alliés.,0x1359c,92,"An enchanted crystal created by Mages of the\\nGreen Moon. Restores 1,000 HP for all allies."
243,0x8c37349c,0x1a445,17,Sacrulen Crystal,0x1a905,17,Cristal Sacrulen,0x1ad60,17,Cristal Sacrulen,0x1a415,17,Sacrulen Crystal,0x6,X,X,"",32,Recover HP of 100%,1,Single PC,100,50,3,57,0,200,0,0,10000,-1,None,-1,None,0,Poison,0,0x13628,88,An enchanted crystal created by Mages of the\\nGreen Moon. Restores all HP for one ally.,0x13777,95,"Un cristal encantado, creado por magos de la\\nLuna Verde. Repone toda la Salud de los aliados.",0x13a71,90,Un cristal enchanté créé par les Mages de la\\nLune Verte. Redonne tous les PV à un allié.,0x135f8,88,An enchanted crystal created by Mages of the\\nGreen Moon. Restores all HP for one ally.
244,0x8c3734b0,0x1a456,14,Magic Droplet,0x1a916,12,Gota Mágica,0x1ad71,15,Goutte Magique,0x1a426,14,Magic Droplet,0x7,X,X,X,48,Recover MP,1,Single PC,100,50,4,31,0,40,0,0,1,-1,None,-1,None,0,Poison,0,0x13680,80,Created from the dew that forms on a magical\\ntree. Restores 1 MP for one ally.,0x137d6,72,Gota de rocío de un árbol mágico.\\nRepone 1 punto de Magia a un aliado.,0x13acb,88,Créée à partir de la rosée qui se forme sur un\\narbre magique. Redonne 1 PM à un allié.,0x13650,80,Created from the dew that forms on a magical\\ntree. Restores 1 MP for one ally.
245,0x8c3734c0,0x1a464,10,Magic Dew,0x1a922,13,Rocío Mágico,0x1ad80,14,Rosée Magique,0x1a434,10,Magic Dew,0x7,X,X,X,48,Recover MP,1,Single PC,100,50,5,30,0,400,0,0,10,-1,None,-1,None,0,Poison,0,0x136d0,77,A more concentrated form of the Magic Droplet.\\nRestores 10 MP for one ally.,0x1381e,80,Fórmula más concentrada de Gota Mágica.\\nRepone 10 puntos de Magia a un aliado.,0x13b23,75,Une forme plus concentrée de la Goutte\\nMagique. Redonne 10 PM à un allié.,0x136a0,77,A more concentrated form of the Magic Droplet.\\nRestores 10 MP for one ally.
246,0x8c3734cc,0x1a46e,14,Aura of Valor,0x1a92f,14,Aura de Valor,0x1ad8e,17,Aura de Bravoure,0x1a43e,14,Aura of Valor,0x3,"",X,X,35,Recover SP,2,All PCs,100,50,6,1,0,2000,0,0,99,-1,None,-1,None,0,Poison,0,0x1371d,77,A sacred stone that boosts the Spirit of the\\nentire party to heroic levels.,0x1386e,90,Piedra sagrada que aumenta el Espíritu del\\ngrupo entero hasta alcanzar niveles heroicos.,0x13b6e,83,Une pierre sacrée qui remonte l'Esprit de tout\\nle groupe à des niveaux héroïques.,0x136ed,77,A sacred stone that boosts the Spirit of the\\nentire party to heroic levels.
247,0x8c3734dc,0x1a47c,13,Soul Crystal,0x1a93d,17,Cristal del Alma,0x1ad9f,14,Cristal d'Âme,0x1a44c,13,Soul Crystal,0x0,"","","",-1,None,0,None,0,100,49,62,0,3000,0,0,0,0,Green,0,Physical,0,Poison,0,0x1376a,64,A valuable treasure sought by Zivilyn Bane on\\nDaccat's Island.,0x138c8,63,Valioso tesoro buscado por Zivilyn Bane en la\\nIsla de Daccat.,0x13bc1,68,Un précieux trésor recherché par Zivilyn Bane\\nsur l'Île de Daccat.,0x1373a,64,A valuable treasure sought by Zivilyn Bane on\\nDaccat's Island.
248,0x8c3734ec,0x1a489,14,Unholy Dagger,0x1a94e,12,Daga Impura,0x1adad,15,Poignard Impie,0x1a459,14,Unholy Dagger,0x0,"","","",-1,None,0,None,0,100,50,69,0,4000,0,0,0,0,Green,0,Physical,0,Poison,0,0x137aa,67,A valuable treasure sought by Zivilyn Bane in\\nthe Grand Fortress.,0x13907,63,Valioso tesoro buscado por Zivilyn Bane en la\\nGran Fortaleza.,0x13c05,74,Un précieux trésor recherché par Zivilyn Bane\\ndans la Grande Forteresse.,0x1377a,67,A valuable treasure sought by Zivilyn Bane in\\nthe Grand Fortress.
249,0x8c3734fc,0x1a497,14,Curia Crystal,0x1a95a,14,Cristal Curia,0x1adbc,14,Cristal Curia,0x1a467,14,Curia Crystal,0x2,"",X,"",30,Rem Neg States B,1,Single PC,100,50,7,7,0,30,0,0,0,0,Green,0,Physical,7,Revival,0,0x137ed,92,"An ensorcelled crystal that cures all adverse\\neffects on one ally, except for Unconscious.",0x13946,82,Un cristal encantado que cura de todos\\nlos efectos adversos menos inconsciencia.,0x13c4f,90,Cristal ensorcelé qui guérit un allié de tous\\nles effets néfastes à part l'inconscience.,0x137bd,92,"An ensorcelled crystal that cures all adverse\\neffects on one ally, except for Unconscious."
250,0x8c37350c,0x1a4a5,14,Risan Crystal,0x1a968,14,Cristal Risan,0x1adca,14,Cristal Risan,0x1a475,14,Risan Crystal,0x2,"",X,"",27,Revive w/ HP of 50%,1,Single PC,100,50,8,48,0,150,0,0,0,0,Green,0,Physical,7,Revival,50,0x13849,98,"An ensorcelled crystal that has a 50% chance of\\nreviving one ally, with 50% of their maximum HP.",0x13998,93,"Un cristal encantado que puede revivir al aliado\\nen un 50%, con un 50% del máximo de Salud.",0x13ca9,91,"Cristal ensorcelé qui a 50% de chances de\\nréanimer un allié, avec 50% de ses PV maximaux.",0x13819,98,"An ensorcelled crystal that has a 50% chance of\\nreviving one ally, with 50% of their maximum HP."
251,0x8c37351c,0x1a4b3,16,Riselem Crystal,0x1a976,16,Cristal Riselem,0x1add8,16,Cristal Riselem,0x1a483,16,Riselem Crystal,0x2,"",X,"",28,Revive w/ HP of 100%,1,Single PC,100,50,9,50,0,450,0,0,0,0,Green,0,Physical,7,Revival,0,0x138ab,60,An ensorcelled crystal that will revive an ally\\nto Max HP.,0x139f5,70,Un cristal encantado que revivirá a un aliado\\nhasta su Salud máxima.,0x13d04,66,Un cristal ensorcelé qui réanimera un allié\\navec ses PV maximum.,0x1387b,60,An ensorcelled crystal that will revive an ally\\nto Max HP.
252,0x8c37352c,0x1a4c3,15,Glyph of Might,0x1a986,16,Glifo de Fuerza,0x1ade8,16,Glyphe de Force,0x1a493,15,Glyph of Might,0x2,"",X,"",21,Incr Attack & Defense,1,Single PC,100,50,10,17,0,100,0,0,0,0,Green,0,Physical,7,Revival,0,0x138e7,70,Developed by De Loco's Researchers.\\nIncreases the Power of one ally.,0x13a3b,76,Desarrollado por los laboratorios De Loco.\\nAumenta la Fuerza de un aliado.,0x13d46,72,Développé par les Chercheurs de De Loco.\\nAugmente la Force d'un allié.,0x138b7,70,Developed by De Loco's Researchers.\\nIncreases the Power of one ally.
253,0x8c37353c,0x1a4d2,15,Glyph of Speed,0x1a996,14,Símbolo Veloz,0x1adf8,15,Glyphe Vitesse,0x1a4a2,15,Glyph of Speed,0x2,"",X,"",20,Incr Quick,2,All PCs,100,50,11,18,0,100,0,0,0,0,Green,0,Physical,7,Revival,0,0x1392d,78,Developed by De Loco's Researchers.\\nIncreases the Quick of the entire party.,0x13a87,79,Desarrollado por los laboratorios De Loco.\\nAumenta la Velocidad de un aliado.,0x13d8e,74,Développé par les Chercheurs de De Loco.\\nAugmente la Vitesse d'un allié.,0x138fd,78,Developed by De Loco's Researchers.\\nIncreases the Quick of the entire party.
254,0x8c37354c,0x1a4e1,14,Healing Salve,0x1a9a4,17,Bálsamo Curativo,0x1ae07,17,Baume Guérisseur,0x1a4b1,14,Healing Salve,0x2,"",X,"",33,Regenerate,1,Single PC,100,50,12,25,0,50,0,0,250,0,Green,0,Physical,0,Poison,0,0x1397b,75,Developed by De Loco's Researchers.\\nAllows one ally to regenerate health.,0x13ad6,84,Desarrollado por los laboratorios De Loco.\\nPermite curar las heridas de un aliado.,0x13dd8,88,Développé par les Chercheurs de De Loco.\\nPermet de régénérer les blessures d'un allié.,0x1394b,75,Developed by De Loco's Researchers.\\nAllows one ally to regenerate health.
255,0x8c37355c,0x1a4ef,17,Chalice of Blood,0x1a9b5,16,Cáliz de Sangre,0x1ae18,15,Calice de Sang,0x1a4bf,17,Chalice of Blood,0x0,"","","",-1,None,0,None,0,100,51,2,0,5000,0,0,0,0,Green,0,Physical,0,Poison,0,0x139c6,62,A valuable treasure sought by Zivilyn Bane in\\nthe Dark Rift.,0x13b2a,64,Un valioso tesoro buscado por Zivilyn Bane\\nen la Gruta Oscura.,0x13e30,67,Un précieux trésor recherché par Zivilyn Bane\\ndans le Récif Noir.,0x13996,62,A valuable treasure sought by Zivilyn Bane in\\nthe Dark Rift.
256,0x8c373570,0x1a500,13,Windsong Orb,0x1a9c5,13,Esfera Aúrea,0x1ae27,17,Orbe Chantduvent,0x1a4d0,13,Windsong Orb,0x0,"","","",-1,None,0,None,0,100,52,74,0,6000,0,0,0,0,Green,0,Physical,0,Poison,0,0x13a04,60,A valuable treasure sought by Zivilyn Bane in\\nMount Kazai.,0x13b6a,63,Un valioso tesoro buscado por Zivilyn Bane\\nen el Monte Kazai.,0x13e73,66,Un précieux trésor recherché par Zivilyn Bane\\nsur le Mont Kazai.,0x139d4,60,A valuable treasure sought by Zivilyn Bane in\\nMount Kazai.
257,0x8c373580,0x1a50d,11,Winter Orb,0x1a9d2,16,Esfera Invernal,0x1ae38,14,Orbe Hivernal,0x1a4dd,11,Winter Orb,0x0,"","","",-1,None,0,None,0,100,53,75,0,7000,0,0,0,0,Green,0,Physical,0,Poison,0,0x13a40,55,A valuable treasure sought by Zivilyn Bane in\\nGlacia.,0x13ba9,55,Un valioso tesoro buscado por Zivilyn Bane\\nen Glacia.,0x13eb5,60,Un précieux trésor recherché par Zivilyn Bane\\ndans Glacia.,0x13a10,55,A valuable treasure sought by Zivilyn Bane in\\nGlacia.
258,0x8c37358c,0x1a518,10,Moonberry,0x1a9e2,10,Moonberry,0x1ae46,11,Baiedelune,0x1a4e8,10,Moonberry,0x0,"","","",52,Learn S-Move,1,Single PC,100,0,13,35,0,50000,0,0,-1,-1,None,-1,None,0,Poison,0,0x13a77,92,An edible fruit fertilized by Moon Stones.\\nEating it will enable you to learn a technique.,0x13be0,76,Fruta fertilizada por Piedras Lunares.\\nSi la comes aprenderás una técnica.,0x13ef1,99,Fruit comestible fertilisé par les Pierres de Lune.\\nEn le mangeant vous apprendrez une technique.,0x13a47,92,An edible fruit fertilized by Moon Stones.\\nEating it will enable you to learn a technique.
259,0x8c373598,0x1a522,5,Cham,0x1a9ec,5,Chum,0x1ae51,5,Cham,0x1a4f2,5,Cham,0x4,X,"","",53,Evolve Cupil,0,None,100,0,14,3,0,10000,0,0,-1,-1,None,-1,None,0,Poison,0,0x13ad3,97,Cupil gets excited when Chams are in the area.\\nFeeding them to Cupil will enable him to evolve.,0x13c2c,94,"Cupil se alegra cuando hay chums por la zona.\\nSi se los das de comer, Cupil se transformará.",0x13f54,97,Cupil est ravi lorsqu'il y a des Chams pas loin.\\nDonnez les à manger à Cupil pour qu'il évolue.,0x13aa3,97,Cupil gets excited when Chams are in the area.\\nFeeding them to Cupil will enable him to evolve.
260,0x8c3735a0,0x1a527,13,Paranta Seed,0x1a9f1,19,Semilla de Paranta,0x1ae56,15,Graine Paranta,0x1a4f7,13,Paranta Seed,0x4,X,"","",54,Grow Power,1,Single PC,100,1,17,40,0,5000,0,0,3,-1,None,-1,None,0,Poison,0,0x13b34,87,"The seed of a Paranta Tree, which blooms under\\na full Red Moon. Increases Power by 3.",0x13c8a,95,La semilla del árbol Paranta florece cuando la\\nLuna Roja está llena. Añade 3 puntos de Poder.,0x13fb5,93,"Graine d'un Arbre Paranta, qui fleurit sous\\nla pleine Lune Rouge. Augmente le Pouvoir de 3.",0x13b04,87,"The seed of a Paranta Tree, which blooms under\\na full Red Moon. Increases Power by 3."
261,0x8c3735b0,0x1a534,10,Icyl Seed,0x1aa04,16,Semilla de Icyl,0x1ae65,12,Graine Icyl,0x1a504,10,Icyl Seed,0x4,X,"","",55,Grow Will,1,Single PC,100,1,18,26,0,5000,0,0,3,-1,None,-1,None,0,Poison,0,0x13b8b,87,"The seed of an Icyl Tree, which blooms under a\\nfull Purple Moon. Increases Will by 3.",0x13ce9,94,La semilla del árbol Icyl florece cuando hay\\nLuna Purpura llena. Anade 3 puntos de Voluntad.,0x14012,90,"Graine d'un Arbre Icyl, qui fleurit sous la\\npleine Lune Mauve. Augmente la Volonté de 3.",0x13b5b,87,"The seed of an Icyl Tree, which blooms under a\\nfull Purple Moon. Increases Will by 3."
262,0x8c3735bc,0x1a53e,10,Zaal Seed,0x1aa14,16,Semilla de Zeal,0x1ae71,12,Graine Zaal,0x1a50e,10,Zaal Seed,0x4,X,"","",56,Grow Vigor,1,Single PC,100,1,19,76,0,5000,0,0,3,-1,None,-1,None,0,Poison,0,0x13be2,87,"The seed of a Zaal Tree, which blooms under a\\nfull Yellow Moon. Increases Vigor by 3.",0x13d47,96,La semilla del árbol Zeal florece cuando la\\nLuna Amarilla está llena. Añade 3 puntos de Vigor.,0x1406c,90,"Graine d'un Arbre Zaal, qui fleurit sous la\\npleine Lune Jaune. Augmente la Vigueur de 3.",0x13bb2,87,"The seed of a Zaal Tree, which blooms under a\\nfull Yellow Moon. Increases Vigor by 3."
263,0x8c3735c8,0x1a548,11,Dexus Seed,0x1aa24,17,Semilla de Dexus,0x1ae7d,13,Graine Dexus,0x1a518,11,Dexus Seed,0x4,X,"","",57,Grow Agile,1,Single PC,100,1,20,8,0,15000,0,0,1,-1,None,-1,None,0,Poison,0,0x13c39,95,"The seed of a Dexus Tree, which blooms under\\nthe light of 6 full Moons. Increases Agile by 1.",0x13da7,96,La semilla del árbol Dexus florece con la luz\\nde 6 lunas llenas. Anade un 1 punto de Agilidad.,0x140c6,95,"Graine d'un Arbre Dexus, qui fleurit à la lueur\\ndes 6 pleines lunes. Augmente l'Agilité de 1.",0x13c09,95,"The seed of a Dexus Tree, which blooms under\\nthe light of 6 full Moons. Increases Agile by 1."
264,0x8c3735d4,0x1a553,11,Sylph Seed,0x1aa35,17,Semilla de Sylph,0x1ae8a,13,Graine Sylph,0x1a523,11,Sylph Seed,0x4,X,"","",58,Grow Quick,1,Single PC,100,1,21,67,0,5000,0,0,3,-1,None,-1,None,0,Poison,0,0x13c98,86,"The seed of a Sylph Tree, which blooms under a\\nfull Blue Moon. Increases Quick by 3.",0x13e07,95,La semilla del árbol Sylph florece cuando la\\nLuna Azul está llena. Añade 3 puntos de Rapidez.,0x14125,92,"Graine d'un Arbre Sylph, qui fleurit sous\\nla pleine Lune Bleue. Augmente la Rapidité de 3.",0x13c68,86,"The seed of a Sylph Tree, which blooms under a\\nfull Blue Moon. Increases Quick by 3."
265,0x8c3735e0,0x1a55e,11,Vidal Seed,0x1aa46,17,Semilla de Vidal,0x1ae97,13,Graine Vidal,0x1a52e,11,Vidal Seed,0x4,X,"","",59,Grow MAXHP,1,Single PC,100,1,22,71,0,5000,0,0,30,-1,None,-1,None,0,Poison,0,0x13cee,89,"The seed of a Vidal Tree, which blooms under a\\nfull Green Moon. Increases Max HP by 30.",0x13e66,93,La semilla Vidal florece cuando hay Luna Verde\\nllena. Añade 30 puntos de a la Salud máxima.,0x14181,92,"Graine d'un Arbre Vidal, qui fleurit sous la\\npleine Lune Verte. Augmente les PV Max de 30.",0x13cbe,89,"The seed of a Vidal Tree, which blooms under a\\nfull Green Moon. Increases Max HP by 30."
266,0x8c3735ec,0x1a569,11,Magus Seed,0x1aa57,17,Semilla de Magus,0x1aea4,13,Graine Magus,0x1a539,11,Magus Seed,0x4,X,"","",60,Grow MAXMP,1,Single PC,100,1,23,33,0,5000,0,0,1,-1,None,-1,None,0,Poison,0,0x13d47,89,"The seed of a Magus Tree, which blooms under a\\nfull Silver Moon. Increases Max MP by 1.",0x13ec3,95,La semilla Magus florece cuando la Luna de Plata\\nestá llena. Añade 1 punto a la Magia máxima.,0x141dd,94,"Graine d'un Arbre Magus, qui fleurit sous la\\npleine Lune d'argent. Augmente les PM Max de 1.",0x13d17,89,"The seed of a Magus Tree, which blooms under a\\nfull Silver Moon. Increases Max MP by 1."
267,0x8c3735f8,0x1a574,9,Pyri Box,0x1aa68,10,Caja Pyri,0x1aeb1,11,Boîte Pyri,0x1a544,9,Pyri Box,0x2,"",X,"",0,Damage,4,All ECs,8,1,24,43,0,400,0,0,150,1,Red,1,Magical,0,Poison,0,0x13da0,97,"A mage of the Red Moon has enchanted a box with\\nthe spell, Pyri. It can be used more than once.",0x13f22,96,Un mago de la Luna Roja ha encantado la caja con\\nel hechizo Pyri. Puede usarse más de una vez.,0x1423b,87,Un Mage de la Lune Rouge a enchanté une boîte\\navec le sort Pyri. Peut être réutilisé.,0x13d70,97,"A mage of the Red Moon has enchanted a box with\\nthe spell, Pyri. It can be used more than once."
268,0x8c373604,0x1a57d,10,Pyrum Box,0x1aa72,11,Caja Pyrum,0x1aebc,12,Boîte Pyrum,0x1a54d,10,Pyrum Box,0x2,"",X,"",0,Damage,4,All ECs,16,1,25,44,0,1200,0,0,360,1,Red,1,Magical,0,Poison,0,0x13e01,83,"A mage of the Red Moon has enchanted a box with\\nthe spell, Pyrum. 5 or 6 charges.",0x13f82,83,Un mago de la Luna Roja ha encantado la caja con\\nel hechizo Pyrum. 5 ó 6 ataques.,0x14292,84,"Un Mage de la Lune Rouge a enchanté une boîte\\navec le sort, Pyrum. 5 ou 6 charges.",0x13dd1,83,"A mage of the Red Moon has enchanted a box with\\nthe spell, Pyrum. 5 or 6 charges."
269,0x8c373610,0x1a587,14,Crystales Box,0x1aa7d,15,Caja Crystales,0x1aec8,16,Boîte Crystales,0x1a557,14,Crystales Box,0x2,"",X,"",0,Damage,3,Single EC,12,1,26,6,0,800,0,0,330,2,Purple,1,Magical,0,Poison,0,0x13e54,89,A mage of the Purple Moon has enchanted a box\\nwith the spell Crystales. 7 or 8 charges.,0x13fd5,90,Un mago de la Luna Púrpura ha encantado la caja\\ncon el hechizo Crystales. 7 u 8 ataques.,0x142e6,87,Un Mage de la Lune Mauve a enchanté une boîte\\navec le sort Crystales. 7 ou 8 charges.,0x13e24,89,A mage of the Purple Moon has enchanted a box\\nwith the spell Crystales. 7 or 8 charges.
270,0x8c373620,0x1a595,14,Crystalen Box,0x1aa8c,15,Caja Crystalen,0x1aed8,16,Boîte Crystalen,0x1a565,14,Crystalen Box,0x2,"",X,"",0,Damage,3,Single EC,24,1,27,5,0,1600,0,0,600,2,Purple,1,Magical,0,Poison,0,0x13ead,89,A mage of the Purple Moon has enchanted a box\\nwith the spell Crystalen. 3 or 4 charges.,0x1402f,90,Un mago de la Luna Púrpura ha encantado la caja\\ncon el hechizo Crystalen. 3 ó 4 ataques.,0x1433d,87,Un Mage de la Lune Mauve a enchanté une boîte\\navec le sort Crystalen. 3 ou 4 charges.,0x13e7d,89,A mage of the Purple Moon has enchanted a box\\nwith the spell Crystalen. 3 or 4 charges.
271,0x8c373630,0x1a5a3,11,Wevles Box,0x1aa9b,12,Caja Wevles,0x1aee8,13,Boîte Wevles,0x1a573,11,Wevles Box,0x2,"",X,"",0,Damage,33,EC Square S5,12,1,28,73,0,800,0,0,285,3,Blue,1,Magical,0,Poison,0,0x13f06,84,A mage of the Blue Moon has enchanted a box\\nwith the spell Wevles. 7 or 8 charges.,0x14089,84,Un mago de la Luna Azul ha encantado la caja\\ncon el hechizo Wevles. 7 u 8 ataques.,0x14394,84,Un Mage de la Lune Bleue a enchanté une boîte\\navec le sort Wevles. 7 ou 8 charges.,0x13ed6,84,A mage of the Blue Moon has enchanted a box\\nwith the spell Wevles. 7 or 8 charges.
272,0x8c37363c,0x1a5ae,11,Wevlen Box,0x1aaa7,12,Caja Wevlen,0x1aef5,13,Boîte Wevlen,0x1a57e,11,Wevlen Box,0x2,"",X,"",0,Damage,34,EC Square S7,24,1,29,72,0,1600,0,0,525,3,Blue,1,Magical,0,Poison,0,0x13f5a,84,A mage of the Blue Moon has enchanted a box\\nwith the spell Wevlen. 3 or 4 charges.,0x140dd,85,Un mago de la Luna Azul ha encantado una caja\\ncon el hechizo Wevlen. 3 ó 4 ataques.,0x143e8,84,Un Mage de la Lune Bleue a enchanté une boîte\\navec le sort Wevlen. 3 ou 4 charges.,0x13f2a,84,A mage of the Blue Moon has enchanted a box\\nwith the spell Wevlen. 3 or 4 charges.
273,0x8c373648,0x1a5b9,12,Electri Box,0x1aab3,13,Caja Electri,0x1af02,14,Boîte Electri,0x1a589,12,Electri Box,0x2,"",X,"",0,Damage,36,EC Ray S1,8,1,30,12,0,400,0,0,180,4,Yellow,1,Magical,0,Poison,0,0x13fae,95,A mage of the Yellow Moon has enchanted a box\\nwith the spell Electri. It has several charges.,0x14132,93,Un mago de la Luna Amarilla ha encantado la caja\\ncon el hechizo Electri. Multiples ataques.,0x1443c,88,Un Mage de la Lune Jaune a enchanté une boîte\\navec le sort Electri. Plusieurs charges.,0x13f7e,95,A mage of the Yellow Moon has enchanted a box\\nwith the spell Electri. It has several charges.
274,0x8c373654,0x1a5c5,13,Electrum Box,0x1aac0,14,Caja Electrum,0x1af10,15,Boîte Electrum,0x1a595,13,Electrum Box,0x2,"",X,"",0,Damage,37,EC Ray S3,16,1,31,13,0,1200,0,0,420,4,Yellow,1,Magical,0,Poison,0,0x1400d,88,A mage of the Yellow Moon has enchanted a box\\nwith the spell Electrum. 5 or 6 charges.,0x1418f,90,Un mago de la Luna Amarilla ha encantado la caja\\ncon el hechizo Electrum. 5 ó 6 ataques.,0x14494,86,Un Mage de la Lune Jaune a enchanté une boîte\\navec le sort Electrum. 5 ou 6 charges.,0x13fdd,88,A mage of the Yellow Moon has enchanted a box\\nwith the spell Electrum. 5 or 6 charges.
275,0x8c373664,0x1a5d2,10,Sacri Box,0x1aace,11,Caja Sacri,0x1af1f,12,Boîte Sacri,0x1a5a2,10,Sacri Box,0x2,"",X,"",31,Recover HP,1,Single PC,8,1,32,54,0,800,0,0,500,-1,None,-1,None,0,Poison,0,0x14065,92,A mage of the Green Moon has enchanted a box\\nwith the spell Sacri. It has several charges.,0x141e9,88,Un mago de la Luna Verde ha encantado la caja\\ncon el hechizo Sacri. Múltiples ataques.,0x144ea,86,Un Mage de la Lune Verte a enchanté une boîte\\navec le sort Sacri. Plusieurs charges.,0x14035,92,A mage of the Green Moon has enchanted a box\\nwith the spell Sacri. It has several charges.
276,0x8c373670,0x1a5dc,13,Sacrulen Box,0x1aad9,14,Caja Sacrulen,0x1af2b,15,Boîte Sacrulen,0x1a5ac,13,Sacrulen Box,0x2,"",X,"",31,Recover HP,2,All PCs,16,1,33,56,0,1200,0,0,1000,-1,None,-1,None,0,Poison,0,0x140c1,87,A mage of the Green Moon has enchanted a box\\nwith the spell Sacrulen. 5 or 6 charges.,0x14241,87,Un mago de la Luna Verde ha encantado la caja\\ncon el hechizo Sacrulen. 5 ó 6 ataques.,0x14540,86,Un Mage de la Lune Verte a enchanté une boîte\\navec le sort Sacrulen. 5 ou 6 charges.,0x14091,87,A mage of the Green Moon has enchanted a box\\nwith the spell Sacrulen. 5 or 6 charges.
277,0x8c373680,0x1a5e9,12,Riselem Box,0x1aae7,13,Caja Riselen,0x1af3a,14,Boîte Riselem,0x1a5b9,12,Riselem Box,0x2,"",X,"",28,Revive w/ HP of 100%,1,Single PC,32,1,34,49,0,2400,0,0,0,0,Green,0,Physical,7,Revival,0,0x14118,92,A mage of the Silver Moon has enchanted a box\\nwith the spell Riselem. This box is fragile!,0x14298,99,Un mago de la Luna de Plata ha encantado la caja\\ncon el hechizo Riselem. ¡Es una caja muy frágil!,0x14596,97,Un Mage de la Lune d'Argent a enchanté une boîte\\navec le sort Riselem. Cette boîte est fragile!,0x140e8,92,A mage of the Silver Moon has enchanted a box\\nwith the spell Riselem. This box is fragile!
278,0x8c37368c,0x1a5f5,12,Sylenis Box,0x1aaf4,13,Caja Sylenis,0x1af48,14,Boîte Sylenis,0x1a5c5,12,Sylenis Box,0x2,"",X,"",12,Silence,3,Single EC,12,1,35,66,0,600,0,0,0,0,Green,0,Physical,5,Silence,30,0x14174,87,A mage of the Purple Moon has enchanted a box\\nwith the spell Sylenis. 7 or 8 charges.,0x142fb,88,Un mago de la Luna Púrpura ha encantado la caja\\ncon el hechizo Sylenis. 7 u 8 ataques.,0x145f7,85,Un Mage de la Lune Mauve a enchanté une boîte\\navec le sort Sylenis. 7 ou 8 charges.,0x14144,87,A mage of the Purple Moon has enchanted a box\\nwith the spell Sylenis. 7 or 8 charges.
279,0x8c373698,0x1a601,11,Panika Box,0x1ab01,12,Caja Panika,0x1af56,13,Boîte Panika,0x1a5d1,11,Panika Box,0x2,"",X,"",11,Confusion,3,Single EC,24,1,36,39,0,1200,0,0,0,0,Green,0,Physical,4,Confusion,30,0x141cb,86,A mage of the Purple Moon has enchanted a box\\nwith the spell Panika. 3 or 4 charges.,0x14353,87,Un mago de la Luna Púrpura ha encantado la caja\\ncon el hechizo Panika. 3 ó 4 ataques.,0x1464c,84,Un Mage de la Lune Mauve a enchanté une boîte\\navec le sort Panika. 3 ou 4 charges.,0x1419b,86,A mage of the Purple Moon has enchanted a box\\nwith the spell Panika. 3 or 4 charges.
280,0x8c3736a4,0x1a60c,10,Driln Box,0x1ab0d,11,Caja Driln,0x1af63,12,Boîte Driln,0x1a5dc,10,Driln Box,0x2,"",X,"",26,Decr All Attr,3,Single EC,12,1,37,11,0,600,0,0,0,0,Green,0,Physical,8,Weak,50,0x14221,85,A mage of the Yellow Moon has enchanted a box\\nwith the spell Driln. 7 or 8 charges.,0x143aa,87,Un mago de la Luna Amarilla ha encantado la caja\\ncon el hechizo Driln. 7 u 8 ataques.,0x146a0,83,Un Mage de la Lune Jaune a enchanté une boîte\\navec le sort Driln. 7 ou 8 charges.,0x141f1,85,A mage of the Yellow Moon has enchanted a box\\nwith the spell Driln. 7 or 8 charges.
281,0x8c3736b0,0x1a616,12,Slipara Box,0x1ab18,13,Caja Slipara,0x1af6f,14,Boîte Slipara,0x1a5e6,12,Slipara Box,0x2,"",X,"",9,Sleep,4,All ECs,24,1,38,61,0,1200,0,0,0,0,Green,0,Physical,3,Sleep,50,0x14276,85,A mage of the Blue Moon has enchanted a box\\nwith the spell Slipara. 3 or 4 charges.,0x14401,85,Un mago de la Luna Azul ha encantado la caja\\ncon el hechizo Slipara. 3 ó 4 ataques.,0x146f3,86,Un Mage de la Lune Bleue a enchanté une boîte\\navec le sort Slipara. 3 ou 4 attaques.,0x14246,85,A mage of the Blue Moon has enchanted a box\\nwith the spell Slipara. 3 or 4 charges.
282,0x8c3736bc,0x1a622,12,Eternum Box,0x1ab25,13,Caja Eternum,0x1af7d,14,Boîte Eternum,0x1a5f2,12,Eternum Box,0x2,"",X,"",6,Unconscious + Damage A,3,Single EC,32,1,39,14,0,3600,0,0,250,5,Silver,1,Magical,49,???,0,0x142cb,92,A mage of the Silver Moon has enchanted a box\\nwith the spell Eternum. This box is fragile!,0x14456,99,Un mago de la Luna de Plata ha encantado la caja\\ncon el hechizo Eternum. !Es una caja muy fragil!,0x14749,97,Un Mage de la Lune d'Argent a enchanté une boîte\\navec le sort Eternum. Cette boîte est fragile!,0x1429b,92,A mage of the Silver Moon has enchanted a box\\nwith the spell Eternum. This box is fragile!
283,0x8c3736c8,0x1a62e,17,Rune of Ill Omen,0x1ab32,17,Profecía Maldita,0x1af8b,14,Rune d'Augure,0x1a5fe,17,Rune of Ill Omen,0x0,"","","",-1,None,0,None,0,100,47,52,0,1000,0,0,0,0,Green,0,Physical,0,Poison,0,0x14327,55,A valuable treasure sought by Zivilyn Bane in\\nPyrynn.,0x144b9,55,Un valioso tesoro buscado por Zivilyn Bane en\\nPyrynn.,0x147aa,60,Un précieux trésor recherché par Zivilyn Bane\\ndans Pyrynn.,0x142f7,55,A valuable treasure sought by Zivilyn Bane in\\nPyrynn.
284,0x8c3736dc,0x1a63f,12,Golden Mask,0x1ab43,15,Máscara Dorada,0x1af99,12,Masque Doré,0x1a60f,12,Golden Mask,0x0,"","","",-1,None,0,None,0,100,48,21,0,2000,0,0,0,0,Green,0,Physical,0,Poison,0,0x1435e,54,A valuable treasure sought by Zivilyn Bane in\\nRixis.,0x144f0,54,Un valioso tesoro buscado por Zivilyn Bane en\\nRixis.,0x147e6,59,Un précieux trésor recherché par Zivilyn Bane\\ndans Rixis.,0x1432e,54,A valuable treasure sought by Zivilyn Bane in\\nRixis.
285,0x8c3736e8,0x1a64b,11,Sky Sardis,0x1ab52,15,Sardis Celeste,0x1afa5,7,Sardis,0x1a61b,11,Sky Sardis,0x4,X,"","",31,Recover HP,1,Single PC,100,100,58,60,0,1,0,0,1,-1,None,-1,None,0,Poison,0,0x14394,92,A common fish at the bottom of the food chain.\\nThey are fare for most Mid Ocean residents.,0x14526,97,Un pez común del final de la cadena alimenticia.\\nCasi todos los habitantes del oceano lo comen.,0x14821,67,Poisson banal. La plupart\\ndes habitants de l'océan en consomment.,0x14364,92,A common fish at the bottom of the food chain.\\nThey are fare for most Mid Ocean residents.
286,0x8c3736f4,0x1a656,11,Red Sardis,0x1ab61,12,Sardis Rojo,0x1afac,13,Sardis Rouge,0x1a626,11,Red Sardis,0x4,X,"","",31,Recover HP,1,Single PC,100,100,59,47,0,10,0,0,1,-1,None,-1,None,0,Poison,0,0x143f0,86,"A type of fish that doesn't taste very good,\\nbut is valued for its fiery red scales.",0x14587,89,"Un tipo de pescado que no sabe muy bien,\\npero es valorado por sus escamas rojo intenso.",0x14864,88,"Une sorte de poisson peu ragoûtant, mais\\nqui est prisé pour ses écailles rougeoyantes.",0x143c0,86,"A type of fish that doesn't taste very good,\\nbut is valued for its fiery red scales."
287,0x8c373700,0x1a661,12,Flying Fish,0x1ab6d,12,Pez Volador,0x1afb9,15,Poisson Volant,0x1a631,12,Flying Fish,0x4,X,"","",31,Recover HP,1,Single PC,100,100,60,16,0,2,0,0,1,-1,None,-1,None,0,Poison,0,0x14446,63,"Most commonly found near Mid Ocean. Has thick,\\nbarbed scales.",0x145e0,77,Suele encontrarse junto al Océano Medio.\\nSus escamas son gruesas y dañinas.,0x148bc,88,Se trouve le plus souvent près de l'océan\\nCentral. A des écailles épaisses et poilues.,0x14416,63,"Most commonly found near Mid Ocean. Has thick,\\nbarbed scales."
288,0x8c37370c,0x1a66d,15,Spiked Sunfish,0x1ab79,12,Pez Volador,0x1afc8,14,Poissonsoleil,0x1a63d,15,Spiked Sunfish,0x4,X,"","",31,Recover HP,1,Single PC,100,100,61,64,0,20,0,0,1,-1,None,-1,None,0,Poison,0,0x14485,91,"Spiked Sunfish travel in schools, in order to\\navoid predators. They can be eaten or sold.",0x1462d,76,Pez que viaja en grupo para evitar\\nser devorado. Puede comerse o venderse.,0x14914,88,Le Poissonsoleil voyage en bancs pour\\néviter les prédateurs. A consommmer ou à vendre.,0x14455,91,"Spiked Sunfish travel in schools, in order to\\navoid predators. They can be eaten or sold."
289,0x8c37371c,0x1a67c,12,Abirik Cham,0x1ab85,12,Chum Abirik,0x1afd6,12,Abirik Cham,0x1a64c,12,Abirik Cham,0x4,X,"","",75,Evolve Cupil Now,0,None,100,0,15,0,0,50000,0,0,-1,-2,???,-1,None,0,Poison,0,0x144e0,66,"If Cupil eats an Abirik Cham, he will evolve\\ninto his next form.",0x14679,58,"Si Cupil come un chum Abirik,\\nadoptará su próxima forma.",0x1496c,69,"Si Cupil mange un Abirik Cham, il atteindra sa\\nsa forme supérieure.",0x144b0,66,"If Cupil eats an Abirik Cham, he will evolve\\ninto his next form."
290,0x8c373728,0x1a688,5,Chom,0x1ab91,5,Chom,0x1afe2,5,Chom,0x1a658,5,Chom,0x4,X,"","",76,Reset Cupil,0,None,100,1,16,4,0,3000,0,0,-1,-2,???,-1,None,0,Poison,0,0x14522,73,A contaminated form of Cham that causes Cupil\\nto regurgitate all Chams.,0x146b3,82,Es un chum contaminado y hará que Cupil\\nregurgite todos los chums que ha comido.,0x149b1,86,Une espèce de Cham contaminé qui fait\\nrégurgiter à Cupil tous les Chams déjà mangés.,0x144f2,73,A contaminated form of Cham that causes Cupil\\nto regurgitate all Chams.
291,0x8c373730,0x1a68d,12,Gold Pollen,0x1ab96,13,Polen de Oro,0x1afe7,12,Pollen D'or,0x1a65d,12,Gold Pollen,0x0,"","","",-1,None,0,None,100,100,41,20,0,5000,0,0,0,0,Green,0,Physical,0,Poison,0,0x1456b,83,Pollen from the Kanezl Plants found north of\\nNasr. An expensive export of Nasrad.,0x14705,96,Polen de las plantas Kanezl que se encuentra al\\nnorte de Nasr. Una exportación cara de Nasrad.,0x14a07,90,Pollen des Plantes Kanezl qui se trouvent au\\nnord de Nasr. Produit d'exportation Nasran.,0x1453b,83,Pollen from the Kanezl Plants found north of\\nNasr. An expensive export of Nasrad.
292,0x8c37373c,0x1a699,9,Ilchymix,0x1aba3,9,Ilchymix,0x1aff3,9,Ilchymix,0x1a669,9,Ilchymix,0x4,X,"","",51,Recover HP & MP by 100% B,2,All PCs,100,100,46,27,0,400,0,0,10000,-1,None,-1,None,0,Poison,0,0x145be,95,"Ilchymis' special mix of herbs, this amazing\\npotion will fully restore the party's HP and MP.",0x14765,94,Mezcla especial de hierbas hecha por Ilchymis\\nque repone toda la Salud y la Magia del grupo.,0x14a61,93,"Un mélange spécial d'herbes d'Ilchymis, cette\\npotion redonnera au groupe tous ses PV et PM.",0x1458e,95,"Ilchymis' special mix of herbs, this amazing\\npotion will fully restore the party's HP and MP."
293,0x8c373748,0x1a6a2,16,Orb of Serenity,0x1abac,14,Esfera Serena,0x1affc,17,Orbe de Sérénité,0x1a672,16,Orb of Serenity,0x0,"","","",-1,None,0,None,0,100,54,38,0,10000,0,0,0,0,Green,0,Physical,0,Poison,0,0x1461d,55,A valuable treasure sought by Zivilyn Bane in\\nSoltis.,0x147c3,55,Un valioso tesoro buscado por Zivilyn Bane en\\nSoltis.,0x14abe,60,Un précieux trésor recherché par Zivilyn Bane\\ndans Soltis.,0x145ed,55,A valuable treasure sought by Zivilyn Bane in\\nSoltis.
294,0x8c373758,0x1a6b2,13,Kabal Skewer,0x1abba,15,Brocheta Kabal,0x1b00d,16,Brochette Kabal,0x1a682,13,Kabal Skewer,0x6,X,X,"",48,Recover MP,1,Single PC,100,100,42,28,0,100,0,0,2,-1,None,-1,None,0,Poison,0,0x14654,84,A traditional Nasr dish featuring grilled Kabal\\nmeat. Restores one ally's MP by 2.,0x147fa,93,"Plato tradicional de Nasr, con carne de Kabal\\nde brasa. Repone 2 puntos de Magia de aliado.",0x14afa,77,Un plat traditionnel de Nasr avec du Kabal\\ngrillé. Redonne 2 PM à un allié.,0x14624,84,A traditional Nasr dish featuring grilled Kabal\\nmeat. Restores one ally's MP by 2.
295,0x8c373768,0x1a6bf,13,Mom's Skewer,0x1abc9,17,Brocheta de mamá,0x1b01d,16,Brochette Maman,0x1a68f,13,Mom's Skewer,0x6,X,X,"",49,Recover MP of 100%,1,Single PC,100,100,43,34,0,200,0,0,100,-1,None,-1,None,0,Poison,0,0x146a8,93,A Kabal Skewer made with only the finest of\\ningredients. Completely restores one ally's MP.,0x14857,81,Un kebab hecho con los mejores ingredientes.\\nRepone toda la Magia de un aliado.,0x14b47,87,Un shishkebab cuisiné avec les meilleurs\\ningrédients. Redonne à un allié tous ses PM.,0x14678,93,A Kabal Skewer made with only the finest of\\ningredients. Completely restores one ally's MP.
296,0x8c373778,0x1a6cc,9,Tropica ,0x1abda,8,Tropica,0x1b02d,8,Tropica,0x1a69c,9,Tropica ,0x4,X,"","",59,Grow MAXHP,1,Single PC,100,100,40,68,0,1000,0,0,200,-1,None,-1,None,0,Poison,0,0x14705,85,"An extremely rare gourd, found in Ixa'taka,\\nthat increases an ally's Max HP by 200.",0x148a8,96,"Calabaza muy difícil de encontrar, de Ixa'taka,\\nque aumenta en 200 la Salud máxima del aliado.",0x14b9e,86,"Une gourde très rare, trouvée à Ixa'taka, qui\\naugmente les PV Max d'un allié de 200.",0x146d5,85,"An extremely rare gourd, found in Ixa'taka,\\nthat increases an ally's Max HP by 200."
297,0x8c373784,0x1a6d5,14,Urala's Lunch,0x1abe2,15,Almuerzo Urala,0x1b035,14,Repas d'Urala,0x1a6a5,14,Urala's Lunch,0x4,X,"","",51,Recover HP & MP by 100% B,1,Single PC,100,100,44,70,0,200,0,0,10000,-1,None,-1,None,0,Poison,0,0x1475a,84,A meal made from exotic ingredients that \\nfully replenishes the party's HP and MP.,0x14908,80,Una comida con ingredientes exóticos que\\nrepone la Salud y la Magia del grupo.,0x14bf4,83,Un repas composé d'ingrédients exotiques qui\\nredonne au groupe tous ses PV et PM.,0x1472a,84,A meal made from exotic ingredients that \\nfully replenishes the party's HP and MP.
298,0x8c373794,0x1a6e3,14,Polly Special,0x1abf1,15,Especial Polly,0x1b043,17,Spécialité Polly,0x1a6b3,14,Polly Special,0x4,X,"","",51,Recover HP & MP by 100% B,1,Single PC,100,100,45,42,0,200,0,0,10000,-1,None,-1,None,0,Poison,0,0x147ae,82,A meal made from rare ingredients that \\nfully replenishes the party's HP and MP.,0x14958,80,Una comida con ingredientes exóticos que\\nrepone la Salud y la Magia del grupo.,0x14c47,79,Un repas composé d'ingrédients rares qui\\nredonne au groupe tous ses PV et PM.,0x1477e,82,A meal made from rare ingredients that \\nfully replenishes the party's HP and MP.
299,0x8c3737a4,0x1a6f1,14,Magillex Idol,0x1ac00,15,Ídolo Magillex,0x1b054,15,Idole Magillex,0x1a6c1,14,Magillex Idol,0x0,"","","",-1,None,0,None,0,100,55,32,0,25000,0,0,0,0,Green,0,Physical,0,Poison,0,0x14800,67,One of the three lost sacred figurines that\\nPinta is looking for.,0x149a8,63,Una de las tres estatuillas sagradas que Pinta\\nestá buscando.,0x14c96,62,Une des trois figurines sacrées perdues que\\nPinta recherche.,0x147d0,67,One of the three lost sacred figurines that\\nPinta is looking for.
300,0x8c3737b4,0x1a6ff,12,Pharax Idol,0x1ac0f,16,Ídolo de Pharax,0x1b063,13,Idole Pharax,0x1a6cf,12,Pharax Idol,0x0,"","","",-1,None,0,None,0,100,56,41,0,25000,0,0,0,0,Green,0,Physical,0,Poison,0,0x14843,68,One of the three lost sacred figurines that\\nPinta is looking for. ,0x149e7,63,Una de las tres estatuillas sagradas que Pinta\\nestá buscando.,0x14cd4,62,Une des trois figurines sacrées perdues que\\nPinta recherche.,0x14813,68,One of the three lost sacred figurines that\\nPinta is looking for. 
301,0x8c3737c0,0x1a70b,13,Euconyx Idol,0x1ac1f,17,Ídolo de Euconyx,0x1b070,14,Idole Euconyx,0x1a6db,13,Euconyx Idol,0x0,"","","",-1,None,0,None,0,100,57,15,0,25000,0,0,0,0,Green,0,Physical,0,Poison,0,0x14887,68,One of the three lost sacred figurines that\\nPinta is looking for. ,0x14a26,63,Una de las tres estatuillas sagradas que Pinta\\nestá buscando.,0x14d12,62,Une des trois figurines sacrées perdues que\\nPinta recherche.,0x14857,68,One of the three lost sacred figurines that\\nPinta is looking for. 
302,0x8c3737d0,0x1a718,6,DUMMY,0x1ac30,6,DUMMY,0x1b07e,6,DUMMY,0x1a6e8,6,DUMMY,0x0,"","","",-1,None,0,None,0,0,77,-1,0,0,0,0,0,0,Green,0,Physical,0,Poison,0,0x148cb,14,DUMMY\\n------,0x14a65,14,DUMMY\\n------,0x14d50,14,DUMMY\\n------,0x1489b,14,DUMMY\\n------
303,0x8c3737d0,0x1a71e,6,DUMMY,0x1ac36,6,DUMMY,0x1b084,6,DUMMY,0x1a6ee,6,DUMMY,0x0,"","","",-1,None,0,None,0,0,78,-1,0,0,0,0,0,0,Green,0,Physical,0,Poison,0,0x148d9,14,DUMMY\\n------,0x14a73,14,DUMMY\\n------,0x14d5e,14,DUMMY\\n------,0x148a9,14,DUMMY\\n------
304,0x8c3737d0,0x1a724,6,DUMMY,0x1ac3c,6,DUMMY,0x1b08a,6,DUMMY,0x1a6f4,6,DUMMY,0x0,"","","",-1,None,0,None,0,0,79,-1,0,0,0,0,0,0,Green,0,Physical,0,Poison,0,0x148e7,14,DUMMY\\n------,0x14a81,14,DUMMY\\n------,0x14d6c,14,DUMMY\\n------,0x148b7,14,DUMMY\\n------
305,0x8c3737d8,0x1a72a,12,Drajik Fish,0x1ac42,11,Pez Drajik,0x1b090,15,Poisson Drajik,0x1a6fa,12,Drajik Fish,0x0,"","","",-1,None,0,None,100,100,76,9,0,3000,0,0,0,0,Green,0,Physical,0,Poison,0,0x148f5,93,"A fish, believed to be extinct since the Old\\nWorld, recently discovered near the Dark Rift.",0x14a8f,97,Pez que se creía extinguido desde el Mundo Antiguo\\ny se ha descubierto junto a la Gruta Oscura.,0x14d7a,102,"Un poisson soi-disant disparu depuis l'Ancien\\nMonde, découvert récemment près de la Grande crevasse.",0x148c5,93,"A fish, believed to be extinct since the Old\\nWorld, recently discovered near the Dark Rift."
306,0x8c3737e4,0x1a736,9,Kite Ray,0x1ac4d,10,Raya Kite,0x1b09f,17,Raie Cerf-volant,0x1a706,9,Kite Ray,0x4,X,"","",31,Recover HP,1,Single PC,100,100,62,29,0,5,0,0,10,-1,None,-1,None,0,Poison,0,0x14952,65,Found near Valua. An air fish that's known\\nfor its great taste.,0x14af0,81,Vive junto a la zona de Valua. Es un pez aéreo\\nconocido por su estupendo sabor.,0x14de0,76,"Trouvé près de Valua. Un poisson volant, réputé\\npour sa saveur délicieuse.",0x14922,65,Found near Valua. An air fish that's known\\nfor its great taste.
307,0x8c3737f0,0x1a73f,12,Stealth Ray,0x1ac57,14,Raya Sigilosa,0x1b0b0,13,Raie Furtive,0x1a70f,12,Stealth Ray,0x4,X,"","",31,Recover HP,1,Single PC,100,100,63,65,0,50,0,0,10,-1,None,-1,None,0,Poison,0,0x14993,76,"A larger ray, rarely caught. Valued for its\\nhide, rather than consumption.",0x14b41,85,"Raya grande y difícil de pescar. Valorada\\npor sus escamas, más que para el consumo.",0x14e2c,82,"Un raie plus grande, rarement attrapée. Prisée\\npour sa peau plutôt que son goût.",0x14963,76,"A larger ray, rarely caught. Valued for its\\nhide, rather than consumption."
308,0x8c3737fc,0x1a74b,12,Spear Squid,0x1ac65,14,Calamar Arpón,0x1b0bd,13,Calmar Lance,0x1a71b,12,Spear Squid,0x4,X,"","",31,Recover HP,1,Single PC,100,100,64,63,0,30,0,0,1,-1,None,-1,None,0,Poison,0,0x149df,83,"These small creatures are often found in windy\\nareas. They are small, but edible.",0x14b96,86,Estos diminutos seres suelen encontrarse en\\nzonas con bastante viento. No están mal.,0x14e7e,98,Ces petites créatures sont souvent trouvées dans\\ndes endroits venteux. Petites mais comestibles.,0x149af,83,"These small creatures are often found in windy\\nareas. They are small, but edible."
309,0x8c373808,0x1a757,12,Drill Squid,0x1ac73,12,Drill Squid,0x1b0ca,15,Calmar Perceur,0x1a727,12,Drill Squid,0x4,X,"","",31,Recover HP,1,Single PC,100,100,65,10,0,300,0,0,10,-1,None,-1,None,0,Poison,0,0x14a32,74,"Larger than a Spear Squid, and can make a\\ndecent meal. Can be eaten raw.",0x14bec,86,"Más grande que el calamar Arpón, constituye\\nuna buena comida. Pueden comerse crudos.",0x14ee0,80,"Plus grand qu'un Calmar Lance, peut faire\\nun bon repas et peut être mangé cru.",0x14a02,74,"Larger than a Spear Squid, and can make a\\ndecent meal. Can be eaten raw."
310,0x8c373814,0x1a763,6,Grule,0x1ac7f,6,Grule,0x1b0d9,6,Grule,0x1a733,6,Grule,0x4,X,"","",31,Recover HP,1,Single PC,100,100,66,23,0,40,0,0,10,-1,None,-1,None,0,Poison,0,0x14a7c,91,"A fish found near the Dark Rift. Despite its\\ngrotesque appearance, it tastes pretty good.",0x14c42,95,"Un pez descubierto junto a la Gruta Oscura. A\\npesar de su grotesco aspecto, tiene buen sabor.",0x14f30,90,Un poisson trouvé près de la Grande crevasse.\\nD'apparence grotesque mais très savoureux.,0x14a4c,91,"A fish found near the Dark Rift. Despite its\\ngrotesque appearance, it tastes pretty good."
311,0x8c37381c,0x1a769,14,Rainbow Grule,0x1ac85,15,Grule Arcoiris,0x1b0df,14,Grule colorée,0x1a739,14,Rainbow Grule,0x4,X,"","",31,Recover HP,1,Single PC,100,100,67,45,0,400,0,0,50,-1,None,-1,None,0,Poison,0,0x14ad7,96,A fish that uses a glowing tentacle as a lure\\nto catch smaller fish. These fish are delicious.,0x14ca1,90,Pez que usa un tentáculo luminoso como cebo\\npara atrapar peces pequenos. Son deliciosos.,0x14f8a,97,Poisson qui utilise une tentacule brillante pour\\nattirer les petits poissons. Il est délicieux.,0x14aa7,96,A fish that uses a glowing tentacle as a lure\\nto catch smaller fish. These fish are delicious.
312,0x8c37382c,0x1a777,9,Moonfish,0x1ac94,10,Pez Lunar,0x1b0ed,12,Poissonlune,0x1a747,9,Moonfish,0x4,X,"","",31,Recover HP,1,Single PC,100,100,68,36,0,150,0,0,10,-1,None,-1,None,0,Poison,0,0x14b37,87,"Its body is a translucent white. It's found at\\nhigh altitudes, and has a bland taste.",0x14cfb,74,Su cuerpo es traslúcido. Vive en latitudes altas\\ny tiene un sabor suave.,0x14feb,78,Son corps est translucide. On le trouve en\\nhaute altitude et a un goût fade.,0x14b07,87,"Its body is a translucent white. It's found at\\nhigh altitudes, and has a bland taste."
313,0x8c373838,0x1a780,11,Silverfish,0x1ac9e,13,Pez de Plata,0x1b0f9,17,Poisson d'argent,0x1a750,11,Silverfish,0x4,X,"","",31,Recover HP,1,Single PC,100,100,69,59,0,1500,0,0,500,-1,None,-1,None,0,Poison,0,0x14b8e,86,A rare fish found at high altitudes above Mid\\nOcean. Very high in nutritional value.,0x14d45,96,Pez muy raro que vive en latitudes altas sobre\\nel Océano Medio. Tiene un gran valor nutritivo.,0x15039,98,Poisson rare trouvé en haute altitude au-dessus\\nde l'Océan Central. Forte teneur nutritionnelle.,0x14b5e,86,A rare fish found at high altitudes above Mid\\nOcean. Very high in nutritional value.
314,0x8c373844,0x1a78b,13,Romuhai Fish,0x1acab,12,Pez Romuhai,0x1b10a,16,Poisson Romuhai,0x1a75b,13,Romuhai Fish,0x4,X,"","",31,Recover HP,1,Single PC,100,100,70,51,0,100,0,0,50,-1,None,-1,None,0,Poison,0,0x14be4,84,"Has fins that look like wings. Commonly eaten in\\nthe East raw, or cooked in broth.",0x14da5,96,Tiene aletas en forma de alas. En zonas del este\\nse suele comer crudo o cocinarse en un caldo.,0x1509b,94,"Ses nageoires ressemblent à des ailes. Souvent\\nmangé cru dans l'Est, ou cuisiné en bouillon.",0x14bb4,84,"Has fins that look like wings. Commonly eaten in\\nthe East raw, or cooked in broth."
315,0x8c373854,0x1a798,13,Hamahai Fish,0x1acb7,12,Pez Hamahai,0x1b11a,16,Poisson Hamahai,0x1a768,13,Hamahai Fish,0x4,X,"","",31,Recover HP,1,Single PC,100,100,71,24,0,1000,0,0,100,-1,None,-1,None,0,Poison,0,0x14c38,93,"Found at high altitudes above Yafutoma. Prized\\nas a delicacy, but not much of it is edible.",0x14e05,89,"Vive en latitudes altas, sobre Yafutoma. Se\\nconsidera un manjar, pero tiene poca carne.",0x150f9,95,Trouvé en haute altitude au-dessus de Yafutoma.\\nUne partie de ce mets délicat est comestible.,0x14c08,93,"Found at high altitudes above Yafutoma. Prized\\nas a delicacy, but not much of it is edible."
316,0x8c373864,0x1a7a5,11,Nerath Eel,0x1acc3,15,Anguila Nerath,0x1b12a,16,Anguille Nerath,0x1a775,11,Nerath Eel,0x4,X,"","",31,Recover HP,1,Single PC,100,100,72,37,0,80,0,0,10,-1,None,-1,None,0,Poison,0,0x14c95,72,"An eel found in dark areas, under clouds or\\ncontinents. Barely edible.",0x14e5e,90,"Esta anguila vive en zonas oscuras, debajo de\\nnubes y continentes. Apenas es comestible.",0x15158,96,"Une anguille trouvée dans des endroits sombres,\\nsous les nuages ou continents. Peu comestible.",0x14c65,72,"An eel found in dark areas, under clouds or\\ncontinents. Barely edible."
317,0x8c373870,0x1a7b0,17,Great Nerath Eel,0x1acd2,12,Gran Nerath,0x1b13a,16,Grande Anguille,0x1a780,17,Great Nerath Eel,0x4,X,"","",31,Recover HP,1,Single PC,100,100,73,22,0,800,0,0,1,-1,None,-1,None,0,Poison,0,0x14cdd,86,A Nerath Eel that has lived for years.\\nGood food for those who need an energy boost.,0x14eb8,97,Una anguila Nerath que ha vivido durante años.\\nBuena para quien necesite comer algo energético.,0x151b8,87,Anguille Nerath qui existe depuis toujours.\\nIdéal pour ceux qui ont besoin d'énergie.,0x14cad,86,A Nerath Eel that has lived for years.\\nGood food for those who need an energy boost.
318,0x8c373884,0x1a7c1,11,Red Dragon,0x1acde,12,Dragón Rojo,0x1b14a,13,Dragon Rouge,0x1a791,11,Red Dragon,0x4,X,"","",31,Recover HP,1,Single PC,100,100,74,46,0,200,0,0,50,-1,None,-1,None,0,Poison,0,0x14d33,72,Very little is known about this rare creature.\\nIts meat is a delicacy.,0x14f19,70,Se sabe muy poco sobre esta extraña criatura.\\nSu carne es un manjar.,0x1520f,73,Cette créature rare est très peu connue.\\nSa viande est un mets délicat.,0x14d03,72,Very little is known about this rare creature.\\nIts meat is a delicacy.
319,0x8c373890,0x1a7cc,12,Gold Dragon,0x1acea,14,Dragón de Oro,0x1b157,12,Dragon D'or,0x1a79c,12,Gold Dragon,0x4,X,"","",31,Recover HP,1,Single PC,100,100,75,19,0,2000,0,0,100,-1,None,-1,None,0,Poison,0,0x14d7b,85,An extremely rare creature. The wealthy would \\npay bags of gold just to look at it.,0x14f5f,75,Un espécimen muy difícil de encontrar.\\nLos ricos pagarían sólo por verlo.,0x15258,90,Une créature extrêmement rare. Les gens aisés\\npaieraient une fortune juste pour la voir.,0x14d4b,85,An extremely rare creature. The wealthy would \\npay bags of gold just to look at it.
