Entry ID,[Filter],JP entry name,[US enemy name],[EU enemy name],Width,Depth,Element ID,[Element name],Padding #0,Padding #1,Movement flags,Counter%,EXP,Gold,Padding #2,Padding #3,MAXHP,Unknown #0,Green,Red,Purple,Blue,Yellow,Silver,Poison,Unconscious,Stone,Sleep,Confusion,Silence,Fatigue,Revival,Weak,Unknown #1,Unknown #2,Unknown #3,Unknown #4,Unknown #5,Unknown #6,Unknown #7,Effect ID,[Effect name],State ID,[State name],State hit%,Padding #4,Level,Will,Vigor,Agile,Quick,Attack,Defense,MagDef,Hit%,Dodge%,Padding #5,Padding #6,Item #0 prob.,Item #0 amount,Item #0 ID,[Item #0 name],Item #1 prob.,Item #1 amount,Item #1 ID,[Item #1 name],Item #2 prob.,Item #2 amount,Item #2 ID,[Item #2 name],Item #3 prob.,Item #3 amount,Item #3 ID,[Item #3 name]
0,*,軍艦兵,Soldier,Ferratus,1,1,4,Yellow,-1,-1,4039,10,1,5,-1,-1,58,18.0,10,10,10,10,10,10,10,10,10,10,10,0,0,10,10,10,10,10,10,10,10,800,-1,None,0,Poison,0,-1,1,16,13,10,18,43,42,40,95,15,-1,-1,1,1,273,Electri Box,1,1,258,Moonberry,-1,-1,-1,None,-1,-1,-1,None
0,epevent.evp,軍艦兵,Soldier,Ferratus,1,1,4,Yellow,-1,-1,4039,10,3,5,-1,-1,58,18.0,10,10,10,10,10,10,10,10,10,10,10,0,0,10,10,10,10,10,10,10,10,800,-1,None,0,Poison,0,-1,1,16,13,10,18,43,42,40,95,15,-1,-1,1,1,273,Electri Box,1,1,258,Moonberry,-1,-1,-1,None,-1,-1,-1,None
1,*,航行士,Guard,Praeses,1,1,4,Yellow,-1,-1,4037,15,1,3,-1,-1,29,18.0,10,10,10,10,10,10,10,10,10,10,10,0,0,10,10,10,10,10,10,10,10,800,-1,None,0,Poison,0,-1,1,16,12,15,19,36,38,38,105,15,-1,-1,6,1,240,Sacri Crystal,1,1,258,Moonberry,-1,-1,-1,None,-1,-1,-1,None
1,ecinit001.dat,警備兵,Guard,Praeses,1,1,4,Yellow,-1,-1,4037,20,1,0,-1,-1,70,18.0,10,10,10,11,9,10,10,10,11,9,9,11,0,10,10,10,10,10,10,10,10,10,-1,None,0,Poison,0,-1,1,1,1,15,17,42,36,32,90,15,-1,-1,-1,-1,-1,None,-1,-1,-1,None,-1,-1,-1,None,-1,-1,-1,None
2,*,ミクラステル,Seeker,Latro,1,1,5,Silver,-1,-1,4047,15,28,123,-1,-1,138,18.0,10,10,10,10,11,9,0,9,10,10,10,0,0,10,11,10,10,10,10,10,10,500,-1,None,0,Poison,0,-1,5,30,25,5,30,96,91,60,90,10,-1,-1,3,1,265,Vidal Seed,1,1,258,Moonberry,-1,-1,-1,None,-1,-1,-1,None
2,ecinit002.dat,ミクラステル,Seeker,Latro,1,1,5,Silver,-1,-1,4045,20,7,50,-1,-1,135,18.0,11,10,10,10,10,5,0,0,0,0,0,0,0,10,0,10,10,10,10,10,10,10,-1,None,0,Poison,0,-1,5,5,5,10,28,72,86,72,90,10,-1,-1,-1,-1,-1,None,-1,-1,-1,None,-1,-1,-1,None,-1,-1,-1,None
3,*,マロッカ,Marocca,Marocca,1,1,3,Blue,-1,-1,4095,5,8,31,-1,-1,97,18.0,20,5,20,10,5,10,20,20,20,20,20,0,0,20,20,10,10,10,10,10,10,500,-1,None,0,Poison,0,-1,4,25,5,20,20,55,83,32,80,5,-1,-1,6,1,170,Marocca's Shell,1,1,258,Moonberry,-1,-1,-1,None,-1,-1,-1,None
3,ecinit003.dat,マロッカ,Marocca,Marocca,1,1,3,Blue,-1,-1,4095,5,2,20,-1,-1,18,18.0,10,10,10,9,11,10,9,9,10,11,11,10,0,10,10,10,10,10,10,10,10,10,-1,None,0,Poison,0,-1,3,3,3,5,17,45,67,67,90,5,-1,-1,-1,-1,-1,None,-1,-1,-1,None,-1,-1,-1,None,-1,-1,-1,None
4,*,アーアペプ,Grouder,Grouder,3,3,2,Purple,-1,-1,4047,25,19,48,-1,-1,286,18.0,11,14,7,9,10,10,11,10,10,9,9,10,0,10,10,10,10,10,10,10,10,1000,-1,None,0,Poison,0,-1,4,33,28,10,27,86,74,68,80,5,-1,-1,4,1,21,Throwing Blade,1,1,258,Moonberry,-1,-1,-1,None,-1,-1,-1,None
4,ecinit004.dat,アーアペプ,Grouder,Grouder,3,3,2,Purple,-1,-1,4045,5,3,40,-1,-1,156,18.0,10,11,9,10,10,10,9,9,10,11,11,10,0,10,10,10,10,10,10,10,10,10,-1,None,0,Poison,0,-1,4,32,4,15,23,77,64,70,80,5,-1,-1,-1,-1,-1,None,-1,-1,-1,None,-1,-1,-1,None,-1,-1,-1,None
7,*,Ж術処刑士,Spell Warden,Venificus,1,1,4,Yellow,-1,-1,4085,5,35,54,-1,-1,406,18.0,9,10,10,11,9,11,5,5,5,5,5,10,0,5,5,10,10,10,10,10,10,800,-1,None,0,Poison,0,-1,10,90,40,5,55,100,89,156,70,25,-1,-1,50,1,241,Sacres Crystal,-1,-1,-1,None,-1,-1,-1,None,-1,-1,-1,None
7,ecinit007.dat,煌術兵Ａ１,Spell Warden,Venificus,1,1,4,Yellow,-1,-1,4087,5,150,750,-1,-1,652,18.0,10,10,10,11,9,10,10,10,11,9,9,5,0,10,10,10,10,10,10,10,10,10,-1,None,0,Poison,0,-1,10,118,10,5,53,93,100,134,60,30,-1,-1,-1,-1,-1,None,-1,-1,-1,None,-1,-1,-1,None,-1,-1,-1,None
8,*,レトモニケ,Flestik,Flestik,1,1,3,Blue,-1,-1,4039,15,9,18,-1,-1,42,18.0,11,9,11,10,9,10,22,20,20,0,22,0,0,10,18,10,10,10,10,10,10,500,69,Add Sleep + Damage,3,Sleep,40,-1,5,28,19,10,32,68,64,50,85,5,-1,-1,3,1,249,Curia Crystal,1,1,258,Moonberry,-1,-1,-1,None,-1,-1,-1,None
8,ecinit008.dat,レトモニケ,Flestik,Flestik,1,1,3,Blue,-1,-1,4037,15,2,20,-1,-1,50,18.0,10,10,10,9,11,10,9,9,10,0,11,10,0,10,10,10,10,10,10,10,10,10,69,Add Sleep + Damage,3,Sleep,90,-1,5,5,5,10,28,76,64,64,80,5,-1,-1,-1,-1,-1,None,-1,-1,-1,None,-1,-1,-1,None,-1,-1,-1,None
9,*,レイチア,Basallish,Basallish,1,1,1,Red,-1,-1,4039,20,23,24,-1,-1,71,18.0,9,7,14,11,10,10,9,10,10,11,11,0,0,10,10,10,10,10,10,10,10,500,-1,None,0,Poison,0,-1,8,38,28,15,56,84,86,86,100,20,-1,-1,1,1,267,Pyri Box,1,1,258,Moonberry,-1,-1,-1,None,-1,-1,-1,None
10,*,カイライ,Mind Stealer,Dementis,1,1,0,Green,-1,-1,4037,15,52,41,-1,-1,287,18.0,10,11,9,9,11,10,0,20,20,18,18,0,0,10,22,10,10,10,10,10,10,800,4,Add Poison + Damage,0,Poison,60,-1,8,40,27,15,36,116,105,60,75,5,-1,-1,1,1,50,Mace Hand,1,1,258,Moonberry,-1,-1,-1,None,-1,-1,-1,None
11,*,フォカラルガ,Walrenk,Walrenk,3,3,2,Purple,-1,-1,4039,15,285,193,-1,-1,417,18.0,11,14,7,9,10,10,11,10,10,9,9,10,0,10,10,10,10,10,10,10,10,500,-1,None,0,Poison,0,-1,23,122,64,15,68,221,194,194,80,5,-1,-1,2,1,279,Panika Box,1,1,258,Moonberry,-1,-1,-1,None,-1,-1,-1,None
12,*,ギジェリガー,Varkris,Varkris,1,1,0,Green,-1,-1,4047,10,142,62,-1,-1,231,18.0,10,11,9,9,11,10,14,15,15,14,14,15,0,10,16,10,10,10,10,10,10,500,-1,None,0,Poison,0,-1,16,80,45,5,93,146,136,136,100,25,-1,-1,3,1,173,Hunter's Hand,1,1,258,Moonberry,-1,-1,-1,None,-1,-1,-1,None
13,*,アスフール,Azbeth,Azbeth,1,1,3,Blue,-1,-1,4095,10,65,35,-1,-1,149,18.0,11,9,11,10,9,10,16,15,15,15,16,14,0,10,14,10,10,10,10,10,10,500,-1,None,0,Poison,0,-1,12,64,36,15,69,135,108,108,100,20,-1,-1,2,1,183,Silvite Ring,1,1,258,Moonberry,-1,-1,-1,None,-1,-1,-1,None
14,*,盗掘者シモン,Zivilyn Bane,Zivilyn Bane,1,1,1,Red,-1,-1,4039,20,596,1898,-1,-1,1362,18.0,9,9,11,11,10,10,4,4,4,4,4,0,0,5,4,10,10,10,10,10,10,800,-1,None,0,Poison,0,-1,14,57,51,20,71,162,144,115,115,20,-1,-1,10,1,263,Dexus Seed,33,1,260,Paranta Seed,50,1,261,Icyl Seed,100,1,262,Zaal Seed
14,ecinit014.dat,盗掘者,Zivilyn Bane,Zivilyn Bane,1,1,1,Red,-1,-1,4037,25,210,4200,-1,-1,1206,18.0,10,9,11,10,10,10,10,5,10,5,5,10,0,10,5,10,10,10,10,10,10,10,-1,None,0,Poison,0,-1,14,14,14,25,86,152,129,129,120,30,-1,-1,-1,-1,-1,None,-1,-1,-1,None,-1,-1,-1,None,-1,-1,-1,None
15,*,ヌール,Ghastling,Ghastling,1,1,0,Green,-1,-1,4095,5,4,15,-1,-1,22,18.0,10,11,9,9,11,10,9,10,10,9,9,0,0,10,11,10,10,10,10,10,10,500,-1,None,0,Poison,0,-1,4,25,64,5,28,57,64,64,90,15,-1,-1,3,1,240,Sacri Crystal,1,1,258,Moonberry,-1,-1,-1,None,-1,-1,-1,None
15,ecinit015.dat,ヌルコンドウ,Ghastling,Ghastling,1,1,0,Green,-1,-1,4095,10,1,10,-1,-1,31,18.0,9,10,10,10,10,11,9,9,10,11,11,10,0,10,10,10,10,10,10,10,10,10,-1,None,0,Poison,0,-1,3,3,3,10,26,48,56,56,90,30,-1,-1,-1,-1,-1,None,-1,-1,-1,None,-1,-1,-1,None,-1,-1,-1,None
16,*,モクズ,Florast,Florast,1,1,2,Purple,-1,-1,4095,10,301,72,-1,-1,99,18.0,11,14,7,9,10,10,11,10,10,9,5,10,0,10,10,10,10,10,10,10,10,400,70,Add Confusion + Damage,4,Confusion,70,-1,28,132,76,10,115,256,204,256,75,10,-1,-1,1,1,190,Constitution Gem,1,1,258,Moonberry,-1,-1,-1,None,-1,-1,-1,None
17,*,ツィツィ,Tsirat,Tsirat,1,1,2,Purple,-1,-1,4047,15,21,21,-1,-1,53,18.0,11,14,7,9,10,10,16,15,15,14,14,15,0,10,15,10,10,10,10,10,10,500,-1,None,0,Poison,0,-1,8,40,126,15,60,88,76,76,90,20,-1,-1,1,1,269,Crystales Box,1,1,258,Moonberry,-1,-1,-1,None,-1,-1,-1,None
18,*,セベスク,Thorkyn,Thorkyn,1,1,3,Blue,-1,-1,4095,10,26,30,-1,-1,133,18.0,11,9,11,10,9,10,11,10,10,10,11,0,0,10,9,10,10,10,10,10,10,800,-1,None,0,Poison,0,-1,7,35,29,10,39,99,88,88,85,25,-1,-1,3,1,168,Throkryn's Scale,1,1,258,Moonberry,-1,-1,-1,None,-1,-1,-1,None
18,ecinit018.dat,セベスク,Thorkyn,Thorkyn,1,1,3,Blue,-1,-1,4045,15,4,40,-1,-1,71,18.0,10,10,10,9,11,10,9,9,10,11,11,10,0,10,10,10,10,10,10,10,10,10,-1,None,0,Poison,0,-1,7,7,7,10,35,88,79,79,90,10,-1,-1,-1,-1,-1,None,-1,-1,-1,None,-1,-1,-1,None,-1,-1,-1,None
19,*,ユールマラー,Scorfly,Scorfly,1,1,2,Purple,-1,-1,4037,25,49,44,-1,-1,182,18.0,14,14,7,7,10,10,22,20,20,18,18,0,0,10,22,10,10,10,10,10,10,500,71,Add Silence + Damage,5,Silence,40,-1,7,36,30,25,45,97,115,69,95,15,-1,-1,5,1,187,Revered Voice,1,1,258,Moonberry,-1,-1,-1,None,-1,-1,-1,None
19,ecinit019.dat,ユールマラー,Scorfly,Scorfly,1,1,2,Purple,-1,-1,4037,10,8,80,-1,-1,109,18.0,10,11,9,10,10,10,9,9,10,11,11,0,0,10,10,10,10,10,10,10,10,10,71,Add Silence + Damage,5,Silence,90,-1,13,13,13,15,54,143,176,176,90,10,-1,-1,-1,-1,-1,None,-1,-1,-1,None,-1,-1,-1,None,-1,-1,-1,None
20,*,イルドゥス,Centralk,Centralk,1,1,3,Blue,-1,-1,4039,15,259,645,-1,-1,187,18.0,11,9,11,10,9,10,22,20,20,0,22,0,0,10,18,10,10,10,10,10,10,500,69,Add Sleep + Damage,3,Sleep,40,-1,23,86,57,10,97,206,194,151,85,160,-1,-1,5,1,8,Sword of Daccat,5,1,69,Daccat Custom,1,1,258,Moonberry,-1,-1,-1,None
21,*,ベルクロード,Feralisk,Feralisk,1,1,0,Green,-1,-1,4039,20,228,155,-1,-1,217,18.0,10,20,5,5,20,10,9,10,10,9,9,10,0,10,11,10,10,10,10,10,10,500,-1,None,0,Poison,0,-1,23,115,72,10,116,221,216,216,105,20,-1,-1,4,1,136,Light Coat,1,1,258,Moonberry,-1,-1,-1,None,-1,-1,-1,None
22,*,ベルハウンド,Ferlith,Ferlith,1,1,0,Green,-1,-1,4039,20,291,109,-1,-1,321,18.0,10,20,5,5,20,10,9,10,10,9,9,10,0,10,11,10,10,10,10,10,10,500,-1,None,0,Poison,0,-1,20,97,64,10,103,197,192,192,105,20,-1,-1,3,1,134,Female Armor,1,1,258,Moonberry,-1,-1,-1,None,-1,-1,-1,None
23,*,ガトー,Crylhound,Crylhound,1,1,0,Green,-1,-1,4039,15,34,33,-1,-1,112,18.0,10,11,9,9,11,10,9,10,10,9,9,10,0,10,11,10,10,10,10,10,10,500,-1,None,0,Poison,0,-1,8,50,23,15,63,95,70,70,110,30,-1,-1,3,1,172,Crylhound's Claw,1,1,258,Moonberry,-1,-1,-1,None,-1,-1,-1,None
24,*,デシェレト,Magma Tiki,Magma Tiki,1,1,1,Red,-1,-1,1984,5,120,118,-1,-1,291,18.0,9,7,14,11,10,10,0,10,10,11,11,0,0,5,10,10,10,10,10,10,10,500,-1,None,0,Poison,0,-1,14,57,57,5,38,168,172,172,85,0,-1,-1,8,1,267,Pyri Box,-1,-1,-1,None,-1,-1,-1,None,-1,-1,-1,None
25,*,イアールト,Salamander,Salamander,1,1,1,Red,-1,-1,4039,10,90,47,-1,-1,136,18.0,9,7,14,11,10,10,9,10,10,11,11,11,0,10,10,10,10,10,10,10,10,500,-1,None,0,Poison,0,-1,14,74,48,5,45,152,144,144,90,5,-1,-1,2,1,133,Flame Mantle,1,1,258,Moonberry,-1,-1,-1,None,-1,-1,-1,None
26,*,パラミス,Baroo,Baroo,1,1,1,Red,-1,-1,4039,20,143,96,-1,-1,120,18.0,9,7,14,11,10,10,9,10,10,11,11,0,0,10,10,10,10,10,10,10,10,500,-1,None,0,Poison,0,-1,23,86,64,15,126,191,194,194,100,20,-1,-1,1,1,268,Pyrum Box,1,1,258,Moonberry,-1,-1,-1,None,-1,-1,-1,None
27,*,コロガス,Dung Fly,Oestrus,1,1,3,Blue,-1,-1,4085,10,102,68,-1,-1,111,18.0,11,9,11,10,9,10,22,20,20,20,22,0,0,10,18,10,10,10,10,10,10,500,-1,None,0,Poison,0,-1,13,70,44,10,63,130,133,133,90,15,-1,-1,3,1,189,Behemoth's Ring,1,1,258,Moonberry,-1,-1,-1,None,-1,-1,-1,None
28,*,マータ,Death's Head,Deatth,1,1,0,Green,-1,-1,4037,15,167,90,-1,-1,503,18.0,10,11,9,9,11,10,18,20,0,18,18,0,0,10,22,10,10,10,10,10,10,800,-1,None,0,Poison,0,-1,13,56,38,15,50,163,147,84,75,5,-1,-1,5,1,27,Storm Wing,1,1,258,Moonberry,-1,-1,-1,None,-1,-1,-1,None
29,*,エルモ,Looper,Looper,1,1,5,Silver,-1,-1,4095,15,11,105,-1,-1,15,18.0,10,10,10,10,11,9,10,9,10,10,10,10,0,10,11,10,10,10,10,10,10,500,-1,None,0,Poison,0,-1,4,32,44,10,40,62,64,204,110,150,-1,-1,2,1,174,Thief's Aura,1,1,263,Dexus Seed,1,1,258,Moonberry,-1,-1,-1,None
30,*,エルモック,Loopalon,Loopalon,1,1,1,Red,-1,-1,4095,5,343,434,-1,-1,62,18.0,9,7,14,11,10,10,9,10,10,11,11,11,0,10,10,10,10,10,10,10,10,500,-1,None,0,Poison,0,-1,13,68,95,10,85,132,136,435,110,150,-1,-1,4,1,210,Black Map,1,1,263,Dexus Seed,1,1,258,Moonberry,-1,-1,-1,None
31,*,ヘムヘム,Tsurak,Tsurak,1,1,3,Blue,-1,-1,4093,10,291,71,-1,-1,177,18.0,11,9,11,10,9,10,20,20,20,0,20,0,0,10,20,10,10,10,10,10,10,500,69,Add Sleep + Damage,3,Sleep,50,-1,27,100,50,5,113,216,151,151,80,20,-1,-1,2,1,185,Wind Gem Ring,1,1,258,Moonberry,-1,-1,-1,None,-1,-1,-1,None
32,*,調査兵,Enforcer,Enforca,1,1,4,Yellow,-1,-1,4039,10,368,192,-1,-1,688,18.0,9,10,10,11,9,11,9,11,10,11,10,0,0,10,9,10,10,10,10,10,10,800,-1,None,0,Poison,0,-1,22,83,71,10,93,226,218,208,95,15,-1,-1,-1,-1,-1,None,-1,-1,-1,None,-1,-1,-1,None,-1,-1,-1,None
33,*,ガランガラン,Serpentis,Serpantis,3,3,0,Green,-1,-1,4039,20,357,144,-1,-1,1117,18.0,10,11,9,9,11,10,9,10,10,9,9,10,0,10,11,10,10,10,10,10,10,1000,72,Add Fatigue + Damage,6,Fatigue,40,-1,18,84,59,15,71,205,149,149,85,10,-1,-1,4,1,244,Magic Droplet,1,1,258,Moonberry,-1,-1,-1,None,-1,-1,-1,None
34,*,マブルール,Dralnog,Dralnog,1,1,0,Green,-1,-1,4047,10,29,24,-1,-1,73,18.0,10,11,9,9,11,10,0,10,10,9,9,10,0,10,11,10,10,10,10,10,10,500,4,Add Poison + Damage,0,Poison,80,-1,8,48,32,15,34,96,96,96,75,30,-1,-1,2,1,182,Ivy Band,1,1,258,Moonberry,-1,-1,-1,None,-1,-1,-1,None
35,*,クチュ,Que'lak,Que'lak,1,1,1,Red,-1,-1,4087,5,219,81,-1,-1,337,18.0,9,7,14,11,10,10,9,10,10,11,11,11,0,10,10,10,10,10,10,10,10,550,-1,None,0,Poison,0,-1,20,77,64,5,86,179,192,192,85,10,-1,-1,1,1,275,Sacri Box,1,1,258,Moonberry,-1,-1,-1,None,-1,-1,-1,None
36,*,ソピローテ,Pinalisk,Pinalisk,1,1,0,Green,-1,-1,4047,15,201,86,-1,-1,297,18.0,10,11,9,9,11,10,14,15,15,14,14,0,0,10,16,10,10,10,10,10,10,500,-1,None,0,Poison,0,-1,16,65,60,20,81,164,180,180,95,15,-1,-1,2,1,132,Victory Mail,1,1,258,Moonberry,-1,-1,-1,None,-1,-1,-1,None
37,*,シーサー,Crylbeast,Crylbeast,1,1,0,Green,-1,-1,4039,15,470,133,-1,-1,355,18.0,10,11,9,9,11,10,9,10,10,9,9,10,0,10,11,10,10,10,10,10,10,500,-1,None,0,Poison,0,-1,30,136,63,15,171,259,190,190,110,30,-1,-1,1,1,264,Sylph Seed,1,1,258,Moonberry,-1,-1,-1,None,-1,-1,-1,None
38,*,レジボン,Slothstra,Slothstra,3,3,2,Purple,-1,-1,4087,25,953,291,-1,-1,2433,18.0,11,14,7,9,10,10,0,5,5,20,3,0,0,10,5,10,10,10,10,10,10,2500,70,Add Confusion + Damage,4,Confusion,40,-1,20,76,96,15,60,243,192,192,85,5,-1,-1,10,1,186,Eye of Truth,1,1,258,Moonberry,-1,-1,-1,None,-1,-1,-1,None
39,*,ミラドール,Polraxis,Polraxis,1,1,0,Green,-1,-1,4047,30,191,109,-1,-1,185,18.0,10,11,9,9,11,10,0,10,0,9,9,0,0,10,11,10,10,10,10,10,10,500,8,Add Stone + Damage,2,Stone,80,-1,20,76,76,30,95,216,230,230,120,10,-1,-1,2,1,184,Gem of Fluidity,1,1,258,Moonberry,-1,-1,-1,None,-1,-1,-1,None
40,*,ラフレシア,Roseln,Roseln,3,3,3,Blue,-1,-1,4047,10,594,231,-1,-1,1117,18.0,11,9,11,10,9,10,11,10,10,0,11,0,0,10,9,10,10,10,10,10,10,1000,-1,None,0,Poison,0,-1,19,73,55,10,74,223,165,165,80,5,-1,-1,2,1,262,Zaal Seed,1,1,258,Moonberry,-1,-1,-1,None,-1,-1,-1,None
41,*,エルモンテ,Elooper,Elooper,1,1,0,Green,-1,-1,4095,5,581,599,-1,-1,76,18.0,10,11,9,9,11,10,9,10,10,9,9,10,0,10,11,10,10,10,10,10,10,500,-1,None,0,Poison,0,-1,17,84,117,10,105,164,168,537,110,150,-1,-1,4,1,210,Black Map,1,1,263,Dexus Seed,1,1,258,Moonberry,-1,-1,-1,None
42,*,フードン,Grapor,Grapor,1,1,0,Green,-1,-1,4095,5,9,129,-1,-1,40,18.0,10,20,5,5,20,10,100,100,100,100,100,0,0,10,100,10,10,10,10,10,10,520,-1,None,0,Poison,0,-1,23,86,64,10,106,180,194,194,85,20,-1,-1,100,1,358,Grapor Meat,-1,-1,-1,None,-1,-1,-1,None,-1,-1,-1,None
43,*,フィモソマ,Sphyrus,Sphyrus,1,1,3,Blue,-1,-1,1984,5,627,177,-1,-1,501,18.0,11,9,11,10,9,10,11,10,10,10,11,0,0,10,9,10,10,10,10,10,10,500,-1,None,0,Poison,0,-1,30,108,81,5,146,244,244,244,80,0,-1,-1,1,1,272,Wevlen Box,1,1,258,Moonberry,-1,-1,-1,None,-1,-1,-1,None
44,*,プジョット,Iridzu,Iridzu,1,1,0,Green,-1,-1,4047,10,386,117,-1,-1,358,18.0,10,11,9,9,11,10,14,15,15,14,14,15,0,10,16,10,10,10,10,10,10,500,-1,None,0,Poison,0,-1,27,124,70,5,145,227,210,210,100,25,-1,-1,1,1,281,Slipara Box,1,1,258,Moonberry,-1,-1,-1,None,-1,-1,-1,None
45,*,モペール,Flyst,Flyst,1,1,2,Purple,-1,-1,4095,10,301,72,-1,-1,345,18.0,11,14,7,9,10,10,11,10,10,9,5,10,0,10,10,10,10,10,10,10,10,400,70,Add Confusion + Damage,4,Confusion,70,-1,28,132,76,10,115,288,204,256,75,10,-1,-1,1,1,222,Chance Ring,1,1,258,Moonberry,-1,-1,-1,None,-1,-1,-1,None
46,*,メスカリナ,Medulizk,Medullizk,1,1,3,Blue,-1,-1,4095,15,613,132,-1,-1,519,18.0,11,9,11,10,9,10,0,10,10,10,11,10,0,10,9,10,10,10,10,10,10,500,4,Add Poison + Damage,0,Poison,80,-1,33,159,59,10,146,282,177,177,80,25,-1,-1,2,1,182,Ivy Band,1,1,258,Moonberry,-1,-1,-1,None,-1,-1,-1,None
47,*,プラニナ,Lucich,Lucich,1,1,0,Green,-1,-1,4039,10,130,42,-1,-1,118,18.0,10,11,9,9,11,10,9,10,10,9,9,10,0,10,11,10,10,10,10,10,10,500,-1,None,0,Poison,0,-1,18,88,58,15,63,176,176,176,75,30,-1,-1,2,1,250,Risan Crystal,1,1,258,Moonberry,-1,-1,-1,None,-1,-1,-1,None
48,*,デ式ディガー,Digger,Digger,1,1,4,Yellow,-1,-1,4037,15,149,110,-1,-1,353,18.0,9,10,10,11,9,11,0,11,10,11,10,0,0,10,9,10,10,10,10,10,10,800,-1,None,0,Poison,0,-1,18,70,61,10,71,164,211,158,95,15,-1,-1,1,1,50,Mace Hand,1,1,258,Moonberry,-1,-1,-1,None,-1,-1,-1,None
49,*,レナウト,Flat Fiend,Fiendo,1,1,2,Purple,-1,-1,4093,5,331,98,-1,-1,247,18.0,11,14,7,9,10,10,11,10,10,9,9,10,0,10,10,10,10,10,10,10,10,500,72,Add Fatigue + Damage,6,Fatigue,70,-1,28,128,68,15,149,234,204,204,85,40,-1,-1,2,1,135,Ghost Mail,1,1,258,Moonberry,-1,-1,-1,None,-1,-1,-1,None
50,*,ブブロッカ,Burocca,Burocca,1,1,3,Blue,-1,-1,4095,5,285,193,-1,-1,244,18.0,20,5,20,10,5,10,20,20,20,20,20,0,0,20,20,10,10,10,10,10,10,500,-1,None,0,Poison,0,-1,23,86,19,20,68,188,280,108,80,5,-1,-1,5,1,171,Burocca's Shell,1,1,258,Moonberry,-1,-1,-1,None,-1,-1,-1,None
51,*,アイガムハ,Drogerp,Drogerp,3,3,2,Purple,-1,-1,4047,25,1122,278,-1,-1,1381,18.0,11,14,7,9,10,10,11,10,10,9,9,10,0,10,10,10,10,10,10,10,10,1000,-1,None,0,Poison,0,-1,27,155,104,10,100,314,272,248,80,5,-1,-1,2,1,266,Magus Seed,1,1,258,Moonberry,-1,-1,-1,None,-1,-1,-1,None
52,*,ニウニウ,Nadnarb,Nadnarb,1,1,3,Blue,-1,-1,4093,5,471,100,-1,-1,217,18.0,11,9,11,10,9,10,11,10,0,10,11,9,0,10,9,10,10,10,10,10,10,500,-1,None,0,Poison,0,-1,34,152,70,10,136,296,212,212,80,5,-1,-1,1,1,261,Icyl Seed,1,1,258,Moonberry,-1,-1,-1,None,-1,-1,-1,None
53,*,ニャカラガ,Nairad,Nairad,1,1,3,Blue,-1,-1,4093,5,471,100,-1,-1,433,18.0,11,9,11,10,9,10,11,10,0,10,11,9,0,10,9,10,10,10,10,10,10,500,-1,None,0,Poison,0,-1,34,152,70,10,136,312,212,212,80,5,-1,-1,1,1,263,Dexus Seed,1,1,258,Moonberry,-1,-1,-1,None,-1,-1,-1,None
54,*,カネヅル,Kanezl,Kanezl,1,1,0,Green,-1,-1,4095,5,173,1000,-1,-1,325,18.0,10,11,9,9,11,10,9,10,10,9,9,10,0,10,11,10,10,10,10,10,10,500,-1,None,0,Poison,0,-1,23,108,51,5,136,216,259,518,120,120,-1,-1,2,1,291,Gold Pollen,1,1,258,Moonberry,-1,-1,-1,None,-1,-1,-1,None
55,*,メメゾーレ,Mantoid,Mantoid,3,3,0,Green,-1,-1,4039,20,940,266,-1,-1,1722,18.0,10,11,9,9,11,10,9,10,10,9,9,10,0,10,11,10,10,10,10,10,10,1000,72,Add Fatigue + Damage,6,Fatigue,40,-1,30,137,92,15,110,317,231,231,85,10,-1,-1,2,1,262,Zaal Seed,1,1,258,Moonberry,-1,-1,-1,None,-1,-1,-1,None
56,*,ヒュドラ煌兵,Sorcerer,Sorcerer,1,1,4,Yellow,-1,-1,4085,5,682,247,-1,-1,809,18.0,9,10,10,11,9,11,9,11,10,11,10,11,0,10,9,10,10,10,10,10,10,800,-1,None,0,Poison,0,-1,38,352,123,5,166,302,268,470,70,25,-1,-1,1,1,280,Driln Box,1,1,258,Moonberry,-1,-1,-1,None,-1,-1,-1,None
57,*,イラブ,Slithar,Slithar,1,1,1,Red,-1,-1,4039,10,342,78,-1,-1,227,18.0,9,7,14,11,10,10,9,10,10,11,11,11,0,10,10,10,10,10,10,10,10,500,-1,None,0,Poison,0,-1,30,137,90,5,85,287,272,272,90,5,-1,-1,2,1,138,Moon Robe,1,1,258,Moonberry,-1,-1,-1,None,-1,-1,-1,None
58,*,ゴーヤエルモ,Golooper,Golooper,1,1,3,Blue,-1,-1,4095,5,1139,789,-1,-1,82,18.0,11,9,11,10,9,10,11,10,10,10,11,0,0,10,9,10,10,10,10,10,10,500,-1,None,0,Poison,0,-1,30,136,190,10,171,265,272,870,110,150,-1,-1,4,1,210,Black Map,1,1,263,Dexus Seed,1,1,258,Moonberry,-1,-1,-1,None
59,*,ナマトヌカ,Alusphere,Alusphere,3,3,3,Blue,-1,-1,1984,25,1025,444,-1,-1,1162,18.0,11,9,11,10,9,10,0,10,0,10,11,0,0,10,0,10,10,10,10,10,10,1500,8,Add Stone + Damage,2,Stone,20,-1,30,108,104,20,73,296,353,272,120,0,-1,-1,5,1,184,Gem of Fluidity,1,1,258,Moonberry,-1,-1,-1,None,-1,-1,-1,None
60,*,モノノフ,Soldier,Mereo,1,1,3,Blue,-1,-1,4037,20,545,225,-1,-1,883,18.0,11,9,11,10,9,10,11,10,10,10,11,0,0,10,9,10,10,10,10,10,10,800,-1,None,0,Poison,0,-1,31,112,84,25,138,295,280,224,110,10,-1,-1,1,1,246,Aura of Valor,1,1,258,Moonberry,-1,-1,-1,None,-1,-1,-1,None
61,*,ヴィヒム,Delzool,Delzool,1,1,0,Green,-1,-1,4039,10,451,109,-1,-1,257,18.0,10,11,9,9,11,10,9,10,10,9,9,10,0,10,11,10,10,10,10,10,10,500,-1,None,0,Poison,0,-1,28,128,85,15,92,256,256,256,75,30,-1,-1,1,1,282,Eternum Box,1,1,258,Moonberry,-1,-1,-1,None,-1,-1,-1,None
62,*,ヒュドラ将兵,Defender,Defensor,1,1,4,Yellow,-1,-1,4087,25,955,346,-1,-1,1037,18.0,9,10,10,11,9,11,6,0,6,6,6,18,0,0,6,10,10,10,10,10,10,800,-1,None,0,Poison,0,-1,38,166,114,5,151,344,352,336,110,10,-1,-1,1,1,246,Aura of Valor,1,1,258,Moonberry,-1,-1,-1,None,-1,-1,-1,None
63,*,シュリヌール,Ghrost,Ghrost,1,1,0,Green,-1,-1,4095,5,353,102,-1,-1,106,18.0,10,11,9,9,11,10,9,10,10,9,9,10,0,10,11,10,10,10,10,10,10,500,-1,None,0,Poison,0,-1,29,139,176,5,118,237,264,264,90,15,-1,-1,1,1,261,Icyl Seed,1,1,258,Moonberry,-1,-1,-1,None,-1,-1,-1,None
64,*,デモンヌール,Graver,Graver,1,1,0,Green,-1,-1,4095,25,137,116,-1,-1,162,18.0,10,11,9,9,11,10,18,0,20,18,18,20,0,10,22,10,10,10,10,10,10,500,-1,None,0,Poison,0,-1,15,76,212,10,82,136,212,212,120,30,-1,-1,1,1,180,Counter Bracer,1,1,258,Moonberry,-1,-1,-1,None,-1,-1,-1,None
65,*,マウルティア,Shrilp,Shrilp,3,3,1,Red,-1,-1,4045,5,2588,550,-1,-1,1827,18.0,9,7,14,11,10,10,3,5,5,7,7,7,0,10,5,10,10,10,10,10,10,1000,73,Add Weak + Damage,8,Weak,70,-1,34,152,444,5,123,354,334,334,85,5,-1,-1,4,1,179,Ancient Bracer,1,1,258,Moonberry,-1,-1,-1,None,-1,-1,-1,None
66,*,ギャルブ,Cerosik,Cerosik,3,3,2,Purple,-1,-1,4039,15,749,199,-1,-1,761,18.0,11,14,7,9,10,10,11,10,10,9,9,10,0,10,10,10,10,10,10,10,10,500,-1,None,0,Poison,0,-1,33,158,88,15,93,303,266,266,80,5,-1,-1,2,1,242,Sacrum Crystal,1,1,258,Moonberry,-1,-1,-1,None,-1,-1,-1,None
67,*,ガジュマ,Carnilak,Carnilak,3,3,3,Blue,-1,-1,4047,10,2373,619,-1,-1,2457,18.0,11,9,11,10,9,10,11,10,10,0,11,0,0,10,9,10,10,10,10,10,10,1000,-1,None,0,Poison,0,-1,34,121,91,10,123,369,273,273,80,5,-1,-1,2,1,277,Riselem Box,1,1,258,Moonberry,-1,-1,-1,None,-1,-1,-1,None
68,*,ヴァルガンド,Valgand,Valgand,1,1,2,Purple,-1,-1,4039,10,273,132,-1,-1,188,18.0,11,14,7,9,10,10,0,10,10,9,9,0,0,10,10,10,10,10,10,10,10,500,-1,None,0,Poison,0,-1,33,118,98,25,199,282,325,266,95,25,-1,-1,2,1,290,Chom,1,1,258,Moonberry,-1,-1,-1,None,-1,-1,-1,None
69,*,デ式特機兵,Berserker,Berserker,1,1,4,Yellow,-1,-1,4039,30,729,342,-1,-1,1015,18.0,9,10,10,11,9,11,0,11,10,11,10,0,0,10,9,10,10,10,10,10,10,1000,-1,None,0,Poison,0,-1,35,124,117,30,112,351,390,312,85,10,-1,-1,4,1,252,Glyph of Might,1,1,258,Moonberry,-1,-1,-1,None,-1,-1,-1,None
70,*,ガンドロフス,Lurgel Tank,Lurgel Tank,3,3,1,Red,-1,-1,1989,15,2732,1282,-1,-1,3550,18.0,9,9,11,11,10,10,0,0,0,20,20,0,0,10,4,10,10,10,10,10,10,3000,-1,None,0,Poison,0,-1,35,124,117,20,112,416,390,312,105,0,-1,-1,5,1,274,Electrum Box,1,1,258,Moonberry,-1,-1,-1,None,-1,-1,-1,None
71,*,テンコウ,Tenkou,Tenkou,1,1,3,Blue,-1,-1,4039,10,409,169,-1,-1,589,18.0,11,9,11,10,9,10,11,10,10,10,11,0,0,10,9,10,10,10,10,10,10,800,-1,None,0,Poison,0,-1,31,112,84,20,163,287,280,224,100,20,-1,-1,25,1,241,Sacres Crystal,-1,-1,-1,None,-1,-1,-1,None,-1,-1,-1,None
72,*,警備士,Patrol Guard,Custos,1,1,4,Yellow,-1,-1,4037,15,50,92,-1,-1,214,18.0,9,10,10,11,9,11,9,11,10,11,10,0,0,10,9,10,10,10,10,10,10,800,-1,None,0,Poison,0,-1,10,59,36,15,57,116,110,110,105,15,-1,-1,10,1,241,Sacres Crystal,1,1,258,Moonberry,-1,-1,-1,None,-1,-1,-1,None
73,*,採掘士,Mine Patrol,Fossor,1,1,4,Yellow,-1,-1,4037,15,167,100,-1,-1,265,18.0,9,10,10,11,9,11,9,11,10,11,10,11,0,10,9,10,10,10,10,10,10,800,-1,None,0,Poison,0,-1,18,78,55,15,87,176,167,167,105,15,-1,-1,3,1,252,Glyph of Might,1,1,258,Moonberry,-1,-1,-1,None,-1,-1,-1,None
74,*,アスヒモス,Forst Worm,Gelu Vermis,3,3,2,Purple,-1,-1,4037,10,2449,531,-1,-1,2845,18.0,10,20,0,10,10,10,7,5,5,3,3,10,0,10,5,10,10,10,10,10,10,1500,-1,None,0,Poison,0,-1,33,454,118,5,93,375,355,355,85,5,-1,-1,3,1,270,Crystalen Box,1,1,258,Moonberry,-1,-1,-1,None,-1,-1,-1,None
75,*,デ式レーダー,Destroyer,Eversor,1,1,4,Yellow,-1,-1,3127,0,234,139,-1,-1,267,18.0,9,10,10,11,9,11,0,11,10,11,0,11,0,10,9,10,10,10,10,10,10,800,-1,None,0,Poison,0,-1,24,91,79,0,123,152,273,205,0,25,-1,-1,1,1,258,Moonberry,-1,-1,-1,None,-1,-1,-1,None,-1,-1,-1,None
76,*,ヒュドラ機兵,Marauder,Marauder,1,1,4,Yellow,-1,-1,4039,30,849,377,-1,-1,1093,18.0,9,10,10,11,9,11,0,11,10,11,10,0,0,10,9,10,10,10,10,10,10,1000,-1,None,0,Poison,0,-1,38,134,126,30,120,378,420,336,85,10,-1,-1,4,1,29,Hydra Wing,1,1,258,Moonberry,-1,-1,-1,None,-1,-1,-1,None
77,*,テンペリオス,Guardian,Susceptor,3,3,5,Silver,-1,-1,1991,30,5009,1785,-1,-1,5369,18.0,10,10,10,10,11,9,0,0,4,4,4,0,0,0,4,10,10,10,10,10,10,3000,-1,None,0,Poison,0,-1,39,137,120,10,139,436,344,378,115,0,-1,-1,5,1,167,Warrior's Heart,1,1,258,Moonberry,-1,-1,-1,None,-1,-1,-1,None
78,*,テルヴァ,Telsor,Telsor,1,1,5,Silver,-1,-1,4047,10,627,223,-1,-1,294,18.0,10,10,10,10,11,9,0,9,10,10,10,0,0,10,11,10,10,10,10,10,10,500,-1,None,0,Poison,0,-1,39,137,126,15,232,315,412,344,90,25,-1,-1,2,1,61,Serpent Strike,1,1,258,Moonberry,-1,-1,-1,None,-1,-1,-1,None
79,*,ドゥムス,Dorntak,Dorntak,1,1,5,Silver,-1,-1,4039,25,1067,365,-1,-1,684,18.0,10,10,10,10,11,9,0,9,0,10,10,0,0,10,11,10,10,10,10,10,10,800,-1,None,0,Poison,0,-1,39,137,126,25,154,344,412,344,90,10,-1,-1,1,1,166,Cupil Ring,1,1,258,Moonberry,-1,-1,-1,None,-1,-1,-1,None
80,*,ニンギルス,Linark,Linark,3,3,5,Silver,-1,-1,4045,30,5009,1785,-1,-1,6193,18.0,10,10,10,10,11,9,0,3,5,5,5,0,0,5,7,10,10,10,10,10,10,3500,-1,None,0,Poison,0,-1,39,137,114,20,170,516,344,344,120,5,-1,-1,20,1,57,Silver Arm,1,1,258,Moonberry,-1,-1,-1,None,-1,-1,-1,None
81,*,ヌックア,Dolthstra,Dolthstra,3,3,2,Purple,-1,-1,4087,25,2449,531,-1,-1,3750,18.0,11,14,7,9,10,10,0,5,5,20,3,0,0,10,5,10,10,10,10,10,10,2500,70,Add Confusion + Damage,4,Confusion,40,-1,33,118,148,15,93,375,296,296,85,5,-1,-1,10,1,186,Eye of Truth,1,1,258,Moonberry,-1,-1,-1,None,-1,-1,-1,None
82,*,サムンドラ,Dracolurg,Dracolurg,3,3,2,Purple,-1,-1,4039,15,2992,1155,-1,-1,5545,18.0,11,14,7,9,10,10,7,5,5,3,3,0,0,10,5,10,10,10,10,10,10,3500,-1,None,0,Poison,0,-1,34,123,154,15,138,434,308,308,100,10,-1,-1,5,1,181,Defensive Aura,1,1,258,Moonberry,-1,-1,-1,None,-1,-1,-1,None
83,*,ギラロッシ,Garagor,Garagor,3,3,2,Purple,-1,-1,4037,20,5009,973,-1,-1,3721,18.0,11,14,7,9,10,10,7,5,5,3,3,10,0,10,5,10,10,10,10,10,10,3500,72,Add Fatigue + Damage,6,Fatigue,40,-1,39,256,504,10,185,401,378,378,75,10,-1,-1,5,1,179,Ancient Bracer,1,1,258,Moonberry,-1,-1,-1,None,-1,-1,-1,None
84,*,シデンクワイ,Kilite,Kilite,1,1,2,Purple,-1,-1,4045,15,449,119,-1,-1,178,18.0,11,14,7,9,10,10,16,15,15,14,14,15,0,10,15,10,10,10,10,10,10,500,-1,None,0,Poison,0,-1,33,158,98,15,159,282,296,296,75,20,-1,-1,1,1,260,Paranta Seed,1,1,258,Moonberry,-1,-1,-1,None,-1,-1,-1,None
85,*,イモヅル,Imezl,Imezl,1,1,0,Green,-1,-1,4095,5,581,213,-1,-1,243,18.0,10,11,9,9,11,10,9,10,10,9,9,10,0,10,11,10,10,10,10,10,10,500,-1,None,0,Poison,0,-1,27,126,15,5,170,252,302,302,75,5,-1,-1,2,1,249,Curia Crystal,2,1,250,Risan Crystal,2,1,251,Riselem Crystal,1,1,258,Moonberry
86,*,ブライヌール,Lurker,Lurker,1,1,0,Green,-1,-1,4095,5,285,193,-1,-1,109,18.0,10,11,9,9,11,10,9,10,10,9,9,10,0,10,11,10,10,10,10,10,10,500,-1,None,0,Poison,0,-1,23,86,144,5,116,194,216,216,90,15,-1,-1,1,1,274,Electrum Box,1,1,258,Moonberry,-1,-1,-1,None,-1,-1,-1,None
87,*,クベンシス,Jellikra,Jellikra,1,1,3,Blue,-1,-1,4095,15,481,113,-1,-1,463,18.0,11,9,11,10,9,10,0,10,10,10,11,0,0,10,9,10,10,10,10,10,10,500,4,Add Poison + Damage,0,Poison,80,-1,29,134,52,10,130,252,158,158,80,25,-1,-1,2,1,182,Ivy Band,1,1,258,Moonberry,-1,-1,-1,None,-1,-1,-1,None
88,*,エリュオン,Scorpon,Scorpon,1,1,2,Purple,-1,-1,4045,25,571,163,-1,-1,547,18.0,14,14,7,7,10,10,22,20,20,18,18,0,0,10,22,10,10,10,10,10,10,500,71,Add Silence + Damage,5,Silence,40,-1,22,83,69,25,102,219,260,156,95,15,-1,-1,5,1,187,Revered Voice,1,1,258,Moonberry,-1,-1,-1,None,-1,-1,-1,None
89,*,アークエルモ,Arclooper,Arclooper,1,1,2,Purple,-1,-1,4095,5,2041,1328,-1,-1,134,18.0,11,14,7,9,10,10,11,10,10,9,9,10,0,10,10,10,10,10,10,10,10,500,-1,None,0,Poison,0,-1,33,148,207,10,186,288,296,947,110,150,-1,-1,5,1,209,Fortune Ring,1,1,263,Dexus Seed,1,1,258,Moonberry,-1,-1,-1,None
90,*,キュキュ,Tsorok,Tsorok,1,1,3,Blue,-1,-1,4047,15,119,48,-1,-1,107,18.0,11,9,11,10,9,10,16,15,15,15,5,14,0,10,14,10,10,10,10,10,10,500,70,Add Confusion + Damage,4,Confusion,70,-1,18,72,232,15,110,161,140,140,90,20,-1,-1,1,1,271,Wevles Box,1,1,258,Moonberry,-1,-1,-1,None,-1,-1,-1,None
91,*,デ式レイバー,Sentry,Sentree,1,1,4,Yellow,-1,-1,4039,20,521,244,-1,-1,626,18.0,9,10,10,14,0,14,0,11,10,11,10,11,0,10,9,10,10,10,10,10,10,800,-1,None,0,Poison,0,-1,35,124,109,15,126,364,374,280,105,10,-1,-1,3,1,254,Healing Salve,1,1,258,Moonberry,-1,-1,-1,None,-1,-1,-1,None
92,*,ランギット,Langry,Langry,1,1,3,Blue,-1,-1,4093,10,159,48,-1,-1,135,18.0,11,9,11,10,9,10,20,20,20,0,20,0,0,10,20,10,10,10,10,10,10,500,69,Add Sleep + Damage,3,Sleep,50,-1,20,76,38,5,86,164,115,115,80,20,-1,-1,2,1,185,Wind Gem Ring,1,1,258,Moonberry,-1,-1,-1,None,-1,-1,-1,None
93,*,ヘベレル,Durel Beetle,Scarabée,1,1,3,Blue,-1,-1,4095,10,108,55,-1,-1,123,18.0,11,9,11,10,9,10,22,20,20,20,22,0,0,10,18,10,10,10,10,10,10,500,-1,None,0,Poison,0,-1,13,68,43,10,61,127,129,129,90,15,-1,-1,3,1,189,Behemoth's Ring,1,1,258,Moonberry,-1,-1,-1,None,-1,-1,-1,None
94,*,マヌー,Totelm,Totelm,1,1,1,Red,-1,-1,1984,15,120,66,-1,-1,65,18.0,9,7,14,11,10,10,0,10,10,20,20,0,0,10,10,10,10,10,10,10,10,400,-1,None,0,Poison,0,-1,20,76,64,15,129,160,192,192,100,15,-1,-1,1,1,266,Magus Seed,1,1,258,Moonberry,-1,-1,-1,None,-1,-1,-1,None
95,*,ケベスク,Thryllak,Thryllak,1,1,3,Blue,-1,-1,4095,10,262,91,-1,-1,313,18.0,11,9,11,10,9,10,11,10,10,10,11,0,0,10,9,10,10,10,10,10,10,800,-1,None,0,Poison,0,-1,22,83,69,10,93,234,208,208,85,25,-1,-1,2,1,169,Thryllak's Scale,1,1,258,Moonberry,-1,-1,-1,None,-1,-1,-1,None
96,*,ロッキ,Stonebeak,Stonebeak,1,1,4,Yellow,-1,-1,4045,20,152,66,-1,-1,409,18.0,9,10,10,11,9,11,14,16,15,16,15,0,0,10,14,10,10,10,10,10,10,500,-1,None,0,Poison,0,-1,12,52,39,15,53,160,118,118,95,15,-1,-1,2,1,188,Everlasting Gem,1,1,258,Moonberry,-1,-1,-1,None,-1,-1,-1,None
97,*,キクシック,Razorbeak,Razorbeak,1,1,4,Yellow,-1,-1,4045,20,438,127,-1,-1,631,18.0,9,10,10,11,9,11,14,16,15,16,15,0,0,10,14,10,10,10,10,10,10,500,-1,None,0,Poison,0,-1,21,81,61,15,82,247,183,183,95,15,-1,-1,4,1,188,Everlasting Gem,1,1,258,Moonberry,-1,-1,-1,None,-1,-1,-1,None
98,*,マセラウト,Stalk Fiend,Monstrum,1,1,0,Green,-1,-1,4093,5,678,176,-1,-1,418,18.0,10,11,9,9,11,10,9,10,10,9,9,10,0,10,11,10,10,10,10,10,10,500,72,Add Fatigue + Damage,6,Fatigue,70,-1,34,152,81,15,177,278,243,243,85,40,-1,-1,2,1,137,Fiber Mail,1,1,258,Moonberry,-1,-1,-1,None,-1,-1,-1,None
99,*,アルシノ,Kantor,Kantor,3,3,4,Yellow,-1,-1,4037,15,2001,642,-1,-1,2716,18.0,9,10,10,11,9,11,6,0,6,6,6,0,0,0,6,10,10,10,10,10,10,3500,-1,None,0,Poison,0,-1,25,92,121,15,93,270,232,255,105,15,-1,-1,2,1,258,Moonberry,-1,-1,-1,None,-1,-1,-1,None,-1,-1,-1,None
100,*,アサシン,Shadow,Umbra,1,1,3,Blue,-1,-1,4037,10,2272,1117,-1,-1,1149,18.0,11,9,11,10,9,10,5,5,5,5,5,10,0,0,5,10,10,10,10,10,10,800,-1,None,0,Poison,0,-1,37,168,109,10,191,356,328,328,120,40,-1,-1,-1,-1,-1,None,-1,-1,-1,None,-1,-1,-1,None,-1,-1,-1,None
101,*,イレイザー,Assassin,Assassinata,1,1,3,Blue,-1,-1,4037,10,955,346,-1,-1,807,18.0,11,9,11,10,9,10,5,5,5,5,5,10,0,10,5,10,10,10,10,10,10,800,-1,None,0,Poison,0,-1,38,177,112,10,196,365,336,336,120,40,-1,-1,4,1,68,Marksman Gun,1,1,258,Moonberry,-1,-1,-1,None,-1,-1,-1,None
102,*,要塞将兵,Officer,Executor,1,1,4,Yellow,-1,-1,4087,25,379,373,-1,-1,648,18.0,9,10,10,11,9,11,6,0,6,6,6,18,0,0,6,10,10,10,10,10,10,800,-1,None,0,Poison,0,-1,24,100,76,5,100,252,235,224,110,10,-1,-1,1,1,246,Aura of Valor,1,1,258,Moonberry,-1,-1,-1,None,-1,-1,-1,None
103,*,要塞煌兵,Mage Warden,Custodiae,1,1,4,Yellow,-1,-1,4085,5,316,204,-1,-1,576,18.0,9,10,10,11,9,11,9,11,10,11,10,11,0,10,9,10,10,10,10,10,10,800,-1,None,0,Poison,0,-1,24,123,83,5,112,205,182,319,70,25,-1,-1,1,1,278,Sylenis Box,1,1,258,Moonberry,-1,-1,-1,None,-1,-1,-1,None
104,*,要塞兵,Shock Troop,Veles,1,1,4,Yellow,-1,-1,4039,10,217,142,-1,-1,278,18.0,9,10,10,11,9,11,9,11,10,11,10,0,0,10,9,10,10,10,10,10,10,800,-1,None,0,Poison,0,-1,24,89,76,10,100,236,235,224,95,15,-1,-1,3,1,242,Sacrum Crystal,1,1,258,Moonberry,-1,-1,-1,None,-1,-1,-1,None
105,*,ベレーザ兵,Red Guard,Red Praeses,1,1,4,Yellow,-1,-1,4039,10,545,225,-1,-1,629,18.0,9,10,10,11,9,11,9,11,10,11,10,0,0,10,9,10,10,10,10,10,10,800,-1,None,0,Poison,0,-1,31,112,95,10,126,304,294,280,95,15,-1,-1,2,1,245,Magic Dew,1,1,258,Moonberry,-1,-1,-1,None,-1,-1,-1,None
106,*,工作兵,Elite Guard,Praeses Elite,1,1,4,Yellow,-1,-1,4039,10,586,223,-1,-1,516,18.0,9,10,10,11,9,11,9,11,10,11,10,0,0,10,9,10,10,10,10,10,10,800,-1,None,0,Poison,0,-1,35,124,106,10,140,339,327,312,95,15,-1,-1,1,1,178,Warrior's Rune,1,1,258,Moonberry,-1,-1,-1,None,-1,-1,-1,None
107,*,ワーン,Jynnus,Jynnus,1,1,3,Blue,-1,-1,4095,10,192,69,-1,-1,231,18.0,11,9,11,10,9,10,16,15,15,15,16,14,0,10,14,10,10,10,10,10,10,500,-1,None,0,Poison,0,-1,21,100,56,15,108,211,170,170,100,20,-1,-1,2,1,183,Silvite Ring,1,1,258,Moonberry,-1,-1,-1,None,-1,-1,-1,None
108,*,ヒュドラ巨兵,Hydra Elite,Hydra,3,3,4,Yellow,-1,-1,4037,15,1194,432,-1,-1,1759,18.0,9,10,10,11,9,11,6,6,6,6,6,18,0,10,6,10,10,10,10,10,10,1000,-1,None,0,Poison,0,-1,38,202,111,25,151,448,369,302,95,10,-1,-1,3,1,200,Ominous Mask,1,1,258,Moonberry,-1,-1,-1,None,-1,-1,-1,None
109,*,イエルモー,Yulooper,Yulooper,1,1,4,Yellow,-1,-1,4095,5,911,794,-1,-1,93,18.0,9,10,10,11,9,11,9,11,10,11,10,11,0,10,9,10,10,10,10,10,10,500,-1,None,0,Poison,0,-1,21,139,142,10,128,199,204,652,110,150,-1,-1,4,1,210,Black Map,1,1,263,Dexus Seed,1,1,258,Moonberry,-1,-1,-1,None
110,*,シュルラット,Hunter,Hunta,1,1,5,Silver,-1,-1,4047,15,302,114,-1,-1,156,18.0,10,10,10,10,11,9,0,9,10,10,10,0,0,10,11,10,10,10,10,10,10,500,-1,None,0,Poison,0,-1,39,137,114,5,139,436,412,275,90,10,-1,-1,2,1,66,Warrior's Pistol,1,1,258,Moonberry,-1,-1,-1,None,-1,-1,-1,None
111,*,盗掘者シモン,Zivilyn Bane,Zivilyn Bane,1,1,1,Red,-1,-1,4039,22,1587,2912,-1,-1,3229,18.0,9,9,11,11,10,10,4,4,4,4,4,0,0,5,4,10,10,10,10,10,10,800,-1,None,0,Poison,0,-1,20,76,69,22,95,219,192,153,115,22,-1,-1,10,1,263,Dexus Seed,33,1,264,Sylph Seed,50,1,265,Vidal Seed,100,1,266,Magus Seed
112,*,盗掘者シモン,Zivilyn Bane,Zivilyn Bane,1,1,1,Red,-1,-1,4039,24,1036,3444,-1,-1,1817,18.0,9,9,11,11,10,10,4,4,4,4,4,0,0,5,4,10,10,10,10,10,10,800,-1,None,0,Poison,0,-1,23,86,77,24,106,250,216,172,115,24,-1,-1,10,1,263,Dexus Seed,33,1,260,Paranta Seed,50,1,261,Icyl Seed,100,1,262,Zaal Seed
113,*,盗掘者シモン,Zivilyn Bane,Zivilyn Bane,1,1,1,Red,-1,-1,4039,26,2425,3807,-1,-1,3901,18.0,9,9,11,11,10,10,4,4,4,4,4,0,0,5,4,10,10,10,10,10,10,800,-1,None,0,Poison,0,-1,25,92,83,26,114,272,232,185,115,26,-1,-1,10,1,263,Dexus Seed,33,1,264,Sylph Seed,50,1,265,Vidal Seed,100,1,266,Magus Seed
114,*,盗掘者シモン,Zivilyn Bane,Zivilyn Bane,1,1,1,Red,-1,-1,4039,28,3001,4361,-1,-1,4843,18.0,9,9,11,11,10,10,4,4,4,4,4,0,0,5,4,10,10,10,10,10,10,800,-1,None,0,Poison,0,-1,28,102,92,28,138,305,256,204,115,28,-1,-1,10,1,263,Dexus Seed,33,1,260,Paranta Seed,50,1,261,Icyl Seed,100,1,262,Zaal Seed
115,*,盗掘者シモン,Zivilyn Bane,Zivilyn Bane,1,1,1,Red,-1,-1,4039,30,3415,4738,-1,-1,5144,18.0,9,9,11,11,10,10,4,4,4,4,4,0,0,5,4,10,10,10,10,10,10,800,-1,None,0,Poison,0,-1,30,108,97,30,146,330,272,217,115,30,-1,-1,10,1,263,Dexus Seed,33,1,264,Sylph Seed,50,1,265,Vidal Seed,100,1,266,Magus Seed
116,*,盗掘者シモン,Zivilyn Bane,Zivilyn Bane,1,1,1,Red,-1,-1,4039,32,4081,5312,-1,-1,5599,18.0,9,9,11,11,10,10,4,4,4,4,4,0,0,5,4,10,10,10,10,10,10,800,-1,None,0,Poison,0,-1,33,118,106,32,159,365,296,236,115,32,-1,-1,10,1,263,Dexus Seed,33,1,260,Paranta Seed,50,1,261,Icyl Seed,100,1,262,Zaal Seed
117,*,盗掘王シモン,Zivilyn Bane,Zivilyn Bane,1,1,1,Red,-1,-1,4039,34,5565,6491,-1,-1,8671,18.0,9,9,11,11,10,10,4,4,4,4,4,0,0,5,4,10,10,10,10,10,10,800,-1,None,0,Poison,0,-1,39,137,123,34,201,432,344,275,115,34,-1,-1,10,1,263,Dexus Seed,33,1,264,Sylph Seed,50,1,265,Vidal Seed,100,1,266,Magus Seed
118,*,シュルラット,Hunter,Hunta,1,1,5,Silver,-1,-1,4047,15,302,114,-1,-1,156,18.0,10,10,10,10,11,9,0,9,10,10,10,0,0,10,11,10,10,10,10,10,10,500,-1,None,0,Poison,0,-1,39,137,114,5,139,436,412,275,90,10,-1,-1,2,1,66,Warrior's Pistol,1,1,258,Moonberry,-1,-1,-1,None,-1,-1,-1,None
119,*,テルヴァ,Delvax,Delvax,1,1,5,Silver,-1,-1,4047,10,627,223,-1,-1,294,18.0,10,10,10,10,11,9,0,9,10,10,10,0,0,10,11,10,10,10,10,10,10,500,-1,None,0,Poison,0,-1,39,137,126,15,232,315,412,344,90,25,-1,-1,2,1,61,Serpent Strike,1,1,258,Moonberry,-1,-1,-1,None,-1,-1,-1,None
120,*,ドゥムス,Hopril,Hopril,1,1,5,Silver,-1,-1,4039,25,1067,365,-1,-1,684,18.0,10,10,10,10,11,9,0,9,0,10,10,0,0,10,11,10,10,10,10,10,10,800,-1,None,0,Poison,0,-1,39,137,126,25,154,344,412,344,90,10,-1,-1,1,1,166,Cupil Ring,1,1,258,Moonberry,-1,-1,-1,None,-1,-1,-1,None
121,*,エルシアン,Elcian,Elcian,1,1,4,Yellow,-1,-1,4045,50,30000,15000,-1,-1,10000,18.0,10,10,10,10,10,10,0,0,0,0,0,0,0,0,0,10,10,10,10,10,10,500,72,Add Fatigue + Damage,6,Fatigue,0,-1,50,1200,250,50,400,2000,700,700,200,50,-1,-1,10,1,210,Black Map,10,1,218,Valuan Medallion,50,1,263,Dexus Seed,100,1,258,Moonberry
128,*,アントニオ,Antonio,Antonio,3,3,4,Yellow,-1,-1,4037,15,36,165,-1,-1,565,18.0,10,10,10,10,10,10,6,0,6,6,6,0,0,0,6,10,10,10,10,10,10,3500,-1,None,0,Poison,0,-1,2,19,16,15,19,52,48,52,105,15,-1,-1,100,1,258,Moonberry,-1,-1,-1,None,-1,-1,-1,None,-1,-1,-1,None
129,*,アガタウマス,Sentinel,Sentinel,3,3,5,Silver,-1,-1,1991,30,233,755,-1,-1,1171,18.0,10,10,10,10,11,9,0,0,4,4,4,0,0,0,4,10,10,10,10,10,10,3000,-1,None,0,Poison,0,-1,6,32,28,10,32,101,80,88,115,0,-1,-1,100,1,258,Moonberry,-1,-1,-1,None,-1,-1,-1,None,-1,-1,-1,None
130,*,イマゴタリア,Bleigock,Bleigock,3,3,0,Green,-1,-1,4037,10,1299,953,-1,-1,4681,18.0,10,11,9,9,11,10,0,0,0,12,12,0,0,0,8,10,10,10,10,10,10,3500,4,Add Poison + Damage,0,Poison,80,-1,9,43,28,15,34,117,86,86,75,5,-1,-1,100,1,265,Vidal Seed,-1,-1,-1,None,-1,-1,-1,None,-1,-1,-1,None
131,*,獄長,Executioner,Carcer,3,3,4,Yellow,-1,-1,4037,15,643,1014,-1,-1,1709,18.0,9,10,10,11,9,11,6,0,6,6,6,18,0,0,6,10,10,10,10,10,10,1000,-1,None,0,Poison,0,-1,10,32,37,25,50,149,123,100,95,10,-1,-1,100,1,273,Electri Box,-1,-1,-1,None,-1,-1,-1,None,-1,-1,-1,None
132,*,ガルシアン,Galcian,Galcian,1,1,4,Yellow,-1,-1,4037,0,0,0,-1,-1,9999999,18.0,9,10,10,11,9,11,0,0,0,0,0,0,0,0,0,10,10,10,10,10,10,1000,-1,None,0,Poison,0,-1,10,177,67,0,31,348,203,203,200,0,-1,-1,-1,-1,-1,None,-1,-1,-1,None,-1,-1,-1,None,-1,-1,-1,None
133,*,護送将兵,Royal Guard,Sceptrum Praeses,1,1,4,Yellow,-1,-1,4087,25,440,781,-1,-1,694,18.0,9,10,10,11,9,11,6,0,6,6,6,18,0,0,6,10,10,10,10,10,10,800,-1,None,0,Poison,0,-1,11,66,41,5,54,123,126,120,110,10,-1,-1,100,5,244,Magic Droplet,-1,-1,-1,None,-1,-1,-1,None,-1,-1,-1,None
134,*,ラァス,Rockwyrm,Rockwyrm,3,3,1,Red,-1,-1,1993,20,3062,1584,-1,-1,4223,18.0,10,1,19,10,10,10,0,0,0,6,6,0,0,0,6,10,10,10,10,10,10,3500,-1,None,0,Poison,0,-1,14,59,54,10,73,208,148,177,105,0,-1,-1,100,1,277,Riselem Box,-1,-1,-1,None,-1,-1,-1,None,-1,-1,-1,None
136,*,アントニオＪｒ,Antonio 2,Antonio 2,3,3,4,Yellow,-1,-1,4037,15,6012,2387,-1,-1,5266,18.0,9,10,10,11,9,11,6,0,6,6,6,0,0,0,6,10,10,10,10,10,10,3500,-1,None,0,Poison,0,-1,18,72,126,25,72,228,180,198,105,15,-1,-1,100,1,258,Moonberry,-1,-1,-1,None,-1,-1,-1,None,-1,-1,-1,None
137,*,ディアトリマ,Rik'talish,Rik'talish,3,3,0,Green,-1,-1,4036,15,7319,2700,-1,-1,6913,18.0,10,11,9,9,11,10,12,0,12,4,4,0,0,0,4,10,10,10,10,10,10,3000,73,Add Weak + Damage,8,Weak,40,-1,20,78,58,15,114,261,176,176,105,15,-1,-1,100,1,264,Sylph Seed,-1,-1,-1,None,-1,-1,-1,None,-1,-1,-1,None
138,*,シニストラ,Sinistra,Sinistra,3,3,1,Red,-1,-1,4041,20,4745,1590,-1,-1,4621,18.0,10,1,19,10,10,10,0,0,0,0,0,0,0,0,0,10,10,10,10,10,10,1500,-1,None,0,Poison,0,-1,23,88,91,10,99,256,275,275,90,20,-1,-1,100,1,261,Icyl Seed,-1,-1,-1,None,-1,-1,-1,None,-1,-1,-1,None
139,*,デクストラ,Destra,Destra,3,3,2,Purple,-1,-1,4041,20,4745,1590,-1,-1,4621,18.0,10,19,1,10,10,10,0,0,0,0,0,0,0,0,0,10,10,10,10,10,10,1500,-1,None,0,Poison,0,-1,23,88,91,10,99,256,275,275,90,20,-1,-1,100,1,266,Magus Seed,-1,-1,-1,None,-1,-1,-1,None,-1,-1,-1,None
140,*,ラミレス,Ramirez,Ramirez,1,1,5,Silver,-1,-1,4037,0,0,0,-1,-1,9999999,18.0,10,10,10,10,10,10,0,0,0,0,0,0,0,0,0,10,10,10,10,10,10,1000,-1,None,0,Poison,0,-1,24,112,130,0,120,672,392,392,200,80,-1,-1,-1,-1,-1,None,-1,-1,-1,None,-1,-1,-1,None,-1,-1,-1,None
141,*,ビゴロ,Vigoro,Vigoro,1,1,1,Red,-1,-1,4037,35,6301,4087,-1,-1,5473,18.0,9,9,11,11,10,10,4,0,4,4,4,0,0,0,4,10,10,10,10,10,10,1000,-1,None,0,Poison,0,-1,24,91,190,20,112,342,228,228,95,20,-1,-1,100,1,334,Cannon Room Key,-1,-1,-1,None,-1,-1,-1,None,-1,-1,-1,None
142,*,ブラキロフス,Dralkor Tank,Dralkor Lacus,3,3,1,Red,-1,-1,1989,15,8054,4678,-1,-1,7671,18.0,9,9,11,11,10,10,0,0,0,20,20,0,0,0,4,10,10,10,10,10,10,3000,-1,None,0,Poison,0,-1,25,94,88,20,84,332,295,236,105,0,-1,-1,100,5,251,Riselem Crystal,-1,-1,-1,None,-1,-1,-1,None,-1,-1,-1,None
144,*,ディーゴ,Tortigar,Tortigar,3,3,3,Blue,-1,-1,4089,25,15498,4350,-1,-1,10865,18.0,11,9,11,10,9,10,6,0,6,6,6,6,0,0,6,10,10,10,10,10,10,3500,8,Add Stone + Damage,2,Stone,80,-1,30,434,179,10,74,368,358,358,90,5,-1,-1,100,1,130,Moonlight Robe,-1,-1,-1,None,-1,-1,-1,None,-1,-1,-1,None
145,*,ジャオ,Jao,Jao,1,1,3,Blue,-1,-1,4037,25,2979,1277,-1,-1,2681,18.0,11,9,11,10,9,10,10,0,5,5,10,0,0,5,5,10,10,10,10,10,10,1000,-1,None,0,Poison,0,-1,29,107,89,25,156,312,268,268,125,25,-1,-1,-1,-1,-1,None,-1,-1,-1,None,-1,-1,-1,None,-1,-1,-1,None
146,*,マオ,Mao,Mao,1,1,3,Blue,-1,-1,4037,25,2979,1277,-1,-1,2681,18.0,11,9,11,10,9,10,10,0,5,5,10,0,0,5,5,10,10,10,10,10,10,1000,-1,None,0,Poison,0,-1,29,107,89,25,156,312,268,268,125,25,-1,-1,100,1,258,Moonberry,-1,-1,-1,None,-1,-1,-1,None,-1,-1,-1,None
147,*,ムラジ,Muraji,Muraji,1,1,3,Blue,-1,-1,3127,0,3873,1971,-1,-1,3286,18.0,11,9,11,10,9,10,20,0,20,20,0,0,0,0,20,10,10,10,10,10,10,1000,-1,None,0,Poison,0,-1,31,143,93,0,126,186,224,336,0,25,-1,-1,100,4,245,Magic Dew,-1,-1,-1,None,-1,-1,-1,None,-1,-1,-1,None
148,*,ニルヴィナス,Veltarn,Veltarn,3,3,2,Purple,-1,-1,4038,20,13427,6491,-1,-1,10801,18.0,11,14,7,9,10,10,0,0,4,4,4,0,0,0,4,10,10,10,10,10,10,3500,70,Add Confusion + Damage,4,Confusion,40,-1,33,120,187,15,189,400,375,375,100,15,-1,-1,100,1,270,Crystalen Box,-1,-1,-1,None,-1,-1,-1,None,-1,-1,-1,None
149,*,ビゴロ,Vigoro,Vigoro,1,1,1,Red,-1,-1,4037,35,18629,6812,-1,-1,14353,18.0,9,9,11,11,10,10,4,0,4,4,4,0,0,0,4,10,10,10,10,10,10,1000,70,Add Confusion + Damage,4,Confusion,80,-1,37,132,243,20,149,498,365,365,95,20,-1,-1,100,1,260,Paranta Seed,-1,-1,-1,None,-1,-1,-1,None,-1,-1,-1,None
150,*,ホルシ−ド,Dracoslyth,Dracoslyth,3,3,1,Red,-1,-1,4047,15,3757,1338,-1,-1,6193,18.0,9,7,14,11,10,10,3,5,5,7,7,0,0,10,5,10,10,10,10,10,10,3500,-1,None,0,Poison,0,-1,39,137,172,15,154,484,344,344,95,10,-1,-1,5,1,181,Defensive Aura,1,1,258,Moonberry,-1,-1,-1,None,-1,-1,-1,None
151,*,ガルシアン,Galcian,Galcian,1,1,4,Yellow,-1,-1,4037,20,29884,10387,-1,-1,21761,18.0,9,10,10,11,9,11,0,0,0,0,0,0,0,0,0,10,10,10,10,10,10,1000,-1,None,0,Poison,0,-1,38,207,113,15,153,453,340,340,120,10,-1,-1,100,1,218,Valuan Medallion,-1,-1,-1,None,-1,-1,-1,None,-1,-1,-1,None
152,*,ラミレス,Ramirez,Ramirez,1,1,5,Silver,-1,-1,4037,15,0,0,-1,-1,9999999,18.0,10,10,10,10,10,10,0,0,0,0,0,0,0,0,0,10,10,10,10,10,10,1000,-1,None,0,Poison,0,-1,37,164,191,15,177,574,574,574,120,25,-1,-1,-1,-1,-1,None,-1,-1,-1,None,-1,-1,-1,None,-1,-1,-1,None
153,*,ラミレス,Ramirez,Ramirez,1,1,5,Silver,-1,-1,4039,20,31338,0,-1,-1,22273,18.0,10,10,10,10,10,10,0,0,0,0,0,0,0,0,0,10,10,10,10,10,10,1000,73,Add Weak + Damage,8,Weak,60,-1,39,541,116,20,203,522,348,348,120,20,-1,-1,-1,-1,-1,None,-1,-1,-1,None,-1,-1,-1,None,-1,-1,-1,None
154,*,ラプラタヌス,Eliminator,Eliminator,3,3,5,Silver,-1,-1,1991,30,18629,6812,-1,-1,20721,18.0,10,10,10,10,11,9,0,0,4,4,4,0,0,0,4,10,10,10,10,10,10,3000,-1,None,0,Poison,0,-1,37,132,116,10,134,421,332,365,115,0,-1,-1,100,1,258,Moonberry,-1,-1,-1,None,-1,-1,-1,None,-1,-1,-1,None
155,*,ドブラ,Gordo,Gordo,1,1,1,Red,-1,-1,4087,5,896,485,-1,-1,2058,18.0,9,9,11,11,10,10,0,0,10,11,11,11,0,5,10,10,10,10,10,10,10,1000,-1,None,0,Poison,0,-1,21,100,66,5,81,225,200,200,80,5,-1,-1,100,1,259,Cham,-1,-1,-1,None,-1,-1,-1,None,-1,-1,-1,None
156,*,ウォン三兄弟,Mad Chef,Furiosus,1,1,1,Red,-1,-1,4039,15,349,188,-1,-1,561,18.0,9,9,11,11,10,10,0,10,10,11,11,11,0,5,10,10,10,10,10,10,10,800,4,Add Poison + Damage,0,Poison,70,-1,21,90,63,15,117,233,190,190,100,25,-1,-1,10,5,286,Red Sardis,20,10,288,Spiked Sunfish,30,20,287,Flying Fish,40,30,285,Sky Sardis
157,*,ラミレス,Ramirez,Ramirez,3,3,5,Silver,-1,-1,4045,25,0,0,-1,-1,24001,18.0,10,10,10,10,10,10,0,0,0,0,0,0,0,0,0,10,10,10,10,10,10,3500,73,Add Weak + Damage,8,Weak,20,-1,40,550,134,25,174,528,404,404,120,15,-1,-1,-1,-1,-1,None,-1,-1,-1,None,-1,-1,-1,None,-1,-1,-1,None
158,*,ピアストル,Piastol,Piastol,1,1,3,Blue,-1,-1,4039,30,3545,2217,-1,-1,3928,18.0,11,9,11,10,9,10,0,0,0,0,0,0,0,0,0,10,10,10,10,10,10,1500,-1,None,0,Poison,0,-1,15,99,54,15,136,192,60,266,130,30,-1,-1,-1,-1,-1,None,-1,-1,-1,None,-1,-1,-1,None,-1,-1,-1,None
158,ebinit030.dat,ピアストル,Piastol,Piastol,1,1,6,Neutral,-1,-1,4039,30,3545,2217,-1,-1,5204,18.0,10,10,10,10,10,10,0,0,0,0,0,0,0,0,0,10,10,10,10,10,10,1500,-1,None,0,Poison,0,-1,15,99,70,15,136,192,159,266,130,30,-1,-1,-1,-1,-1,None,-1,-1,-1,None,-1,-1,-1,None,-1,-1,-1,None
159,*,ピアストル,Piastol,Piastol,1,1,3,Blue,-1,-1,4039,30,5054,2759,-1,-1,5039,18.0,11,9,11,10,9,10,0,0,0,0,0,0,0,0,0,10,10,10,10,10,10,1500,-1,None,0,Poison,0,-1,18,145,65,15,158,223,82,308,130,30,-1,-1,-1,-1,-1,None,-1,-1,-1,None,-1,-1,-1,None,-1,-1,-1,None
159,ebinit031.dat,ピアストル,Piastol,Piastol,1,1,6,Neutral,-1,-1,4039,30,5054,2759,-1,-1,6029,18.0,10,10,10,10,10,10,0,0,0,0,0,0,0,0,0,10,10,10,10,10,10,1500,-1,None,0,Poison,0,-1,18,145,82,15,158,223,184,308,130,30,-1,-1,-1,-1,-1,None,-1,-1,-1,None,-1,-1,-1,None,-1,-1,-1,None
160,*,ピアストル,Piastol,Piastol,1,1,3,Blue,-1,-1,4039,30,8076,3703,-1,-1,6178,18.0,11,9,11,10,9,10,0,0,0,0,0,0,0,0,0,10,10,10,10,10,10,1500,-1,None,0,Poison,0,-1,23,222,79,15,194,274,101,378,130,30,-1,-1,-1,-1,-1,None,-1,-1,-1,None,-1,-1,-1,None,-1,-1,-1,None
160,ebinit032.dat,ピアストル,Piastol,Piastol,1,1,6,Neutral,-1,-1,4039,30,8076,3703,-1,-1,7393,18.0,10,10,10,10,10,10,0,0,0,0,0,0,0,0,0,10,10,10,10,10,10,1500,-1,None,0,Poison,0,-1,23,222,100,15,194,274,226,378,130,30,-1,-1,-1,-1,-1,None,-1,-1,-1,None,-1,-1,-1,None,-1,-1,-1,None
161,*,ピアストル,Piastol,Piastol,1,1,3,Blue,-1,-1,4039,30,11704,4689,-1,-1,7086,18.0,11,9,11,10,9,10,0,0,0,0,0,0,0,0,0,10,10,10,10,10,10,1500,-1,None,0,Poison,0,-1,28,298,96,15,230,324,133,448,130,30,-1,-1,-1,-1,-1,None,-1,-1,-1,None,-1,-1,-1,None,-1,-1,-1,None
161,ebinit033.dat,ピアストル,Piastol,Piastol,1,1,6,Neutral,-1,-1,4039,30,11704,4689,-1,-1,8757,18.0,10,10,10,10,10,10,0,0,0,0,0,0,0,0,0,10,10,10,10,10,10,1500,-1,None,0,Poison,0,-1,28,298,119,15,230,324,268,448,130,30,-1,-1,-1,-1,-1,None,-1,-1,-1,None,-1,-1,-1,None,-1,-1,-1,None
162,*,ピアストル,Piastol,Piastol,1,1,3,Blue,-1,-1,4039,30,15913,5711,-1,-1,8557,18.0,11,9,11,10,9,10,0,0,0,0,0,0,0,0,0,10,10,10,10,10,10,1500,-1,None,0,Poison,0,-1,33,375,114,15,266,375,171,518,130,30,-1,-1,-1,-1,-1,None,-1,-1,-1,None,-1,-1,-1,None,-1,-1,-1,None
162,ebinit034.dat,ピアストル,Piastol,Piastol,1,1,6,Neutral,-1,-1,4039,30,15913,5711,-1,-1,10121,18.0,10,10,10,10,10,10,0,0,0,0,0,0,0,0,0,10,10,10,10,10,10,1500,-1,None,0,Poison,0,-1,33,375,138,15,266,375,310,518,130,30,-1,-1,-1,-1,-1,None,-1,-1,-1,None,-1,-1,-1,None,-1,-1,-1,None
163,*,ピアストル,Piastol,Piastol,1,1,3,Blue,-1,-1,4039,31,13319,5093,-1,-1,9166,18.0,11,9,11,10,9,10,0,0,0,0,0,0,0,0,0,10,10,10,10,10,10,1500,8,Add Stone + Damage,2,Stone,80,-1,30,327,108,16,269,351,108,484,131,31,-1,-1,-1,-1,-1,None,-1,-1,-1,None,-1,-1,-1,None,-1,-1,-1,None
163,ebinit035.dat,ピアストル,Piastol,Piastol,1,1,6,Neutral,-1,-1,4039,31,13319,5093,-1,-1,9187,18.0,10,10,10,10,10,10,0,0,0,0,0,0,0,0,0,10,10,10,10,10,10,1500,8,Add Stone + Damage,2,Stone,80,-1,30,327,142,16,269,351,293,484,131,31,-1,-1,-1,-1,-1,None,-1,-1,-1,None,-1,-1,-1,None,-1,-1,-1,None
164,*,ピアストル,Piastol,Piastol,1,1,3,Blue,-1,-1,4039,31,15913,5711,-1,-1,10086,18.0,11,9,11,10,9,10,0,0,0,0,0,0,0,0,0,10,10,10,10,10,10,1500,8,Add Stone + Damage,2,Stone,80,-1,33,373,129,16,293,382,183,526,131,31,-1,-1,-1,-1,-1,None,-1,-1,-1,None,-1,-1,-1,None,-1,-1,-1,None
164,ebinit036.dat,ピアストル,Piastol,Piastol,1,1,6,Neutral,-1,-1,4039,31,15913,5711,-1,-1,10001,18.0,10,10,10,10,10,10,0,0,0,0,0,0,0,0,0,10,10,10,10,10,10,1500,8,Add Stone + Damage,2,Stone,80,-1,33,373,154,16,293,382,319,526,131,31,-1,-1,-1,-1,-1,None,-1,-1,-1,None,-1,-1,-1,None,-1,-1,-1,None
165,*,ピアストル,Piastol,Piastol,1,1,3,Blue,-1,-1,4039,31,20683,6764,-1,-1,11346,18.0,11,9,11,10,9,10,0,0,0,0,0,0,0,0,0,10,10,10,10,10,10,1500,8,Add Stone + Damage,2,Stone,80,-1,38,450,176,16,332,434,362,598,131,31,-1,-1,-1,-1,-1,None,-1,-1,-1,None,-1,-1,-1,None,-1,-1,-1,None
165,ebinit037.dat,ピアストル,Piastol,Piastol,1,1,6,Neutral,-1,-1,4039,31,20683,6764,-1,-1,11346,18.0,10,10,10,10,10,10,0,0,0,0,0,0,0,0,0,10,10,10,10,10,10,1500,8,Add Stone + Damage,2,Stone,80,-1,38,450,176,16,332,434,362,598,131,31,-1,-1,-1,-1,-1,None,-1,-1,-1,None,-1,-1,-1,None,-1,-1,-1,None
166,*,ピアストル,Piastol,Piastol,1,1,3,Blue,-1,-1,4039,31,26000,7846,-1,-1,12668,18.0,11,9,11,10,9,10,0,0,0,0,0,0,0,0,0,10,10,10,10,10,10,1500,8,Add Stone + Damage,2,Stone,80,-1,43,526,197,16,372,486,406,669,131,31,-1,-1,-1,-1,-1,None,-1,-1,-1,None,-1,-1,-1,None,-1,-1,-1,None
166,ebinit038.dat,ピアストル,Piastol,Piastol,1,1,6,Neutral,-1,-1,4039,31,26000,7846,-1,-1,12668,18.0,10,10,10,10,10,10,0,0,0,0,0,0,0,0,0,10,10,10,10,10,10,1500,8,Add Stone + Damage,2,Stone,80,-1,43,526,197,16,372,486,406,669,131,31,-1,-1,-1,-1,-1,None,-1,-1,-1,None,-1,-1,-1,None,-1,-1,-1,None
167,*,ピアストル,Piastol,Piastol,1,1,3,Blue,-1,-1,4039,31,31848,8953,-1,-1,14024,18.0,11,9,11,10,9,10,0,0,0,0,0,0,0,0,0,10,10,10,10,10,10,1500,8,Add Stone + Damage,2,Stone,80,-1,48,603,217,16,411,538,449,740,131,31,-1,-1,-1,-1,-1,None,-1,-1,-1,None,-1,-1,-1,None,-1,-1,-1,None
167,ebinit039.dat,ピアストル,Piastol,Piastol,1,1,6,Neutral,-1,-1,4039,31,31848,8953,-1,-1,14024,18.0,10,10,10,10,10,10,0,0,0,0,0,0,0,0,0,10,10,10,10,10,10,1500,8,Add Stone + Damage,2,Stone,80,-1,48,603,217,16,411,538,449,740,131,31,-1,-1,-1,-1,-1,None,-1,-1,-1,None,-1,-1,-1,None,-1,-1,-1,None
168,*,ピアストル,Piastol,Piastol,1,1,3,Blue,-1,-1,4039,32,17754,6128,-1,-1,10371,18.0,11,9,11,10,9,10,0,0,0,0,0,0,0,0,0,10,10,10,10,10,10,1500,8,Add Stone + Damage,2,Stone,80,-1,35,419,166,17,322,411,346,564,132,32,-1,-1,-1,-1,-1,None,-1,-1,-1,None,-1,-1,-1,None,-1,-1,-1,None
168,ebinit040.dat,ピアストル,Piastol,Piastol,1,1,6,Neutral,-1,-1,4039,32,17754,6128,-1,-1,10371,18.0,10,10,10,10,10,10,0,0,0,0,0,0,0,0,0,10,10,10,10,10,10,1500,8,Add Stone + Damage,2,Stone,80,-1,35,419,166,17,322,411,346,564,132,32,-1,-1,-1,-1,-1,None,-1,-1,-1,None,-1,-1,-1,None,-1,-1,-1,None
169,*,ピアストル,Piastol,Piastol,1,1,3,Blue,-1,-1,4039,32,20683,6764,-1,-1,11183,18.0,11,9,11,10,9,10,0,0,0,0,0,0,0,0,0,10,10,10,10,10,10,1500,8,Add Stone + Damage,2,Stone,80,-1,38,467,179,17,347,443,372,608,132,32,-1,-1,-1,-1,-1,None,-1,-1,-1,None,-1,-1,-1,None,-1,-1,-1,None
169,ebinit041.dat,ピアストル,Piastol,Piastol,1,1,6,Neutral,-1,-1,4039,32,20683,6764,-1,-1,11183,18.0,10,10,10,10,10,10,0,0,0,0,0,0,0,0,0,10,10,10,10,10,10,1500,8,Add Stone + Damage,2,Stone,80,-1,38,467,179,17,347,443,372,608,132,32,-1,-1,-1,-1,-1,None,-1,-1,-1,None,-1,-1,-1,None,-1,-1,-1,None
170,*,ピアストル,Piastol,Piastol,1,1,3,Blue,-1,-1,4039,32,26000,7846,-1,-1,12500,18.0,11,9,11,10,9,10,0,0,0,0,0,0,0,0,0,10,10,10,10,10,10,1500,8,Add Stone + Damage,2,Stone,80,-1,43,546,187,17,389,496,342,680,132,32,-1,-1,-1,-1,-1,None,-1,-1,-1,None,-1,-1,-1,None,-1,-1,-1,None
170,ebinit042.dat,ピアストル,Piastol,Piastol,1,1,6,Neutral,-1,-1,4039,32,26000,7846,-1,-1,12494,18.0,10,10,10,10,10,10,0,0,0,0,0,0,0,0,0,10,10,10,10,10,10,1500,8,Add Stone + Damage,2,Stone,80,-1,43,546,201,17,389,496,417,680,132,32,-1,-1,-1,-1,-1,None,-1,-1,-1,None,-1,-1,-1,None,-1,-1,-1,None
171,*,ピアストル,Piastol,Piastol,1,1,3,Blue,-1,-1,4039,32,31848,8953,-1,-1,13872,18.0,11,9,11,10,9,10,0,0,0,0,0,0,0,0,0,10,10,10,10,10,10,1500,8,Add Stone + Damage,2,Stone,80,-1,48,625,207,17,430,548,382,752,132,32,-1,-1,-1,-1,-1,None,-1,-1,-1,None,-1,-1,-1,None,-1,-1,-1,None
171,ebinit043.dat,ピアストル,Piastol,Piastol,1,1,6,Neutral,-1,-1,4039,32,31848,8953,-1,-1,13839,18.0,10,10,10,10,10,10,0,0,0,0,0,0,0,0,0,10,10,10,10,10,10,1500,8,Add Stone + Damage,2,Stone,80,-1,48,625,222,17,430,548,461,752,132,32,-1,-1,-1,-1,-1,None,-1,-1,-1,None,-1,-1,-1,None,-1,-1,-1,None
172,*,ピアストル,Piastol,Piastol,1,1,3,Blue,-1,-1,4039,32,38217,10083,-1,-1,15154,18.0,11,9,11,10,9,10,0,0,0,0,0,0,0,0,0,10,10,10,10,10,10,1500,8,Add Stone + Damage,2,Stone,80,-1,53,704,228,17,471,601,424,825,132,32,-1,-1,-1,-1,-1,None,-1,-1,-1,None,-1,-1,-1,None,-1,-1,-1,None
172,ebinit044.dat,ピアストル,Piastol,Piastol,1,1,6,Neutral,-1,-1,4039,32,38217,10083,-1,-1,15139,18.0,10,10,10,10,10,10,0,0,0,0,0,0,0,0,0,10,10,10,10,10,10,1500,8,Add Stone + Damage,2,Stone,80,-1,53,704,244,17,471,601,506,825,132,32,-1,-1,-1,-1,-1,None,-1,-1,-1,None,-1,-1,-1,None,-1,-1,-1,None
173,*,ピアストル,Piastol,Piastol,1,1,3,Blue,-1,-1,4039,33,22745,7194,-1,-1,11722,18.0,11,9,11,10,9,10,0,0,0,0,0,0,0,0,0,10,10,10,10,10,10,1500,8,Add Stone + Damage,2,Stone,80,-1,40,518,207,18,380,493,397,640,133,33,-1,-1,100,1,120,Light Dress,-1,-1,-1,None,-1,-1,-1,None,-1,-1,-1,None
173,ebinit045.dat,ピアストル,Piastol,Piastol,1,1,6,Neutral,-1,-1,4039,33,22745,7194,-1,-1,11722,18.0,10,10,10,10,10,10,0,0,0,0,0,0,0,0,0,10,10,10,10,10,10,1500,8,Add Stone + Damage,2,Stone,80,-1,40,518,207,18,380,469,397,640,133,33,-1,-1,-1,-1,-1,None,-1,-1,-1,None,-1,-1,-1,None,-1,-1,-1,None
174,*,ピアストル,Piastol,Piastol,1,1,3,Blue,-1,-1,4039,33,26000,7846,-1,-1,13571,18.0,11,9,11,10,9,10,0,0,0,0,0,0,0,0,0,10,10,10,10,10,10,1500,8,Add Stone + Damage,2,Stone,80,-1,43,567,221,18,406,556,424,684,133,33,-1,-1,100,1,120,Light Dress,-1,-1,-1,None,-1,-1,-1,None,-1,-1,-1,None
174,ebinit046.dat,ピアストル,Piastol,Piastol,1,1,6,Neutral,-1,-1,4039,33,26000,7846,-1,-1,12519,18.0,10,10,10,10,10,10,0,0,0,0,0,0,0,0,0,10,10,10,10,10,10,1500,8,Add Stone + Damage,2,Stone,80,-1,43,567,221,18,406,501,424,684,133,33,-1,-1,-1,-1,-1,None,-1,-1,-1,None,-1,-1,-1,None,-1,-1,-1,None
175,*,ピアストル,Piastol,Piastol,1,1,3,Blue,-1,-1,4039,33,31848,8953,-1,-1,14049,18.0,11,9,11,10,9,10,0,0,0,0,0,0,0,0,0,10,10,10,10,10,10,1500,8,Add Stone + Damage,2,Stone,80,-1,48,648,245,18,449,615,470,757,133,33,-1,-1,100,1,120,Light Dress,-1,-1,-1,None,-1,-1,-1,None,-1,-1,-1,None
175,ebinit047.dat,ピアストル,Piastol,Piastol,1,1,6,Neutral,-1,-1,4039,33,31848,8953,-1,-1,13816,18.0,10,10,10,10,10,10,0,0,0,0,0,0,0,0,0,10,10,10,10,10,10,1500,8,Add Stone + Damage,2,Stone,80,-1,48,648,245,18,449,554,470,757,133,33,-1,-1,-1,-1,-1,None,-1,-1,-1,None,-1,-1,-1,None,-1,-1,-1,None
176,*,ピアストル,Piastol,Piastol,1,1,3,Blue,-1,-1,4039,33,38217,10083,-1,-1,15816,18.0,11,9,11,10,9,10,0,0,0,0,0,0,0,0,0,10,10,10,10,10,10,1500,8,Add Stone + Damage,2,Stone,80,-1,53,730,257,18,492,666,456,829,133,33,-1,-1,100,1,120,Light Dress,-1,-1,-1,None,-1,-1,-1,None,-1,-1,-1,None
176,ebinit048.dat,ピアストル,Piastol,Piastol,1,1,6,Neutral,-1,-1,4039,33,38217,10083,-1,-1,15161,18.0,10,10,10,10,10,10,0,0,0,0,0,0,0,0,0,10,10,10,10,10,10,1500,8,Add Stone + Damage,2,Stone,80,-1,53,730,268,18,492,608,515,829,133,33,-1,-1,-1,-1,-1,None,-1,-1,-1,None,-1,-1,-1,None,-1,-1,-1,None
177,*,ピアストル,Piastol,Piastol,1,1,3,Blue,-1,-1,4039,33,45096,11236,-1,-1,17139,18.0,11,9,11,10,9,10,0,0,0,0,0,0,0,0,0,10,10,10,10,10,10,1500,8,Add Stone + Damage,2,Stone,80,-1,58,811,301,18,535,715,605,902,133,33,-1,-1,100,1,120,Light Dress,-1,-1,-1,None,-1,-1,-1,None,-1,-1,-1,None
177,ebinit049.dat,ピアストル,Piastol,Piastol,1,1,6,Neutral,-1,-1,4039,33,45096,11236,-1,-1,16494,18.0,10,10,10,10,10,10,0,0,0,0,0,0,0,0,0,10,10,10,10,10,10,1500,8,Add Stone + Damage,2,Stone,80,-1,58,811,292,18,535,661,560,902,133,33,-1,-1,-1,-1,-1,None,-1,-1,-1,None,-1,-1,-1,None,-1,-1,-1,None
178,*,タラ,Tara,Tara,1,1,0,Green,-1,-1,4039,40,5046,2636,-1,-1,4857,18.0,9,9,11,11,9,11,0,0,0,0,0,0,0,0,0,10,10,10,10,10,10,1500,69,Add Sleep + Damage,3,Sleep,40,-1,35,124,165,30,203,378,365,187,150,20,-1,-1,100,1,251,Riselem Crystal,-1,-1,-1,None,-1,-1,-1,None,-1,-1,-1,None
178,ebinit050.dat,タラ,Tara,Tara,1,1,0,Green,-1,-1,4039,40,5046,2636,-1,-1,4117,18.0,7,7,13,13,7,13,0,0,0,0,0,0,0,0,0,10,10,10,10,10,10,1500,-1,None,0,Poison,0,-1,35,124,163,30,203,356,358,187,150,20,-1,-1,0,1,251,Riselem Crystal,-1,-1,-1,None,-1,-1,-1,None,-1,-1,-1,None
179,*,タラ,Tara,Tara,1,1,0,Green,-1,-1,4039,41,5878,2910,-1,-1,5298,18.0,9,9,11,11,9,11,0,0,0,0,0,0,0,0,0,10,10,10,10,10,10,1500,69,Add Sleep + Damage,3,Sleep,40,-1,38,134,211,31,219,479,504,201,151,21,-1,-1,100,1,251,Riselem Crystal,-1,-1,-1,None,-1,-1,-1,None,-1,-1,-1,None
179,ebinit051.dat,タラ,Tara,Tara,1,1,0,Green,-1,-1,4039,41,5878,2910,-1,-1,4475,18.0,7,7,13,13,7,13,0,0,0,0,0,0,0,0,0,10,10,10,10,10,10,1500,-1,None,0,Poison,0,-1,38,134,176,31,219,395,386,201,151,21,-1,-1,0,1,251,Riselem Crystal,-1,-1,-1,None,-1,-1,-1,None,-1,-1,-1,None
180,*,タラ,Tara,Tara,1,1,0,Green,-1,-1,4039,42,7389,3375,-1,-1,5984,18.0,9,9,11,11,9,11,0,0,0,0,0,0,0,0,0,10,10,10,10,10,10,1500,69,Add Sleep + Damage,3,Sleep,40,-1,43,150,234,32,245,564,556,225,152,22,-1,-1,100,1,251,Riselem Crystal,-1,-1,-1,None,-1,-1,-1,None,-1,-1,-1,None
180,ebinit052.dat,タラ,Tara,Tara,1,1,0,Green,-1,-1,4039,42,7389,3375,-1,-1,5056,18.0,7,7,13,13,7,13,0,0,0,0,0,0,0,0,0,10,10,10,10,10,10,1500,-1,None,0,Poison,0,-1,43,150,197,32,245,456,432,225,152,22,-1,-1,0,1,251,Riselem Crystal,-1,-1,-1,None,-1,-1,-1,None,-1,-1,-1,None
181,*,タラ,Tara,Tara,1,1,0,Green,-1,-1,4039,43,9051,3852,-1,-1,6679,18.0,9,9,11,11,9,11,0,0,0,0,0,0,0,0,0,10,10,10,10,10,10,1500,69,Add Sleep + Damage,3,Sleep,40,-1,48,166,261,33,271,680,624,249,153,23,-1,-1,100,1,251,Riselem Crystal,-1,-1,-1,None,-1,-1,-1,None,-1,-1,-1,None
181,ebinit053.dat,タラ,Tara,Tara,1,1,0,Green,-1,-1,4039,43,9051,3852,-1,-1,5648,18.0,7,7,13,13,7,13,0,0,0,0,0,0,0,0,0,10,10,10,10,10,10,1500,-1,None,0,Poison,0,-1,48,166,218,33,271,513,478,249,153,23,-1,-1,0,1,251,Riselem Crystal,-1,-1,-1,None,-1,-1,-1,None,-1,-1,-1,None
182,*,タラ,Tara,Tara,1,1,0,Green,-1,-1,4039,44,10861,4338,-1,-1,7543,18.0,9,9,11,11,9,11,0,0,0,0,0,0,0,0,0,10,10,10,10,10,10,1500,69,Add Sleep + Damage,3,Sleep,40,-1,53,182,293,34,297,798,706,273,154,24,-1,-1,100,1,251,Riselem Crystal,-1,-1,-1,None,-1,-1,-1,None,-1,-1,-1,None
182,ebinit054.dat,タラ,Tara,Tara,1,1,0,Green,-1,-1,4039,44,10861,4338,-1,-1,6251,18.0,7,7,13,13,7,13,0,0,0,0,0,0,0,0,0,10,10,10,10,10,10,1500,-1,None,0,Poison,0,-1,53,182,239,34,297,573,524,273,154,24,-1,-1,0,1,251,Riselem Crystal,-1,-1,-1,None,-1,-1,-1,None,-1,-1,-1,None
183,*,リラ,Lira,Lira,1,1,0,Green,-1,-1,4039,5,3566,1876,-1,-1,4183,18.0,10,10,10,11,10,10,0,0,0,0,0,0,0,0,0,10,10,10,10,10,10,1500,-1,None,0,Poison,0,-1,35,212,101,8,105,221,205,405,70,55,-1,-1,100,1,246,Aura of Valor,-1,-1,-1,None,-1,-1,-1,None,-1,-1,-1,None
183,ebinit055.dat,リラ,Lira,Lira,1,1,0,Green,-1,-1,4039,5,3566,1876,-1,-1,3218,18.0,7,10,10,13,10,10,0,0,0,0,0,0,0,0,0,10,10,10,10,10,10,1500,-1,None,0,Poison,0,-1,35,140,101,8,105,221,202,405,70,55,-1,-1,0,1,246,Aura of Valor,-1,-1,-1,None,-1,-1,-1,None,-1,-1,-1,None
184,*,リラ,Lira,Lira,1,1,0,Green,-1,-1,4039,6,4155,2071,-1,-1,4505,18.0,10,10,10,11,10,10,0,0,0,0,0,0,0,0,0,10,10,10,10,10,10,1500,-1,None,0,Poison,0,-1,38,261,131,9,113,238,352,436,71,56,-1,-1,100,1,246,Aura of Valor,-1,-1,-1,None,-1,-1,-1,None,-1,-1,-1,None
184,ebinit056.dat,リラ,Lira,Lira,1,1,0,Green,-1,-1,4039,6,4155,2071,-1,-1,3516,18.0,7,10,10,13,10,10,0,0,0,0,0,0,0,0,0,10,10,10,10,10,10,1500,-1,None,0,Poison,0,-1,38,170,109,9,113,238,218,436,71,56,-1,-1,0,1,246,Aura of Valor,-1,-1,-1,None,-1,-1,-1,None,-1,-1,-1,None
185,*,リラ,Lira,Lira,1,1,0,Green,-1,-1,4039,7,5223,2402,-1,-1,5086,18.0,10,10,10,11,10,10,0,0,0,0,0,0,0,0,0,10,10,10,10,10,10,1500,-1,None,0,Poison,0,-1,43,338,149,10,126,266,409,488,72,57,-1,-1,100,1,246,Aura of Valor,-1,-1,-1,None,-1,-1,-1,None,-1,-1,-1,None
185,ebinit057.dat,リラ,Lira,Lira,1,1,0,Green,-1,-1,4039,7,5223,2402,-1,-1,3994,18.0,7,10,10,13,10,10,0,0,0,0,0,0,0,0,0,10,10,10,10,10,10,1500,-1,None,0,Poison,0,-1,43,219,122,10,126,266,244,488,72,57,-1,-1,0,1,246,Aura of Valor,-1,-1,-1,None,-1,-1,-1,None,-1,-1,-1,None
186,*,リラ,Lira,Lira,1,1,0,Green,-1,-1,4039,8,6397,2741,-1,-1,5574,18.0,10,10,10,11,10,10,0,0,0,0,0,0,0,0,0,10,10,10,10,10,10,1500,-1,None,0,Poison,0,-1,48,422,166,11,140,294,461,540,73,59,-1,-1,100,1,246,Aura of Valor,-1,-1,-1,None,-1,-1,-1,None,-1,-1,-1,None
186,ebinit058.dat,リラ,Lira,Lira,1,1,0,Green,-1,-1,4039,8,6397,2741,-1,-1,4484,18.0,7,10,10,13,10,10,0,0,0,0,0,0,0,0,0,10,10,10,10,10,10,1500,-1,None,0,Poison,0,-1,48,270,135,11,140,294,270,540,73,59,-1,-1,0,1,246,Aura of Valor,-1,-1,-1,None,-1,-1,-1,None,-1,-1,-1,None
187,*,リラ,Lira,Lira,1,1,0,Green,-1,-1,4039,9,7676,3087,-1,-1,6085,18.0,10,10,10,11,10,10,0,0,0,0,0,0,0,0,0,10,10,10,10,10,10,1500,-1,None,0,Poison,0,-1,53,549,186,12,153,323,524,592,74,60,-1,-1,100,1,246,Aura of Valor,-1,-1,-1,None,-1,-1,-1,None,-1,-1,-1,None
187,ebinit059.dat,リラ,Lira,Lira,1,1,0,Green,-1,-1,4039,9,7676,3087,-1,-1,4987,18.0,7,10,10,13,10,10,0,0,0,0,0,0,0,0,0,10,10,10,10,10,10,1500,-1,None,0,Poison,0,-1,53,308,148,12,153,323,296,592,74,60,-1,-1,0,1,246,Aura of Valor,-1,-1,-1,None,-1,-1,-1,None,-1,-1,-1,None
188,*,プラ,Pera,Pera,1,1,0,Green,-1,-1,4039,10,5767,2993,-1,-1,4766,18.0,9,10,10,11,10,10,0,0,0,0,0,0,0,0,0,10,10,10,10,10,10,1500,70,Add Confusion + Damage,4,Confusion,90,-1,35,113,100,15,154,312,302,302,100,5,-1,-1,100,1,296,Tropica,-1,-1,-1,None,-1,-1,-1,None,-1,-1,-1,None
188,ebinit060.dat,プラ,Pera,Pera,1,1,0,Green,-1,-1,4039,10,5767,2993,-1,-1,3962,18.0,7,10,10,13,10,10,0,0,0,0,0,0,0,0,0,10,10,10,10,10,10,1500,-1,None,0,Poison,0,-1,35,113,99,15,154,297,296,302,100,5,-1,-1,0,1,296,Tropica,-1,-1,-1,None,-1,-1,-1,None,-1,-1,-1,None
189,*,プラ,Pera,Pera,1,1,0,Green,-1,-1,4039,11,6718,3303,-1,-1,5121,18.0,9,10,10,11,10,10,0,0,0,0,0,0,0,0,0,10,10,10,10,10,10,1500,70,Add Confusion + Damage,4,Confusion,90,-1,38,134,129,16,166,339,453,325,101,6,-1,-1,100,1,296,Tropica,-1,-1,-1,None,-1,-1,-1,None,-1,-1,-1,None
189,ebinit061.dat,プラ,Pera,Pera,1,1,0,Green,-1,-1,4039,11,6718,3303,-1,-1,4257,18.0,7,10,10,13,10,10,0,0,0,0,0,0,0,0,0,10,10,10,10,10,10,1500,-1,None,0,Poison,0,-1,38,134,108,16,166,320,325,325,101,6,-1,-1,0,1,296,Tropica,-1,-1,-1,None,-1,-1,-1,None,-1,-1,-1,None
190,*,プラ,Pera,Pera,1,1,0,Green,-1,-1,4039,12,8445,3831,-1,-1,5690,18.0,9,10,10,11,10,10,0,0,0,0,0,0,0,0,0,10,10,10,10,10,10,1500,70,Add Confusion + Damage,4,Confusion,90,-1,43,168,145,17,186,383,507,364,102,7,-1,-1,100,1,296,Tropica,-1,-1,-1,None,-1,-1,-1,None,-1,-1,-1,None
190,ebinit062.dat,プラ,Pera,Pera,1,1,0,Green,-1,-1,4039,12,8445,3831,-1,-1,4737,18.0,7,10,10,13,10,10,0,0,0,0,0,0,0,0,0,10,10,10,10,10,10,1500,-1,None,0,Poison,0,-1,43,168,122,17,186,358,372,364,102,7,-1,-1,0,1,296,Tropica,-1,-1,-1,None,-1,-1,-1,None,-1,-1,-1,None
191,*,プラ,Pera,Pera,1,1,0,Green,-1,-1,4039,13,10344,4372,-1,-1,6250,18.0,9,10,10,11,10,10,0,0,0,0,0,0,0,0,0,10,10,10,10,10,10,1500,70,Add Confusion + Damage,4,Confusion,90,-1,48,203,157,18,205,429,544,403,103,8,-1,-1,100,1,296,Tropica,-1,-1,-1,None,-1,-1,-1,None,-1,-1,-1,None
191,ebinit063.dat,プラ,Pera,Pera,1,1,0,Green,-1,-1,4039,13,10344,4372,-1,-1,4870,18.0,7,10,10,13,10,10,0,0,0,0,0,0,0,0,0,10,10,10,10,10,10,1500,-1,None,0,Poison,0,-1,48,203,143,18,205,397,457,403,103,8,-1,-1,0,1,296,Tropica,-1,-1,-1,None,-1,-1,-1,None,-1,-1,-1,None
192,*,プラ,Pera,Pera,1,1,0,Green,-1,-1,4039,14,12413,4924,-1,-1,6796,18.0,9,10,10,11,10,10,0,0,0,0,0,0,0,0,0,10,10,10,10,10,10,1500,70,Add Confusion + Damage,4,Confusion,90,-1,53,233,173,19,225,473,601,442,104,9,-1,-1,100,1,296,Tropica,-1,-1,-1,None,-1,-1,-1,None,-1,-1,-1,None
192,ebinit064.dat,プラ,Pera,Pera,1,1,0,Green,-1,-1,4039,14,12413,4924,-1,-1,5346,18.0,7,10,10,13,10,10,0,0,0,0,0,0,0,0,0,10,10,10,10,10,10,1500,-1,None,0,Poison,0,-1,53,233,158,19,225,435,506,442,104,9,-1,-1,0,1,296,Tropica,-1,-1,-1,None,-1,-1,-1,None,-1,-1,-1,None
193,*,ダイコクヤ,Daikokuya,Daikokuya,3,3,3,Blue,-1,-1,2032,20,12248,8950,-1,-1,17389,35.0,10,11,9,9,11,10,0,0,0,0,0,0,0,0,0,10,10,10,10,10,10,2200,-1,None,0,Poison,0,-1,40,123,151,15,190,434,385,373,100,15,-1,-1,100,1,300,Pharax Idol,-1,-1,-1,None,-1,-1,-1,None,-1,-1,-1,None
193,ebinit065.dat,ダイコクヤ,Daikokuya,Daikokuya,3,3,3,Blue,-1,-1,1984,20,12248,8950,-1,-1,12843,35.0,10,11,9,9,11,10,0,0,0,0,0,0,0,0,0,10,10,10,10,10,10,2700,-1,None,0,Poison,0,-1,40,123,149,15,190,427,373,373,100,15,-1,-1,0,1,301,Euconyx Idol,0,2,291,Gold Pollen,-1,-1,-1,None,-1,-1,-1,None
194,*,ダイコクヤ,Daikokuya,Daikokuya,3,3,3,Blue,-1,-1,2032,21,14000,9762,-1,-1,18707,35.0,10,11,9,9,11,10,0,0,0,0,0,0,0,0,0,10,10,10,10,10,10,2200,-1,None,0,Poison,0,-1,43,138,158,16,236,477,394,398,101,16,-1,-1,100,1,300,Pharax Idol,-1,-1,-1,None,-1,-1,-1,None,-1,-1,-1,None
194,ebinit066.dat,ダイコクヤ,Daikokuya,Daikokuya,3,3,3,Blue,-1,-1,1984,21,14000,9762,-1,-1,13642,35.0,10,11,9,9,11,10,0,0,0,0,0,0,0,0,0,10,10,10,10,10,10,2700,-1,None,0,Poison,0,-1,43,138,160,16,236,456,406,398,101,16,-1,-1,0,1,301,Euconyx Idol,0,2,291,Gold Pollen,-1,-1,-1,None,-1,-1,-1,None
195,*,ダイコクヤ,Daikokuya,Daikokuya,3,3,3,Blue,-1,-1,2032,22,17149,11139,-1,-1,22141,35.0,10,11,9,9,11,10,0,0,0,0,0,0,0,0,0,10,10,10,10,10,10,2200,-1,None,0,Poison,0,-1,48,162,171,17,299,543,416,440,102,17,-1,-1,100,1,300,Pharax Idol,-1,-1,-1,None,-1,-1,-1,None,-1,-1,-1,None
195,ebinit067.dat,ダイコクヤ,Daikokuya,Daikokuya,3,3,3,Blue,-1,-1,1984,22,17149,11139,-1,-1,15019,35.0,10,11,9,9,11,10,0,0,0,0,0,0,0,0,0,10,10,10,10,10,10,2700,-1,None,0,Poison,0,-1,48,162,179,17,299,513,457,440,102,17,-1,-1,0,1,301,Euconyx Idol,0,2,291,Gold Pollen,-1,-1,-1,None,-1,-1,-1,None
196,*,ダイコクヤ,Daikokuya,Daikokuya,3,3,3,Blue,-1,-1,2032,23,20579,12546,-1,-1,24098,35.0,10,11,9,9,11,10,0,0,0,0,0,0,0,0,0,10,10,10,10,10,10,2200,-1,None,0,Poison,0,-1,53,187,188,18,369,608,460,483,103,18,-1,-1,100,1,300,Pharax Idol,-1,-1,-1,None,-1,-1,-1,None,-1,-1,-1,None
196,ebinit068.dat,ダイコクヤ,Daikokuya,Daikokuya,3,3,3,Blue,-1,-1,1984,23,20579,12546,-1,-1,16351,35.0,10,11,9,9,11,10,0,0,0,0,0,0,0,0,0,10,10,10,10,10,10,2700,-1,None,0,Poison,0,-1,53,187,198,18,369,563,510,483,103,18,-1,-1,0,1,301,Euconyx Idol,0,2,291,Gold Pollen,-1,-1,-1,None,-1,-1,-1,None
197,*,ダイコクヤ,Daikokuya,Daikokuya,3,3,3,Blue,-1,-1,2032,24,24282,13979,-1,-1,26339,35.0,10,11,9,9,11,10,0,0,0,0,0,0,0,0,0,10,10,10,10,10,10,2200,-1,None,0,Poison,0,-1,58,213,210,19,446,675,525,525,104,19,-1,-1,100,1,300,Pharax Idol,-1,-1,-1,None,-1,-1,-1,None,-1,-1,-1,None
197,ebinit069.dat,ダイコクヤ,Daikokuya,Daikokuya,3,3,3,Blue,-1,-1,1984,24,24282,13979,-1,-1,17655,35.0,10,11,9,9,11,10,0,0,0,0,0,0,0,0,0,10,10,10,10,10,10,2700,-1,None,0,Poison,0,-1,58,213,218,19,446,623,565,525,104,19,-1,-1,0,1,301,Euconyx Idol,0,2,291,Gold Pollen,-1,-1,-1,None,-1,-1,-1,None
198,*,ルピー,Rupee,Rupee,1,1,1,Red,-1,-1,3120,0,1955,2990,-1,-1,3071,12.0,9,9,11,11,10,10,0,0,0,0,0,0,0,0,0,10,10,10,10,10,10,1400,-1,None,0,Poison,0,-1,15,249,57,9,82,184,100,167,95,15,-1,-1,100,1,212,Captain's Hat,-1,-1,-1,None,-1,-1,-1,None,-1,-1,-1,None
198,ebinit070.dat,ルピー,Rupee,Rupee,1,1,1,Red,-1,-1,3072,0,864,1838,-1,-1,2276,12.0,10,7,13,10,10,10,0,0,0,0,0,0,0,0,0,10,10,10,10,10,10,1400,-1,None,0,Poison,0,-1,10,72,49,9,60,136,106,123,95,15,-1,-1,0,1,212,Captain's Hat,-1,-1,-1,None,-1,-1,-1,None,-1,-1,-1,None
199,*,ルピー,Rupee,Rupee,1,1,1,Red,-1,-1,3120,0,2787,3722,-1,-1,3647,12.0,9,9,11,11,10,10,0,0,0,0,0,0,0,0,0,10,10,10,10,10,10,1400,-1,None,0,Poison,0,-1,18,252,67,10,95,217,117,193,100,20,-1,-1,100,1,212,Captain's Hat,-1,-1,-1,None,-1,-1,-1,None,-1,-1,-1,None
199,ebinit071.dat,ルピー,Rupee,Rupee,1,1,1,Red,-1,-1,3072,0,1473,2518,-1,-1,2816,12.0,10,7,13,10,10,10,0,0,0,0,0,0,0,0,0,10,10,10,10,10,10,1400,-1,None,0,Poison,0,-1,13,90,60,10,73,168,129,149,100,20,-1,-1,0,1,212,Captain's Hat,-1,-1,-1,None,-1,-1,-1,None,-1,-1,-1,None
200,*,ルピー,Rupee,Rupee,1,1,1,Red,-1,-1,3120,0,4452,4994,-1,-1,4279,12.0,9,9,11,11,10,10,0,0,0,0,0,0,0,0,0,10,10,10,10,10,10,1400,-1,None,0,Poison,0,-1,23,312,93,11,116,271,151,280,102,22,-1,-1,100,1,212,Captain's Hat,-1,-1,-1,None,-1,-1,-1,None,-1,-1,-1,None
200,ebinit072.dat,ルピー,Rupee,Rupee,1,1,1,Red,-1,-1,3072,0,2787,3722,-1,-1,3453,12.0,10,7,13,10,10,10,0,0,0,0,0,0,0,0,0,10,10,10,10,10,10,1400,-1,None,0,Poison,0,-1,18,120,86,11,95,221,172,228,102,22,-1,-1,0,1,212,Captain's Hat,-1,-1,-1,None,-1,-1,-1,None,-1,-1,-1,None
201,*,ルピー,Rupee,Rupee,1,1,1,Red,-1,-1,3120,0,8773,7703,-1,-1,5676,12.0,9,9,11,11,10,10,0,0,0,0,0,0,0,0,0,10,10,10,10,10,10,1400,-1,None,0,Poison,0,-1,33,432,137,12,159,379,192,444,104,23,-1,-1,100,1,212,Captain's Hat,-1,-1,-1,None,-1,-1,-1,None,-1,-1,-1,None
201,ebinit073.dat,ルピー,Rupee,Rupee,1,1,1,Red,-1,-1,3072,0,4452,4994,-1,-1,4083,12.0,10,7,13,10,10,10,0,0,0,0,0,0,0,0,0,10,10,10,10,10,10,1400,-1,None,0,Poison,0,-1,23,150,117,12,116,276,216,324,104,23,-1,-1,0,1,212,Captain's Hat,-1,-1,-1,None,-1,-1,-1,None,-1,-1,-1,None
202,*,ルピー,Rupee,Rupee,1,1,1,Red,-1,-1,3120,0,12539,9703,-1,-1,6361,12.0,9,9,11,11,10,10,0,0,0,0,0,0,0,0,0,10,10,10,10,10,10,1400,-1,None,0,Poison,0,-1,40,662,183,13,190,455,302,545,105,25,-1,-1,100,1,212,Captain's Hat,-1,-1,-1,None,-1,-1,-1,None,-1,-1,-1,None
202,ebinit074.dat,ルピー,Rupee,Rupee,1,1,1,Red,-1,-1,3072,0,6452,6324,-1,-1,4606,12.0,10,7,13,10,10,10,0,0,0,0,0,0,0,0,0,10,10,10,10,10,10,1400,-1,None,0,Poison,0,-1,28,180,142,13,138,331,261,396,105,25,-1,-1,0,1,212,Captain's Hat,-1,-1,-1,None,-1,-1,-1,None,-1,-1,-1,None
203,ebinit075.dat,ルピー,Rupee,Rupee,1,1,1,Red,-1,-1,3072,0,864,1838,-1,-1,2276,12.0,10,7,13,10,10,10,0,0,0,0,0,0,0,0,0,10,10,10,10,10,10,1400,-1,None,0,Poison,0,-1,10,72,49,9,60,136,106,123,95,15,-1,-1,0,1,212,Captain's Hat,-1,-1,-1,None,-1,-1,-1,None,-1,-1,-1,None
204,ebinit076.dat,ルピー,Rupee,Rupee,1,1,1,Red,-1,-1,3072,0,1473,2518,-1,-1,2816,12.0,10,7,13,10,10,10,0,0,0,0,0,0,0,0,0,10,10,10,10,10,10,1400,-1,None,0,Poison,0,-1,13,90,60,10,73,168,129,149,100,20,-1,-1,0,1,212,Captain's Hat,-1,-1,-1,None,-1,-1,-1,None,-1,-1,-1,None
205,ebinit077.dat,ルピー,Rupee,Rupee,1,1,1,Red,-1,-1,3072,0,2787,3722,-1,-1,3453,12.0,10,7,13,10,10,10,0,0,0,0,0,0,0,0,0,10,10,10,10,10,10,1400,-1,None,0,Poison,0,-1,18,120,86,11,95,221,172,228,102,22,-1,-1,0,1,212,Captain's Hat,-1,-1,-1,None,-1,-1,-1,None,-1,-1,-1,None
206,ebinit078.dat,ルピー,Rupee,Rupee,1,1,1,Red,-1,-1,3072,0,4452,4994,-1,-1,4083,12.0,10,7,13,10,10,10,0,0,0,0,0,0,0,0,0,10,10,10,10,10,10,1400,-1,None,0,Poison,0,-1,23,150,117,12,116,276,216,324,104,23,-1,-1,0,1,212,Captain's Hat,-1,-1,-1,None,-1,-1,-1,None,-1,-1,-1,None
207,ebinit079.dat,ルピー,Rupee,Rupee,1,1,1,Red,-1,-1,3072,0,6452,6324,-1,-1,4606,12.0,10,7,13,10,10,10,0,0,0,0,0,0,0,0,0,10,10,10,10,10,10,1400,-1,None,0,Poison,0,-1,28,180,142,13,138,331,261,396,105,25,-1,-1,0,1,212,Captain's Hat,-1,-1,-1,None,-1,-1,-1,None,-1,-1,-1,None
208,*,バーツ,Barta,Barta,1,1,1,Red,-1,-1,4039,30,7454,644,-1,-1,4341,22.0,9,9,11,11,10,10,0,0,0,0,0,0,0,0,0,10,10,10,10,10,10,1600,-1,None,0,Poison,0,-1,15,60,46,12,116,166,127,60,126,5,-1,-1,100,1,260,Paranta Seed,-1,-1,-1,None,-1,-1,-1,None,-1,-1,-1,None
208,ebinit080.dat,バーツ,Barta,Barta,1,1,1,Red,-1,-1,4039,30,3293,396,-1,-1,3151,22.0,10,7,13,10,10,10,0,0,0,0,0,0,0,0,0,10,10,10,10,10,10,1600,-1,None,0,Poison,0,-1,10,44,44,12,85,146,134,44,126,5,-1,-1,0,1,260,Paranta Seed,-1,-1,-1,None,-1,-1,-1,None,-1,-1,-1,None
209,*,バーツ,Barta,Barta,1,1,1,Red,-1,-1,4039,31,10627,802,-1,-1,5079,22.0,9,9,11,11,10,10,0,0,0,0,0,0,0,0,0,10,10,10,10,10,10,1600,-1,None,0,Poison,0,-1,18,70,54,13,142,234,149,70,127,6,-1,-1,100,1,260,Paranta Seed,-1,-1,-1,None,-1,-1,-1,None,-1,-1,-1,None
209,ebinit081.dat,バーツ,Barta,Barta,1,1,1,Red,-1,-1,4039,31,5616,542,-1,-1,3870,22.0,10,7,13,10,10,10,0,0,0,0,0,0,0,0,0,10,10,10,10,10,10,1600,-1,None,0,Poison,0,-1,13,54,54,13,110,181,163,54,127,6,-1,-1,0,1,260,Paranta Seed,-1,-1,-1,None,-1,-1,-1,None,-1,-1,-1,None
210,*,バーツ,Barta,Barta,1,1,1,Red,-1,-1,4039,32,16980,1076,-1,-1,5776,22.0,9,9,11,11,10,10,0,0,0,0,0,0,0,0,0,10,10,10,10,10,10,1600,-1,None,0,Poison,0,-1,23,86,75,14,184,308,216,86,128,7,-1,-1,100,1,260,Paranta Seed,-1,-1,-1,None,-1,-1,-1,None,-1,-1,-1,None
210,ebinit082.dat,バーツ,Barta,Barta,1,1,1,Red,-1,-1,4039,32,10627,802,-1,-1,4709,22.0,10,7,13,10,10,10,0,0,0,0,0,0,0,0,0,10,10,10,10,10,10,1600,-1,None,0,Poison,0,-1,18,70,74,14,150,239,228,70,128,7,-1,-1,0,1,260,Paranta Seed,-1,-1,-1,None,-1,-1,-1,None,-1,-1,-1,None
211,*,バーツ,Barta,Barta,1,1,1,Red,-1,-1,4039,33,33457,1660,-1,-1,8031,22.0,9,9,11,11,10,10,0,0,0,0,0,0,0,0,0,10,10,10,10,10,10,1600,-1,None,0,Poison,0,-1,33,118,97,15,253,403,272,118,129,8,-1,-1,100,1,260,Paranta Seed,-1,-1,-1,None,-1,-1,-1,None,-1,-1,-1,None
211,ebinit083.dat,バーツ,Barta,Barta,1,1,1,Red,-1,-1,4039,33,16980,1076,-1,-1,5855,22.0,10,7,13,10,10,10,0,0,0,0,0,0,0,0,0,10,10,10,10,10,10,1600,-1,None,0,Poison,0,-1,23,86,91,15,184,300,280,86,129,8,-1,-1,0,1,260,Paranta Seed,-1,-1,-1,None,-1,-1,-1,None,-1,-1,-1,None
212,*,バーツ,Barta,Barta,1,1,1,Red,-1,-1,4039,34,47823,2091,-1,-1,8951,22.0,9,9,11,11,10,10,0,0,0,0,0,0,0,0,0,10,10,10,10,10,10,1600,-1,None,0,Poison,0,-1,40,140,147,16,316,459,450,140,130,9,-1,-1,100,1,260,Paranta Seed,-1,-1,-1,None,-1,-1,-1,None,-1,-1,-1,None
212,ebinit084.dat,バーツ,Barta,Barta,1,1,1,Red,-1,-1,4039,34,24607,1363,-1,-1,6453,22.0,10,7,13,10,10,10,0,0,0,0,0,0,0,0,0,10,10,10,10,10,10,1600,-1,None,0,Poison,0,-1,28,102,115,16,230,365,358,102,130,9,-1,-1,0,1,260,Paranta Seed,-1,-1,-1,None,-1,-1,-1,None,-1,-1,-1,None
213,*,バイス,Vize,Vize,1,1,3,Blue,-1,-1,4039,10,6829,2066,-1,-1,6757,18.0,11,9,11,10,9,10,0,0,0,0,0,0,0,0,0,10,10,10,10,10,10,1500,-1,None,0,Poison,0,-1,35,124,107,15,105,481,380,156,100,12,-1,-1,100,1,71,Tuna Cutlass,-1,-1,-1,None,-1,-1,-1,None,-1,-1,-1,None
213,ebinit085.dat,バイス,Vize,Vize,1,1,6,Neutral,-1,-1,4039,10,6829,2066,-1,-1,4276,18.0,10,10,10,10,10,10,0,0,0,0,0,0,0,0,0,10,10,10,10,10,10,1500,-1,None,0,Poison,0,-1,35,124,92,15,105,378,305,156,100,12,-1,-1,0,1,71,Tuna Cutlass,-1,-1,-1,None,-1,-1,-1,None,-1,-1,-1,None
214,*,バイス,Vize,Vize,1,1,3,Blue,-1,-1,4039,11,7955,2281,-1,-1,7392,18.0,11,9,11,10,9,10,0,0,0,0,0,0,0,0,0,10,10,10,10,10,10,1500,72,Add Fatigue + Damage,6,Fatigue,80,-1,38,134,116,16,114,525,413,168,101,13,-1,-1,100,1,71,Tuna Cutlass,-1,-1,-1,None,-1,-1,-1,None,-1,-1,-1,None
214,ebinit086.dat,バイス,Vize,Vize,1,1,6,Neutral,-1,-1,4039,11,7955,2281,-1,-1,4906,18.0,10,10,10,10,10,10,0,0,0,0,0,0,0,0,0,10,10,10,10,10,10,1500,-1,None,0,Poison,0,-1,38,134,99,16,114,408,329,168,101,13,-1,-1,0,1,71,Tuna Cutlass,-1,-1,-1,None,-1,-1,-1,None,-1,-1,-1,None
215,*,バイス,Vize,Vize,1,1,3,Blue,-1,-1,4039,12,10000,2645,-1,-1,8260,18.0,11,9,11,10,9,10,0,0,0,0,0,0,0,0,0,10,10,10,10,10,10,1500,72,Add Fatigue + Damage,6,Fatigue,80,-1,43,150,127,17,131,579,451,188,102,14,-1,-1,100,1,71,Tuna Cutlass,-1,-1,-1,None,-1,-1,-1,None,-1,-1,-1,None
215,ebinit087.dat,バイス,Vize,Vize,1,1,6,Neutral,-1,-1,4039,12,10000,2645,-1,-1,5624,18.0,10,10,10,10,10,10,0,0,0,0,0,0,0,0,0,10,10,10,10,10,10,1500,-1,None,0,Poison,0,-1,43,150,112,17,131,460,372,188,102,14,-1,-1,0,1,71,Tuna Cutlass,-1,-1,-1,None,-1,-1,-1,None,-1,-1,-1,None
216,*,バイス,Vize,Vize,1,1,3,Blue,-1,-1,4039,13,12250,3019,-1,-1,8290,18.0,11,9,11,10,9,10,0,0,0,0,0,0,0,0,0,10,10,10,10,10,10,1500,72,Add Fatigue + Damage,6,Fatigue,80,-1,48,166,140,18,147,632,495,208,103,15,-1,-1,100,1,71,Tuna Cutlass,-1,-1,-1,None,-1,-1,-1,None,-1,-1,-1,None
216,ebinit088.dat,バイス,Vize,Vize,1,1,6,Neutral,-1,-1,4039,13,12250,3019,-1,-1,6416,18.0,10,10,10,10,10,10,0,0,0,0,0,0,0,0,0,10,10,10,10,10,10,1500,-1,None,0,Poison,0,-1,48,166,123,18,147,513,411,208,103,15,-1,-1,0,1,71,Tuna Cutlass,-1,-1,-1,None,-1,-1,-1,None,-1,-1,-1,None
217,*,バイス,Vize,Vize,1,1,3,Blue,-1,-1,4039,15,14699,3400,-1,-1,9643,18.0,11,9,11,10,9,10,0,0,0,0,0,0,0,0,0,10,10,10,10,10,10,1500,72,Add Fatigue + Damage,6,Fatigue,80,-1,53,182,182,20,164,798,638,273,105,20,-1,-1,100,1,71,Tuna Cutlass,-1,-1,-1,None,-1,-1,-1,None,-1,-1,-1,None
217,ebinit089.dat,バイス,Vize,Vize,1,1,6,Neutral,-1,-1,4039,15,14699,3400,-1,-1,7025,18.0,10,10,10,10,10,10,0,0,0,0,0,0,0,0,0,10,10,10,10,10,10,1500,-1,None,0,Poison,0,-1,53,182,145,20,164,568,456,273,105,20,-1,-1,0,1,71,Tuna Cutlass,-1,-1,-1,None,-1,-1,-1,None,-1,-1,-1,None
218,*,アニタ,Anita,Anita,1,1,1,Red,-1,-1,4039,8,5918,1852,-1,-1,6241,18.0,9,9,11,11,10,10,0,0,0,0,0,0,0,0,0,10,10,10,10,10,10,1500,73,Add Weak + Damage,8,Weak,80,-1,35,278,97,10,140,403,333,249,80,10,-1,-1,100,1,72,Swirlmerang,-1,-1,-1,None,-1,-1,-1,None,-1,-1,-1,None
218,ebinit090.dat,アニタ,Anita,Anita,1,1,6,Neutral,-1,-1,4039,8,5918,1852,-1,-1,3644,18.0,10,10,10,10,10,10,0,0,0,0,0,0,0,0,0,10,10,10,10,10,10,1500,-1,None,0,Poison,0,-1,35,278,82,10,140,329,243,249,80,10,-1,-1,0,1,72,Swirlmerang,-1,-1,-1,None,-1,-1,-1,None,-1,-1,-1,None
219,*,アニタ,Anita,Anita,1,1,1,Red,-1,-1,4039,9,6895,2045,-1,-1,6737,18.0,9,9,11,11,10,10,0,0,0,0,0,0,0,0,0,10,10,10,10,10,10,1500,73,Add Weak + Damage,8,Weak,80,-1,38,308,105,11,166,443,362,268,81,11,-1,-1,100,1,72,Swirlmerang,-1,-1,-1,None,-1,-1,-1,None,-1,-1,-1,None
219,ebinit091.dat,アニタ,Anita,Anita,1,1,6,Neutral,-1,-1,4039,9,6895,2045,-1,-1,4086,18.0,10,10,10,10,10,10,0,0,0,0,0,0,0,0,0,10,10,10,10,10,10,1500,-1,None,0,Poison,0,-1,38,308,88,11,166,354,262,268,81,11,-1,-1,0,1,72,Swirlmerang,-1,-1,-1,None,-1,-1,-1,None,-1,-1,-1,None
220,*,アニタ,Anita,Anita,1,1,1,Red,-1,-1,4039,10,8667,2372,-1,-1,7677,18.0,9,9,11,11,10,10,0,0,0,0,0,0,0,0,0,10,10,10,10,10,10,1500,73,Add Weak + Damage,8,Weak,80,-1,43,358,119,12,203,472,413,304,82,12,-1,-1,100,1,72,Swirlmerang,-1,-1,-1,None,-1,-1,-1,None,-1,-1,-1,None
220,ebinit092.dat,アニタ,Anita,Anita,1,1,6,Neutral,-1,-1,4039,10,8667,2372,-1,-1,4714,18.0,10,10,10,10,10,10,0,0,0,0,0,0,0,0,0,10,10,10,10,10,10,1500,-1,None,0,Poison,0,-1,43,358,100,12,203,399,297,304,82,12,-1,-1,0,1,72,Swirlmerang,-1,-1,-1,None,-1,-1,-1,None,-1,-1,-1,None
221,*,アニタ,Anita,Anita,1,1,1,Red,-1,-1,4039,10,10616,2706,-1,-1,8657,18.0,9,9,11,11,10,10,0,0,0,0,0,0,0,0,0,10,10,10,10,10,10,1500,73,Add Weak + Damage,8,Weak,80,-1,48,408,132,12,224,523,461,336,82,12,-1,-1,100,1,72,Swirlmerang,-1,-1,-1,None,-1,-1,-1,None,-1,-1,-1,None
221,ebinit093.dat,アニタ,Anita,Anita,1,1,6,Neutral,-1,-1,4039,10,10616,2706,-1,-1,5221,18.0,10,10,10,10,10,10,0,0,0,0,0,0,0,0,0,10,10,10,10,10,10,1500,-1,None,0,Poison,0,-1,48,408,110,12,224,441,328,336,82,12,-1,-1,0,1,72,Swirlmerang,-1,-1,-1,None,-1,-1,-1,None,-1,-1,-1,None
222,*,アニタ,Anita,Anita,1,1,1,Red,-1,-1,4039,12,12739,3048,-1,-1,9314,18.0,9,9,11,11,10,10,0,0,0,0,0,0,0,0,0,10,10,10,10,10,10,1500,73,Add Weak + Damage,8,Weak,80,-1,53,458,153,14,307,608,547,373,85,15,-1,-1,100,1,72,Swirlmerang,-1,-1,-1,None,-1,-1,-1,None,-1,-1,-1,None
222,ebinit094.dat,アニタ,Anita,Anita,1,1,6,Neutral,-1,-1,4039,12,12739,3048,-1,-1,5895,18.0,10,10,10,10,10,10,0,0,0,0,0,0,0,0,0,10,10,10,10,10,10,1500,-1,None,0,Poison,0,-1,53,458,122,14,307,487,364,373,85,15,-1,-1,0,1,72,Swirlmerang,-1,-1,-1,None,-1,-1,-1,None,-1,-1,-1,None
223,*,フィーラ,Faina,Faina,1,1,4,Yellow,-1,-1,3127,0,4325,1282,-1,-1,5743,18.0,9,10,10,11,9,11,0,0,0,0,0,0,0,0,0,10,10,10,10,10,10,1500,-1,None,0,Poison,0,-1,35,386,100,8,70,286,293,312,50,8,-1,-1,100,1,121,Focus Robe,-1,-1,-1,None,-1,-1,-1,None,-1,-1,-1,None
223,ebinit095.dat,フィーラ,Faina,Faina,1,1,6,Neutral,-1,-1,4039,5,4325,1282,-1,-1,3097,18.0,10,10,10,10,10,10,0,0,0,0,0,0,0,0,0,10,10,10,10,10,10,1500,-1,None,0,Poison,0,-1,35,406,87,8,70,286,212,312,50,8,-1,-1,-1,-1,-1,None,-1,-1,-1,None,-1,-1,-1,None,-1,-1,-1,None
224,*,フィーラ,Faina,Faina,1,1,4,Yellow,-1,-1,3127,0,5039,1415,-1,-1,6361,18.0,9,10,10,11,9,11,0,0,0,0,0,0,0,0,0,10,10,10,10,10,10,1500,-1,None,0,Poison,0,-1,38,450,110,9,75,308,329,336,51,8,-1,-1,100,1,121,Focus Robe,-1,-1,-1,None,-1,-1,-1,None,-1,-1,-1,None
224,ebinit096.dat,フィーラ,Faina,Faina,1,1,6,Neutral,-1,-1,4039,6,5039,1415,-1,-1,3503,18.0,10,10,10,10,10,10,0,0,0,0,0,0,0,0,0,10,10,10,10,10,10,1500,-1,None,0,Poison,0,-1,38,470,94,9,75,308,228,336,51,8,-1,-1,-1,-1,-1,None,-1,-1,-1,None,-1,-1,-1,None,-1,-1,-1,None
225,*,フィーラ,Faina,Faina,1,1,4,Yellow,-1,-1,3127,0,6334,1642,-1,-1,7261,18.0,9,10,10,11,9,11,0,0,0,0,0,0,0,0,0,10,10,10,10,10,10,1500,-1,None,0,Poison,0,-1,43,551,129,10,84,345,391,383,52,8,-1,-1,100,1,121,Focus Robe,-1,-1,-1,None,-1,-1,-1,None,-1,-1,-1,None
225,ebinit097.dat,フィーラ,Faina,Faina,1,1,6,Neutral,-1,-1,4039,7,6334,1642,-1,-1,4040,18.0,10,10,10,10,10,10,0,0,0,0,0,0,0,0,0,10,10,10,10,10,10,1500,-1,None,0,Poison,0,-1,43,572,107,10,84,345,263,383,52,8,-1,-1,-1,-1,-1,None,-1,-1,-1,None,-1,-1,-1,None,-1,-1,-1,None
226,*,フィーラ,Faina,Faina,1,1,4,Yellow,-1,-1,3127,0,7758,1873,-1,-1,8250,18.0,9,10,10,11,9,11,0,0,0,0,0,0,0,0,0,10,10,10,10,10,10,1500,-1,None,0,Poison,0,-1,48,659,142,11,93,382,432,424,53,9,-1,-1,100,1,121,Focus Robe,-1,-1,-1,None,-1,-1,-1,None,-1,-1,-1,None
226,ebinit098.dat,フィーラ,Faina,Faina,1,1,6,Neutral,-1,-1,4039,8,7758,1873,-1,-1,4672,18.0,10,10,10,10,10,10,0,0,0,0,0,0,0,0,0,10,10,10,10,10,10,1500,-1,None,0,Poison,0,-1,48,680,119,11,93,382,291,424,53,9,-1,-1,-1,-1,-1,None,-1,-1,-1,None,-1,-1,-1,None,-1,-1,-1,None
227,*,フィーラ,Faina,Faina,1,1,4,Yellow,-1,-1,3127,0,9310,2110,-1,-1,8857,18.0,9,10,10,11,9,11,0,0,0,0,0,0,0,0,0,10,10,10,10,10,10,1500,-1,None,0,Poison,0,-1,53,773,162,12,102,421,501,474,55,10,-1,-1,100,1,121,Focus Robe,-1,-1,-1,None,-1,-1,-1,None,-1,-1,-1,None
227,ebinit099.dat,フィーラ,Faina,Faina,1,1,6,Neutral,-1,-1,4039,9,9310,2110,-1,-1,5293,18.0,10,10,10,10,10,10,0,0,0,0,0,0,0,0,0,10,10,10,10,10,10,1500,-1,None,0,Poison,0,-1,53,796,132,12,102,421,323,474,55,10,-1,-1,-1,-1,-1,None,-1,-1,-1,None,-1,-1,-1,None,-1,-1,-1,None
228,*,盗掘王シモン,Lord Bane,Lord Bane,1,1,1,Red,-1,-1,4039,34,5541,6524,-1,-1,10883,18.0,9,9,11,11,10,10,0,0,0,0,0,0,0,0,0,10,10,10,10,10,10,2200,-1,None,0,Poison,0,-1,40,140,118,137,205,420,387,204,115,34,-1,-1,10,1,263,Dexus Seed,33,1,264,Sylph Seed,50,1,265,Vidal Seed,100,1,266,Magus Seed
228,ebinit100.dat,盗掘王シモン,Lord Bane,Lord Bane,1,1,1,Red,-1,-1,4039,34,5541,6524,-1,-1,10883,18.0,10,10,10,10,10,10,0,0,0,0,0,0,0,0,0,10,10,10,10,10,10,1600,-1,None,0,Poison,0,-1,40,140,118,137,205,420,387,204,115,34,-1,-1,10,1,263,Dexus Seed,33,1,264,Sylph Seed,50,1,265,Vidal Seed,100,1,266,Magus Seed
229,*,盗掘王シモン,Lord Bane,Lord Bane,1,1,1,Red,-1,-1,4039,35,6334,7116,-1,-1,11788,18.0,9,9,11,11,10,10,0,0,0,0,0,0,0,0,0,10,10,10,10,10,10,2200,-1,None,0,Poison,0,-1,43,150,126,138,236,452,413,218,116,35,-1,-1,10,1,263,Dexus Seed,33,1,264,Sylph Seed,50,1,265,Vidal Seed,100,1,266,Magus Seed
229,ebinit101.dat,盗掘王シモン,Lord Bane,Lord Bane,1,1,1,Red,-1,-1,4039,35,6334,7116,-1,-1,11788,18.0,10,10,10,10,10,10,0,0,0,0,0,0,0,0,0,10,10,10,10,10,10,1600,-1,None,0,Poison,0,-1,43,150,126,138,236,452,413,218,116,35,-1,-1,10,1,263,Dexus Seed,33,1,264,Sylph Seed,50,1,265,Vidal Seed,100,1,266,Magus Seed
230,*,盗掘王シモン,Lord Bane,Lord Bane,1,1,1,Red,-1,-1,4039,36,7758,8120,-1,-1,13029,18.0,9,9,11,11,10,10,0,0,0,0,0,0,0,0,0,10,10,10,10,10,10,2200,-1,None,0,Poison,0,-1,48,166,141,139,280,505,465,241,117,36,-1,-1,10,1,263,Dexus Seed,33,1,264,Sylph Seed,50,1,265,Vidal Seed,100,1,266,Magus Seed
230,ebinit102.dat,盗掘王シモン,Lord Bane,Lord Bane,1,1,1,Red,-1,-1,4039,36,7758,8120,-1,-1,13029,18.0,10,10,10,10,10,10,0,0,0,0,0,0,0,0,0,10,10,10,10,10,10,1600,-1,None,0,Poison,0,-1,48,166,141,139,280,505,465,241,117,36,-1,-1,10,1,263,Dexus Seed,33,1,264,Sylph Seed,50,1,265,Vidal Seed,100,1,266,Magus Seed
231,*,盗掘王シモン,Lord Bane,Lord Bane,1,1,1,Red,-1,-1,4039,37,9310,9145,-1,-1,14462,18.0,9,9,11,11,10,10,0,0,0,0,0,0,0,0,0,10,10,10,10,10,10,2200,-1,None,0,Poison,0,-1,53,182,154,140,328,558,510,264,118,37,-1,-1,10,1,263,Dexus Seed,33,1,264,Sylph Seed,50,1,265,Vidal Seed,100,1,266,Magus Seed
231,ebinit103.dat,盗掘王シモン,Lord Bane,Lord Bane,1,1,1,Red,-1,-1,4039,37,9310,9145,-1,-1,14462,18.0,10,10,10,10,10,10,0,0,0,0,0,0,0,0,0,10,10,10,10,10,10,1600,-1,None,0,Poison,0,-1,53,182,154,140,328,558,510,264,118,37,-1,-1,10,1,263,Dexus Seed,33,1,264,Sylph Seed,50,1,265,Vidal Seed,100,1,266,Magus Seed
232,*,盗掘王シモン,Lord Bane,Lord Bane,1,1,1,Red,-1,-1,4039,38,10985,10190,-1,-1,15611,18.0,9,9,11,11,10,10,0,0,0,0,0,0,0,0,0,10,10,10,10,10,10,2200,-1,None,0,Poison,0,-1,58,198,172,140,379,612,565,297,120,38,-1,-1,10,1,263,Dexus Seed,33,1,264,Sylph Seed,50,1,265,Vidal Seed,100,1,266,Magus Seed
232,ebinit104.dat,盗掘王シモン,Lord Bane,Lord Bane,1,1,1,Red,-1,-1,4039,38,10985,10190,-1,-1,15611,18.0,10,10,10,10,10,10,0,0,0,0,0,0,0,0,0,10,10,10,10,10,10,1600,-1,None,0,Poison,0,-1,58,198,172,140,379,612,565,297,120,38,-1,-1,10,1,263,Dexus Seed,33,1,264,Sylph Seed,50,1,265,Vidal Seed,100,1,266,Magus Seed
233,*,ガンナーム,Gunarm,Gunarm,3,3,4,Yellow,-1,-1,1072,0,8452,4916,-1,-1,8052,40.0,10,10,10,10,9,11,0,0,0,0,0,0,0,0,0,10,10,10,10,10,10,2500,-1,None,0,Poison,0,-1,30,108,149,21,73,383,367,81,110,0,-1,-1,100,1,119,Berzerker Mail,-1,-1,-1,None,-1,-1,-1,None,-1,-1,-1,None
233,ebinit105.dat,ガンナーム,Gunarm,Gunarm,3,3,4,Yellow,-1,-1,1024,0,8452,4916,-1,-1,8041,40.0,10,10,10,13,7,10,0,0,0,0,0,0,0,0,0,10,10,10,10,10,10,3300,-1,None,0,Poison,0,-1,30,108,199,21,73,330,516,81,110,0,-1,-1,0,1,495,Thermal Grease,0,1,119,Berzerker Mail,-1,-1,-1,None,-1,-1,-1,None
234,*,ガンナーム,Gunarm,Gunarm,3,3,4,Yellow,-1,-1,1072,0,10099,5511,-1,-1,8796,40.0,10,10,10,10,9,11,0,0,0,0,0,0,0,0,0,10,10,10,10,10,10,2500,-1,None,0,Poison,0,-1,33,118,170,22,86,407,423,88,111,0,-1,-1,100,1,119,Berzerker Mail,-1,-1,-1,None,-1,-1,-1,None,-1,-1,-1,None
234,ebinit106.dat,ガンナーム,Gunarm,Gunarm,3,3,4,Yellow,-1,-1,1024,0,10099,5511,-1,-1,8792,40.0,10,10,10,13,7,10,0,0,0,0,0,0,0,0,0,10,10,10,10,10,10,3300,-1,None,0,Poison,0,-1,33,118,216,22,86,362,562,88,111,0,-1,-1,0,1,495,Thermal Grease,0,1,119,Berzerker Mail,-1,-1,-1,None,-1,-1,-1,None
235,*,ガンナーム,Gunarm,Gunarm,3,3,4,Yellow,-1,-1,1072,0,13126,6528,-1,-1,9792,40.0,10,10,10,10,9,11,0,0,0,0,0,0,0,0,0,10,10,10,10,10,10,2500,-1,None,0,Poison,0,-1,38,134,201,23,98,438,504,100,112,0,-1,-1,100,1,119,Berzerker Mail,-1,-1,-1,None,-1,-1,-1,None,-1,-1,-1,None
235,ebinit107.dat,ガンナーム,Gunarm,Gunarm,3,3,4,Yellow,-1,-1,1024,0,13126,6528,-1,-1,9730,40.0,10,10,10,13,7,10,0,0,0,0,0,0,0,0,0,10,10,10,10,10,10,3300,-1,None,0,Poison,0,-1,38,134,248,23,98,415,645,100,112,0,-1,-1,0,1,495,Thermal Grease,0,1,119,Berzerker Mail,-1,-1,-1,None,-1,-1,-1,None
236,*,ガンナーム,Gunarm,Gunarm,3,3,4,Yellow,-1,-1,1072,0,17945,7997,-1,-1,11496,40.0,10,10,10,10,9,11,0,0,0,0,0,0,0,0,0,10,10,10,10,10,10,2500,-1,None,0,Poison,0,-1,45,156,258,24,123,533,658,117,113,0,-1,-1,100,1,119,Berzerker Mail,-1,-1,-1,None,-1,-1,-1,None,-1,-1,-1,None
236,ebinit108.dat,ガンナーム,Gunarm,Gunarm,3,3,4,Yellow,-1,-1,1024,0,16500,7572,-1,-1,10996,40.0,10,10,10,13,7,10,0,0,0,0,0,0,0,0,0,10,10,10,10,10,10,3300,-1,None,0,Poison,0,-1,43,150,277,24,118,468,721,112,113,0,-1,-1,0,1,495,Thermal Grease,0,1,119,Berzerker Mail,-1,-1,-1,None,-1,-1,-1,None
237,*,ガンナーム,Gunarm,Gunarm,3,3,4,Yellow,-1,-1,1072,0,23419,9512,-1,-1,15409,40.0,10,10,10,10,9,11,0,0,0,0,0,0,0,0,0,10,10,10,10,10,10,2500,-1,None,0,Poison,0,-1,52,179,295,25,151,710,707,179,115,0,-1,-1,100,1,119,Berzerker Mail,-1,-1,-1,None,-1,-1,-1,None,-1,-1,-1,None
237,ebinit109.dat,ガンナーム,Gunarm,Gunarm,3,3,4,Yellow,-1,-1,1024,0,20212,8641,-1,-1,11081,40.0,10,10,10,13,7,10,0,0,0,0,0,0,0,0,0,10,10,10,10,10,10,3300,-1,None,0,Poison,0,-1,48,166,325,25,140,528,811,166,115,0,-1,-1,0,1,495,Thermal Grease,0,1,119,Berzerker Mail,-1,-1,-1,None,-1,-1,-1,None
238,*,ビゴロ,Vigoro,Vigoro,1,1,1,Red,-1,-1,4037,60,44296,11974,-1,-1,30471,18.0,9,9,11,11,10,10,0,0,0,0,0,0,0,0,0,10,10,10,10,10,10,1500,70,Add Confusion + Damage,4,Confusion,95,-1,60,204,426,20,230,904,716,563,95,20,-1,-1,100,1,213,Mesh Tights,-1,-1,-1,None,-1,-1,-1,None,-1,-1,-1,None
238,ebinit110.dat,ビゴロ,Vigoro,Vigoro,1,1,1,Red,-1,-1,4037,35,9417,16911,-1,-1,29041,18.0,9,9,11,11,10,10,0,0,0,0,0,0,0,0,0,10,10,10,10,10,10,1500,70,Add Confusion + Damage,4,Confusion,80,-1,80,268,492,20,302,1008,739,739,95,20,-1,-1,0,1,120,Light Dress,0,1,213,Mesh Tights,0,1,121,Focus Robe,-1,-1,-1,None
239,*,ビゴロ,Vigoro,Vigoro,1,1,1,Red,-1,-1,4037,70,51290,13181,-1,-1,37486,18.0,9,9,11,11,10,10,0,0,0,0,0,0,0,0,0,10,10,10,10,10,10,1500,70,Add Confusion + Damage,4,Confusion,95,-1,65,220,458,21,273,952,756,618,96,21,-1,-1,100,1,213,Mesh Tights,-1,-1,-1,None,-1,-1,-1,None,-1,-1,-1,None
239,ebinit111.dat,ビゴロ,Vigoro,Vigoro,1,1,1,Red,-1,-1,4037,35,37761,10787,-1,-1,20401,18.0,9,9,11,11,10,10,0,0,0,0,0,0,0,0,0,10,10,10,10,10,10,1500,70,Add Confusion + Damage,4,Confusion,80,-1,55,188,346,20,212,708,519,519,95,20,-1,-1,0,1,120,Light Dress,0,1,213,Mesh Tights,0,1,121,Focus Robe,-1,-1,-1,None
240,*,ビゴロ,Vigoro,Vigoro,1,1,1,Red,-1,-1,4037,80,58735,14407,-1,-1,45604,18.0,9,9,11,11,10,10,0,0,0,0,0,0,0,0,0,10,10,10,10,10,10,1500,70,Add Confusion + Damage,4,Confusion,95,-1,70,236,487,22,319,1002,793,668,97,22,-1,-1,100,1,213,Mesh Tights,-1,-1,-1,None,-1,-1,-1,None,-1,-1,-1,None
240,ebinit112.dat,ビゴロ,Vigoro,Vigoro,1,1,1,Red,-1,-1,4037,36,41627,11497,-1,-1,21326,18.0,9,9,11,11,10,10,0,0,0,0,0,0,0,0,0,10,10,10,10,10,10,1500,70,Add Confusion + Damage,4,Confusion,80,-1,58,198,370,21,245,754,555,555,96,21,-1,-1,0,1,120,Light Dress,0,1,213,Mesh Tights,0,1,121,Focus Robe,-1,-1,-1,None
241,*,ビゴロ,Vigoro,Vigoro,1,1,1,Red,-1,-1,4037,99,9417,16911,-1,-1,58136,18.0,9,9,11,11,10,10,0,0,0,0,0,0,0,0,0,10,10,10,10,10,10,1500,70,Add Confusion + Damage,4,Confusion,95,-1,80,268,555,25,423,1126,893,772,100,25,-1,-1,100,1,213,Mesh Tights,-1,-1,-1,None,-1,-1,-1,None,-1,-1,-1,None
241,ebinit113.dat,ビゴロ,Vigoro,Vigoro,1,1,1,Red,-1,-1,4037,37,48438,12696,-1,-1,23164,18.0,9,9,11,11,10,10,0,0,0,0,0,0,0,0,0,10,10,10,10,10,10,1500,70,Add Confusion + Damage,4,Confusion,80,-1,63,214,403,22,289,826,605,605,97,22,-1,-1,0,1,120,Light Dress,0,1,213,Mesh Tights,0,1,121,Focus Robe,-1,-1,-1,None
242,*,鬼ビゴロ,Vigoro,Vigoro,1,1,1,Red,-1,-1,4037,99,44967,21839,-1,-1,72818,18.0,9,9,11,11,10,10,0,0,0,0,0,0,0,0,0,10,10,10,10,10,10,1500,70,Add Confusion + Damage,4,Confusion,95,-1,99,329,659,25,519,1910,1030,947,100,25,-1,-1,100,1,213,Mesh Tights,-1,-1,-1,None,-1,-1,-1,None,-1,-1,-1,None
242,ebinit114.dat,ビゴロ,Vigoro,Vigoro,1,1,1,Red,-1,-1,4037,38,55703,13915,-1,-1,24999,18.0,9,9,11,11,10,10,0,0,0,0,0,0,0,0,0,10,10,10,10,10,10,1500,70,Add Confusion + Damage,4,Confusion,80,-1,68,230,437,23,336,900,656,656,98,23,-1,-1,0,1,120,Light Dress,0,1,213,Mesh Tights,0,1,121,Focus Robe,-1,-1,-1,None
243,*,デスハウンド,DeathHound,DeathHound,1,1,0,Green,-1,-1,4039,22,2175,818,-1,-1,3680,18.0,10,20,5,5,20,10,9,0,10,9,9,0,0,10,11,10,10,10,10,10,10,500,72,Add Fatigue + Damage,6,Fatigue,80,-1,23,115,45,12,116,221,58,216,110,22,-1,-1,-1,-1,-1,None,-1,-1,-1,None,-1,-1,-1,None,-1,-1,-1,None
243,ebinit115.dat,デスハウンド,DeathHound,DeathHound,1,1,0,Green,-1,-1,4039,22,2175,818,-1,-1,3673,18.0,10,20,5,5,20,10,9,10,10,9,9,10,0,10,11,10,10,10,10,10,10,500,-1,None,0,Poison,0,-1,23,115,72,12,116,221,216,216,110,22,-1,-1,-1,-1,-1,None,-1,-1,-1,None,-1,-1,-1,None,-1,-1,-1,None
244,*,デスバウンド,DeathHound,DeathHound,1,1,0,Green,-1,-1,4039,23,5569,1494,-1,-1,5692,18.0,10,20,5,5,20,10,9,0,10,9,9,0,0,10,11,10,10,10,10,10,10,500,72,Add Fatigue + Damage,6,Fatigue,80,-1,38,209,90,13,184,354,201,339,111,23,-1,-1,-1,-1,-1,None,-1,-1,-1,None,-1,-1,-1,None,-1,-1,-1,None
244,ebinit116.dat,デスハウンド,DeathHound,DeathHound,1,1,0,Green,-1,-1,4039,23,5569,1494,-1,-1,5688,18.0,10,20,5,5,20,10,9,10,10,9,9,10,0,10,11,10,10,10,10,10,10,500,-1,None,0,Poison,0,-1,38,209,113,13,184,345,339,339,111,23,-1,-1,-1,-1,-1,None,-1,-1,-1,None,-1,-1,-1,None,-1,-1,-1,None
245,*,デスバウンド,DeathHound,DeathHound,1,1,0,Green,-1,-1,4039,24,7000,1733,-1,-1,6338,18.0,10,20,5,5,20,10,9,0,10,9,9,0,0,10,11,10,10,10,10,10,10,500,72,Add Fatigue + Damage,6,Fatigue,80,-1,43,240,125,24,208,409,372,383,112,24,-1,-1,-1,-1,-1,None,-1,-1,-1,None,-1,-1,-1,None,-1,-1,-1,None
245,ebinit117.dat,デスハウンド,DeathHound,DeathHound,1,1,0,Green,-1,-1,4039,24,7000,1733,-1,-1,6333,18.0,10,20,5,5,20,10,9,10,10,9,9,10,0,10,11,10,10,10,10,10,10,500,-1,None,0,Poison,0,-1,43,240,127,24,208,387,383,383,112,24,-1,-1,-1,-1,-1,None,-1,-1,-1,None,-1,-1,-1,None,-1,-1,-1,None
246,*,デスバウンド,DeathHound,DeathHound,1,1,0,Green,-1,-1,4039,25,8575,1978,-1,-1,6965,18.0,10,20,5,5,20,10,9,0,10,9,9,0,0,10,11,10,10,10,10,10,10,500,72,Add Fatigue + Damage,6,Fatigue,80,-1,48,272,152,25,232,468,486,428,113,25,-1,-1,-1,-1,-1,None,-1,-1,-1,None,-1,-1,-1,None,-1,-1,-1,None
246,ebinit118.dat,デスハウンド,DeathHound,DeathHound,1,1,0,Green,-1,-1,4039,25,8575,1978,-1,-1,6933,18.0,10,20,5,5,20,10,9,10,10,9,9,10,0,10,11,10,10,10,10,10,10,500,-1,None,0,Poison,0,-1,48,272,142,25,232,429,428,428,113,25,-1,-1,-1,-1,-1,None,-1,-1,-1,None,-1,-1,-1,None,-1,-1,-1,None
247,ebinit119.dat,ヨウジン,Youjin,Youjin,1,1,3,Blue,-1,-1,4037,20,817,312,-1,-1,2273,18.0,11,9,11,10,9,10,11,10,10,10,11,0,0,5,9,10,10,10,10,10,10,800,-1,None,0,Poison,0,-1,48,166,124,25,205,439,416,332,110,10,-1,-1,-1,-1,-1,None,-1,-1,-1,None,-1,-1,-1,None,-1,-1,-1,None
248,*,ヨウジン,Youjin,Youjin,1,1,3,Blue,-1,-1,4037,20,1157,391,-1,-1,5236,18.0,10,9,10,10,9,10,11,10,10,10,11,0,0,5,9,10,10,10,10,10,10,400,-1,None,0,Poison,0,-1,58,198,132,25,245,707,401,396,110,10,-1,-1,5,1,291,Gold Pollen,-1,-1,-1,None,-1,-1,-1,None,-1,-1,-1,None
248,ebinit120.dat,ヨウジン,Youjin,Youjin,1,1,3,Blue,-1,-1,4037,20,1157,391,-1,-1,2710,18.0,11,9,11,10,9,10,11,10,10,10,11,0,0,5,9,10,10,10,10,10,10,800,-1,None,0,Poison,0,-1,58,198,148,25,245,523,496,396,110,10,-1,-1,-1,-1,-1,None,-1,-1,-1,None,-1,-1,-1,None,-1,-1,-1,None
249,ebinit121.dat,ボゥ,Boo,Boo,1,1,3,Blue,-1,-1,4039,10,3675,1145,-1,-1,2098,18.0,11,9,11,10,9,10,11,10,10,10,11,0,0,5,9,10,10,10,10,10,10,800,-1,None,0,Poison,0,-1,48,166,124,20,243,426,416,332,100,20,-1,-1,-1,-1,-1,None,-1,-1,-1,None,-1,-1,-1,None,-1,-1,-1,None
250,*,ボゥ,Boo,Boo,1,1,3,Blue,-1,-1,4039,10,5204,1437,-1,-1,5223,18.0,10,9,10,10,9,10,11,10,10,10,11,0,0,5,9,10,10,10,10,10,10,400,-1,None,0,Poison,0,-1,58,198,129,20,290,654,381,396,100,20,-1,-1,5,1,291,Gold Pollen,-1,-1,-1,None,-1,-1,-1,None,-1,-1,-1,None
250,ebinit122.dat,ボゥ,Boo,Boo,1,1,3,Blue,-1,-1,4039,10,5204,1437,-1,-1,2501,18.0,11,9,11,10,9,10,11,10,10,10,11,0,0,5,9,10,10,10,10,10,10,800,-1,None,0,Poison,0,-1,58,198,148,20,290,509,496,396,100,20,-1,-1,-1,-1,-1,None,-1,-1,-1,None,-1,-1,-1,None,-1,-1,-1,None
251,*,盗掘者シモン,Zivilyn Bane,Zivilyn Bane,1,1,1,Red,-1,-1,4039,24,817,1145,-1,-1,2526,18.0,9,9,11,11,10,10,4,4,4,4,4,0,0,5,4,10,10,10,10,10,10,400,-1,None,0,Poison,0,-1,48,166,149,24,205,381,416,332,115,24,-1,-1,-1,-1,-1,None,-1,-1,-1,None,-1,-1,-1,None,-1,-1,-1,None
251,ebinit123.dat,盗掘者シモン,Zivilyn Bane,Zivilyn Bane,1,1,1,Red,-1,-1,4039,24,817,1145,-1,-1,2797,18.0,9,9,11,11,10,10,4,4,4,4,4,0,0,5,4,10,10,10,10,10,10,800,-1,None,0,Poison,0,-1,48,166,149,24,205,481,416,332,115,24,-1,-1,-1,-1,-1,None,-1,-1,-1,None,-1,-1,-1,None,-1,-1,-1,None
252,*,盗掘者シモン,Zivilyn Bane,Zivilyn Bane,1,1,1,Red,-1,-1,4039,24,1157,1437,-1,-1,3752,18.0,9,9,11,11,10,10,4,4,4,4,4,0,0,5,4,10,10,10,10,10,10,400,-1,None,0,Poison,0,-1,58,198,178,24,245,458,496,396,115,24,-1,-1,-1,-1,-1,None,-1,-1,-1,None,-1,-1,-1,None,-1,-1,-1,None
252,ebinit124.dat,盗掘者シモン,Zivilyn Bane,Zivilyn Bane,1,1,1,Red,-1,-1,4039,24,1157,1437,-1,-1,4169,18.0,9,9,11,11,10,10,4,4,4,4,4,0,0,5,4,10,10,10,10,10,10,800,-1,None,0,Poison,0,-1,58,198,178,24,245,574,496,396,115,24,-1,-1,-1,-1,-1,None,-1,-1,-1,None,-1,-1,-1,None,-1,-1,-1,None
253,ebinit125.dat,フロック,Frock,Frock,1,1,4,Yellow,-1,-1,4037,7,491,275,-1,-1,879,5.0,10,10,10,10,10,10,0,0,0,0,0,0,0,5,0,10,10,10,10,10,10,70,-1,None,0,Poison,0,-1,38,134,103,7,151,257,235,386,72,28,-1,-1,-1,-1,-1,None,-1,-1,-1,None,-1,-1,-1,None,-1,-1,-1,None
254,*,フロック,Frock,Frock,1,1,4,Yellow,-1,-1,4085,9,971,429,-1,-1,780,5.0,9,10,10,11,9,11,0,0,0,0,0,0,0,5,0,10,10,10,10,10,10,70,-1,None,0,Poison,0,-1,55,188,125,60,220,417,212,542,75,32,-1,-1,5,1,495,Thermal Grease,-1,-1,-1,None,-1,-1,-1,None,-1,-1,-1,None
254,ebinit126.dat,フロック,Frock,Frock,1,1,4,Yellow,-1,-1,4037,9,756,364,-1,-1,1172,5.0,10,10,10,10,10,10,0,0,0,0,0,0,0,5,0,10,10,10,10,10,10,70,-1,None,0,Poison,0,-1,48,166,129,9,194,321,299,478,75,32,-1,-1,-1,-1,-1,None,-1,-1,-1,None,-1,-1,-1,None,-1,-1,-1,None
